venue_name,venue_classification,use_at_games,current_status,games_year,host_city,reasoning,host_country,award_year,precision,iso3c,gdp_per_capita,cpi_score,city_pop_thousands,city_pop_year_used,city_pop_year_gap,page_title,types,wikidata_id,wikidata_name,coords,capacity_wd,opened_year,opened_year_source,venue_age,years_since_event,years_since_construction,venue_lon,venue_lat,city_lon,city_lat,distance_mi
Panathenaic Stadium,Existing,"Athletics, artistic
gymnastics,
weightlifting",In use,1896,Athens,NA,Greece,1894,exact,GRC,NA,NA,3002.974,1975,81,Panathenaic Stadium,Olympic stadium; multi-purpose sports venue; pitch; all-seater stadium; monument; Ancient Greek stadium,http://www.wikidata.org/entity/Q208811,Panathenaic Stadium,NA,NA,NA,NA,NA,130,NA,NA,NA,23.7294821422573,37.9900827844442,NA
Phaleron Bay,Existing,Rowing,In use,1896,Athens,NA,Greece,1894,exact,GRC,NA,NA,3002.974,1975,81,Phalerum,deme,http://www.wikidata.org/entity/Q534927,Phaleron,NA,NA,NA,NA,NA,130,NA,NA,NA,23.7294821422573,37.9900827844442,NA
Bay of Zea,Existing,Swimming,In use,1896,Athens,NA,Greece,1894,exact,GRC,NA,NA,3002.974,1975,81,Bay of Zea,port,http://www.wikidata.org/entity/Q1133291,Zea harbor,NA,NA,NA,NA,NA,130,NA,NA,NA,23.7294821422573,37.9900827844442,NA
Zappeion,Existing,Fencing,In use,1896,Athens,NA,Greece,1894,exact,GRC,NA,NA,3002.974,1975,81,Zappeion,convention center,http://www.wikidata.org/entity/Q147478,Zappeion,NA,NA,NA,NA,NA,130,NA,NA,NA,23.7294821422573,37.9900827844442,NA
Athens Lawn Tennis Club,New build,Tennis,In use,1896,Athens,NA,Greece,1894,exact,GRC,NA,NA,3002.974,1975,81,Athens Lawn Tennis Club,sports club,http://www.wikidata.org/entity/Q1133297,Athens Lawn Tennis Club,NA,NA,NA,NA,NA,130,NA,NA,NA,23.7294821422573,37.9900827844442,NA
Velodrome,New build,"Cycling (track), tennis",In use (rebuilt),1896,Athens,NA,Greece,1894,exact,GRC,NA,NA,3002.974,1975,81,Athens Olympic Velodrome,velodrome,http://www.wikidata.org/entity/Q1343754,Athens Olympic Velodrome,NA,NA,NA,NA,NA,130,NA,NA,NA,23.7294821422573,37.9900827844442,NA
Kallithea stand,New build,Shooting,Not in use (demolished),1896,Athens,war - not a failure,Greece,1894,exact,GRC,NA,NA,3002.974,1975,81,2014–15 AEK Athens F.C. season,association football team season,http://www.wikidata.org/entity/Q16973387,2014–15 AEK Athens F.C. season,NA,NA,NA,NA,NA,130,NA,NA,NA,23.7294821422573,37.9900827844442,NA
Athens-Marathon-Athens,Temporary,"Cycling (road),
marathon",Dismantled (temporary),1896,Athens,NA,Greece,1894,exact,GRC,NA,NA,3002.974,1975,81,Acropolis of Athens,acropolis; Ancient Greek archaeological site,http://www.wikidata.org/entity/Q131013,Acropolis of Athens,NA,NA,NA,NA,NA,130,NA,NA,NA,23.7294821422573,37.9900827844442,NA
Croix-Catelan,Existing,"Athletics, tug of war",In use,1900,Paris,NA,France,1894,exact,FRA,NA,NA,7423.859,1975,81,Racing Club de France Football,association football club,http://www.wikidata.org/entity/Q982889,Racing Club de France,NA,NA,NA,NA,NA,126,NA,NA,NA,2.35557109932262,48.8491114639848,NA
Seine River,Existing,"Rowing, swimming, water
polo",In use,1900,Paris,NA,France,1894,exact,FRA,NA,NA,7423.859,1975,81,Seine,river,http://www.wikidata.org/entity/Q1471,Seine,NA,NA,NA,NA,NA,126,NA,NA,NA,2.35557109932262,48.8491114639848,NA
Courts de la Société des Sports de l’île de Puteaux / Cercle de Puteaux,Existing,Tennis,In use,1900,Paris,NA,France,1894,exact,FRA,NA,NA,7423.859,1975,81,Léon de Janzé,human,http://www.wikidata.org/entity/Q75447429,Léon de Janzé,NA,NA,NA,NA,NA,126,NA,NA,NA,2.35557109932262,48.8491114639848,NA
Vélodrome de Vincennes,Existing,"Cycling (track), football,
gymnastics, rugby, cricket,
archery",In use,1900,Paris,NA,France,1894,exact,FRA,NA,NA,7423.859,1975,81,Vélodrome de Vincennes,stadium; velodrome; sports venue,http://www.wikidata.org/entity/Q420494,Vélodrome de Vincennes,NA,NA,NA,NA,NA,126,NA,NA,NA,2.35557109932262,48.8491114639848,NA
Cercle de la Voile de Paris,Existing,Sailing,In use,1900,Paris,NA,France,1894,exact,FRA,NA,NA,7423.859,1975,81,List of yacht clubs that have competed for the America's Cup,Wikimedia list article,http://www.wikidata.org/entity/Q6645874,list of yacht clubs that have competed for the America's Cup,NA,NA,NA,NA,NA,126,NA,NA,NA,2.35557109932262,48.8491114639848,NA
"Cercle du Bois de Boulogne, Pelouse de Madrid",Existing,Croquet,In use,1900,Paris,NA,France,1894,exact,FRA,NA,NA,7423.859,1975,81,NA,NA,NA,NA,NA,NA,NA,NA,NA,126,NA,NA,NA,2.35557109932262,48.8491114639848,NA
"Pelouse de Bagatelle, Bois de Boulogne",Existing,Polo,In use,1900,Paris,NA,France,1894,exact,FRA,NA,NA,7423.859,1975,81,NA,NA,NA,NA,NA,NA,NA,NA,NA,126,NA,NA,NA,2.35557109932262,48.8491114639848,NA
Fronton de Neuilly / Terrain de la Société du Jeu de pelote,Existing,Basque pelota,Not in use (demolished),1900,Paris,abandoned before demolition - this is the white elephant,France,1894,exact,FRA,NA,NA,7423.859,1975,81,NA,NA,NA,NA,NA,NA,NA,NA,NA,126,NA,NA,NA,2.35557109932262,48.8491114639848,NA
Stand de l’île Séguin,Existing,Shooting,Not in use (demolished),1900,Paris,urban redevelopment - not a failure,France,1894,exact,FRA,NA,NA,7423.859,1975,81,Bordeaux,commune of France; big city,http://www.wikidata.org/entity/Q1479,Bordeaux,NA,NA,NA,NA,NA,126,NA,NA,NA,2.35557109932262,48.8491114639848,NA
Terrain de la Société des Sports de Compiègne,Existing,Golf,Not in use (demolished),1900,Paris,abandoned before demolition - this is the white elephant,France,1894,exact,FRA,NA,NA,7423.859,1975,81,Paris–Roubaix,single-day road race,http://www.wikidata.org/entity/Q33992,Paris–Roubaix,NA,NA,NA,NA,NA,126,NA,NA,NA,2.35557109932262,48.8491114639848,NA
Palais de la Société des Régates du Havre,Existing,Sailing,Not in use (demolished),1900,Paris,war - not a failure,France,1894,exact,FRA,NA,NA,7423.859,1975,81,Le Havre's old tramway,tram system,http://www.wikidata.org/entity/Q14554842,Le Havre former tramway,NA,NA,NA,NA,NA,126,NA,NA,NA,2.35557109932262,48.8491114639848,NA
Camp militaire de Satory,New build,Shooting,In use (repurposed),1900,Paris,NA,France,1894,exact,FRA,NA,NA,7423.859,1975,81,Paris Commune,organization; administrative territorial entity; insurgency; social experiment; group action; commune,http://www.wikidata.org/entity/Q133132,Paris Commune,NA,NA,NA,NA,NA,126,NA,NA,NA,2.35557109932262,48.8491114639848,NA
Place de Breteuil,Temporary,Equestrian (jumping),Dismantled (temporary),1900,Paris,NA,France,1894,exact,FRA,NA,NA,7423.859,1975,81,Émilie du Châtelet,human,http://www.wikidata.org/entity/Q7286,Émilie du Châtelet,NA,NA,NA,NA,NA,126,NA,NA,NA,2.35557109932262,48.8491114639848,NA
"Grande Salle des Fêtes de l’Exposition, Champ de Mars",Temporary,Fencing,Dismantled (temporary),1900,Paris,NA,France,1894,exact,FRA,NA,NA,7423.859,1975,81,Trocadéro Palace,destroyed building or structure,http://www.wikidata.org/entity/Q123256,Palais du Trocadéro,NA,NA,NA,NA,NA,126,NA,NA,NA,2.35557109932262,48.8491114639848,NA
"Terrasse du Jeu de Paume, Jardin des Tuileries",Temporary,Fencing,Dismantled (temporary),1900,Paris,NA,France,1894,exact,FRA,NA,NA,7423.859,1975,81,Tuileries Garden,urban park; garden; event venue,http://www.wikidata.org/entity/Q818517,Tuileries Garden,NA,NA,NA,NA,NA,126,NA,NA,NA,2.35557109932262,48.8491114639848,NA
Francis Field Stadium,Existing,"Archery, gymnastics,
athletics, cycling (track),
football, lacrosse, roque,
tug of war, weightlifting,
wrestling",In use,1904,St. Louis,NA,United States,1903,approximate,USA,NA,NA,534.077,1975,72,Francis Olympic Field,stadium,http://www.wikidata.org/entity/Q1140737,Francis Olympic Field,Point(-90.313611111 38.647777777),4000,1904,P1619,0,122,122,-90.313611111,38.647777777,-90.2810236006357,38.6569807401657,1.8719091340062695
Creve Coeur Lake,Existing,Rowing,In use,1904,St. Louis,NA,United States,1903,approximate,USA,NA,NA,534.077,1975,72,"Creve Coeur, Missouri",city in the United States,http://www.wikidata.org/entity/Q612541,Creve Coeur,NA,NA,NA,NA,NA,122,NA,NA,NA,-90.2810236006357,38.6569807401657,NA
Glen Echo Country Club,Existing,Golf,In use,1904,St. Louis,NA,United States,1903,approximate,USA,NA,NA,534.077,1975,72,Glen Echo Country Club,golf course,http://www.wikidata.org/entity/Q5567712,Glen Echo Country Club,Point(-90.3006 38.7011),NA,NA,NA,NA,122,NA,-90.3006,38.7011,-90.2810236006357,38.6569807401657,3.229668847172215
Physical Culture Gymnasium,Existing,"Boxing, fencing",In use,1904,St. Louis,NA,United States,1903,approximate,USA,NA,NA,534.077,1975,72,Gateway Arch,arch; park; architectural landmark; monument,http://www.wikidata.org/entity/Q2027162,Gateway Arch,NA,NA,NA,NA,NA,122,NA,NA,NA,-90.2810236006357,38.6569807401657,NA
Dirt Courts near Francis Field,New build,Tennis,In use (rebuilt),1904,St. Louis,NA,United States,1903,approximate,USA,NA,NA,534.077,1975,72,Saint Helena,island; crown colony,http://www.wikidata.org/entity/Q34497,Saint Helena,NA,NA,NA,NA,NA,122,NA,NA,NA,-90.2810236006357,38.6569807401657,NA
US Life Saving Lake / Life Saving Exhibition Lake,Temporary,"Swimming, diving, water polo",Dismantled (temporary),1904,St. Louis,NA,United States,1903,approximate,USA,NA,NA,534.077,1975,72,1904 Summer Olympics,Summer Olympic Games edition,http://www.wikidata.org/entity/Q8098,1904 Summer Olympics,NA,NA,NA,NA,NA,122,NA,NA,NA,-90.2810236006357,38.6569807401657,NA
All England Lawn Tennis and Croquet Club,Existing,Tennis,Not in use (demolished),1908,London,urban redevelopment - not a failure,United Kingdom,1906,approximate,GBR,NA,NA,7369.842,1975,69,All England Lawn Tennis and Croquet Club,sports club; gentlemen's club,http://www.wikidata.org/entity/Q815369,All England Lawn Tennis and Croquet Club,NA,NA,NA,NA,NA,118,NA,NA,NA,-0.1269853785119,51.508926472857,NA
Hurlingham Polo Grounds,Existing,Polo,In use,1908,London,NA,United Kingdom,1906,approximate,GBR,NA,NA,7369.842,1975,69,The Hurlingham Club,sports club,http://www.wikidata.org/entity/Q1638472,Hurlingham Club,NA,NA,NA,NA,NA,118,NA,NA,NA,-0.1269853785119,51.508926472857,NA
Northampton Institute,Existing,Boxing,In use,1908,London,NA,United Kingdom,1906,approximate,GBR,NA,NA,7369.842,1975,69,"City St George's, University of London",university,http://www.wikidata.org/entity/Q124917493,"City St George's, University of London",NA,NA,NA,NA,NA,118,NA,NA,NA,-0.1269853785119,51.508926472857,NA
Queen’s Club,Existing,Tennis,In use,1908,London,NA,United Kingdom,1906,approximate,GBR,NA,NA,7369.842,1975,69,Queen's Club,sports club; tennis venue,http://www.wikidata.org/entity/Q1748936,The Queen's Club,Point(-0.211666666 51.4875),NA,1886,P571,22,118,140,-0.211666666,51.4875,-0.1269853785119,51.508926472857,3.9361937465889993
"Prince’s Skating Club, Montpelier Square",Existing,Figure skating,Not in use (demolished),1908,London,abandoned before demolition - this is the white elephant,United Kingdom,1906,approximate,GBR,NA,NA,7369.842,1975,69,Prince's Club,sports club; gentlemen's club,http://www.wikidata.org/entity/Q7243731,Prince's Club,NA,NA,NA,NA,NA,118,NA,NA,NA,-0.1269853785119,51.508926472857,NA
"Prince’s Galleries, Piccadilly (Prince’s Hall)",Existing,Fencing,Not in use (demolished),1908,London,urban redevelopment - not a failure,United Kingdom,1906,approximate,GBR,NA,NA,7369.842,1975,69,Prince's Hall,concert hall,http://www.wikidata.org/entity/Q101037017,Prince's Hall,NA,NA,NA,NA,NA,118,NA,NA,NA,-0.1269853785119,51.508926472857,NA
Uxendon Shooting School Club,Existing,Shooting,Not in use (demolished),1908,London,urban redevelopment - not a failure,United Kingdom,1906,approximate,GBR,NA,NA,7369.842,1975,69,Uxendon Shooting School Club,sports venue,http://www.wikidata.org/entity/Q7904060,Uxendon Shooting School Club,Point(-0.285556 51.5725),NA,NA,NA,NA,118,NA,-0.285556,51.5725,-0.1269853785119,51.508926472857,8.116414523621817
London Olympic Stadium,New build,"Athletics, swimming, water polo, gymnastics, archery, cycling (track), diving, football, hockey, rugby, wrestling, lacrosse, tug-of-war, Opening Ceremony",Not in use (demolished),1908,London,urban redevelopment - not a failure,United Kingdom,1906,approximate,GBR,NA,NA,7369.842,1975,69,London Stadium,baseball venue; association football venue; rugby union venue; rugby league venue,http://www.wikidata.org/entity/Q172190,London Stadium,NA,NA,NA,NA,NA,118,NA,NA,NA,-0.1269853785119,51.508926472857,NA
Fencing Grounds,Temporary,Fencing,Dismantled (temporary),1908,London,NA,United Kingdom,1906,approximate,GBR,NA,NA,7369.842,1975,69,Fencing at the 1908 Summer Olympics,Olympic sports discipline event,http://www.wikidata.org/entity/Q908728,fencing at the 1908 Summer Olympics,NA,NA,NA,NA,NA,118,NA,NA,NA,-0.1269853785119,51.508926472857,NA
Henley Royal Regatta Course,Existing,"Rowing, canoe sprint",In use,1908,London,NA,United Kingdom,1906,approximate,GBR,NA,NA,7369.842,1975,69,Henley Royal Regatta,recurring sporting event,http://www.wikidata.org/entity/Q1543109,Henley Royal Regatta,NA,NA,NA,NA,NA,118,NA,NA,NA,-0.1269853785119,51.508926472857,NA
Southampton Water,Existing,Water motorsports,In use,1908,London,NA,United Kingdom,1906,approximate,GBR,NA,NA,7369.842,1975,69,Southampton,city; big city,http://www.wikidata.org/entity/Q79848,Southampton,NA,NA,NA,NA,NA,118,NA,NA,NA,-0.1269853785119,51.508926472857,NA
"Ryde Pier, Ryde, Isle of Wight",Existing,Sailing,In use,1908,London,NA,United Kingdom,1906,approximate,GBR,NA,NA,7369.842,1975,69,Ryde,town; civil parish,http://www.wikidata.org/entity/Q776556,Ryde,NA,NA,NA,NA,NA,118,NA,NA,NA,-0.1269853785119,51.508926472857,NA
Bisley Rifle Range,Existing,Shooting,In use,1908,London,NA,United Kingdom,1906,approximate,GBR,NA,NA,7369.842,1975,69,National Shooting Centre,shooting range; private company limited by shares,http://www.wikidata.org/entity/Q21474154,National Shooting Centre,Point(-0.6554 51.3113),NA,NA,NA,NA,118,NA,-0.6554,51.3113,-0.1269853785119,51.508926472857,26.5824643259804
"Royal Clyde Yacht Club, Hunters Quay",Existing,Sailing,In use,1908,London,NA,United Kingdom,1906,approximate,GBR,NA,NA,7369.842,1975,69,Royal Northern and Clyde Yacht Club,organization,http://www.wikidata.org/entity/Q7374603,Royal Northern and Clyde Yacht Club,NA,NA,NA,NA,NA,118,NA,NA,NA,-0.1269853785119,51.508926472857,NA
Stockholms Fältridklubbs Stadion / Stockholm Cross Country Riding Club Stadium,Existing,Eventing,In use,1912,Stockholm,NA,Sweden,1909,exact,SWE,NA,NA,783.776,1975,66,NA,NA,NA,NA,NA,NA,NA,NA,NA,114,NA,NA,NA,18.0053035962164,59.3309351708167,NA
Djurgårdsbrunnsviken,Existing,Rowing,In use,1912,Stockholm,NA,Sweden,1909,exact,SWE,NA,NA,783.776,1975,66,Djurgårdsbrunnsviken,bay,http://www.wikidata.org/entity/Q1232282,Djurgårdsbrunnsviken,NA,NA,NA,NA,NA,114,NA,NA,NA,18.0053035962164,59.3309351708167,NA
Traneberg Athletic Sports Grounds (Tranebergs Idrottsplats),Existing,Football,In use,1912,Stockholm,NA,Sweden,1909,exact,SWE,NA,NA,783.776,1975,66,1912 Summer Olympics,Summer Olympic Games edition,http://www.wikidata.org/entity/Q8118,1912 Summer Olympics,NA,NA,NA,NA,NA,114,NA,NA,NA,18.0053035962164,59.3309351708167,NA
Royal Tennis Halls (Tennishallen),Existing,Tennis,Not in use (demolished),1912,Stockholm,urban redevelopment - not a failure,Sweden,1909,exact,SWE,NA,NA,783.776,1975,66,Stockholm,city; Hanseatic city; big city; port city; largest city; national capital,http://www.wikidata.org/entity/Q1754,Stockholm,NA,NA,NA,NA,NA,114,NA,NA,NA,18.0053035962164,59.3309351708167,NA
Rasunda Athletic Sports Grounds (Rasunda Idrottsplats),Existing,Football,In use (rebuilt),1912,Stockholm,NA,Sweden,1909,exact,SWE,NA,NA,783.776,1975,66,1912 Summer Olympics,Summer Olympic Games edition,http://www.wikidata.org/entity/Q8118,1912 Summer Olympics,NA,NA,NA,NA,NA,114,NA,NA,NA,18.0053035962164,59.3309351708167,NA
Lindarängen,Existing,Eventing,Not in use (demolished),1912,Stockholm,abandoned before demolition - this is the white elephant,Sweden,1909,exact,SWE,NA,NA,783.776,1975,66,Lindarängen,neighborhood,http://www.wikidata.org/entity/Q15176488,Lindarängen,NA,NA,NA,NA,NA,114,NA,NA,NA,18.0053035962164,59.3309351708167,NA
Stockholm Olympic Stadium (Olympiastadion),New build,"Dressage, equestrian
(jumping), gymnastics,
wrestling, modern
pentathlon, football, tug of
war, Opening and Closing
Ceremonies",In use,1912,Stockholm,NA,Sweden,1909,exact,SWE,NA,NA,783.776,1975,66,Stockholm Olympic Stadium,stadium; architectural ensemble,http://www.wikidata.org/entity/Q727078,Stockholm Olympic Stadium,NA,NA,NA,NA,NA,114,NA,NA,NA,18.0053035962164,59.3309351708167,NA
Tennis Pavilion at Östermalm Athletic Grounds (Östermalm Idrottsplats),New build,"Tennis, fencing, modern  pentathlon (fencing)",In use,1912,Stockholm,NA,Sweden,1909,exact,SWE,NA,NA,783.776,1975,66,1912 Summer Olympics,Summer Olympic Games edition,http://www.wikidata.org/entity/Q8118,1912 Summer Olympics,NA,NA,NA,NA,NA,114,NA,NA,NA,18.0053035962164,59.3309351708167,NA
"Kaknäs Shooting Range, Djurgården",New build,Shooting,Not in use (demolished),1912,Stockholm,war - not a failure,Sweden,1909,exact,SWE,NA,NA,783.776,1975,66,Djurgårdens IF,sports club; alliance club,http://www.wikidata.org/entity/Q6418817,Djurgårdens IF,NA,NA,NA,NA,NA,114,NA,NA,NA,18.0053035962164,59.3309351708167,NA
"Swimming Stadium, Djurgården Bay",Temporary,"Swimming, diving, water
polo",Dismantled (temporary),1912,Stockholm,NA,Sweden,1909,exact,SWE,NA,NA,783.776,1975,66,List of sports rivalries,Wikimedia list article,http://www.wikidata.org/entity/Q117530683,list of sports rivalries,NA,NA,NA,NA,NA,114,NA,NA,NA,18.0053035962164,59.3309351708167,NA
Liljeholm Bridge-Olympic Stadium-Lake Mälär,Temporary,Cycling (road),Dismantled (temporary),1912,Stockholm,NA,Sweden,1909,exact,SWE,NA,NA,783.776,1975,66,NA,NA,NA,NA,NA,NA,NA,NA,NA,114,NA,NA,NA,18.0053035962164,59.3309351708167,NA
Råsunda,Temporary,Shooting,Dismantled (temporary),1912,Stockholm,NA,Sweden,1909,exact,SWE,NA,NA,783.776,1975,66,Råsunda Stadium,destroyed building or structure; defunct sports venue,http://www.wikidata.org/entity/Q725623,Råsunda Stadium,NA,NA,NA,NA,NA,114,NA,NA,NA,18.0053035962164,59.3309351708167,NA
Olympic Stadium-Sollentuna-Olympic Stadium,Temporary,Marathon,Dismantled (temporary),1912,Stockholm,NA,Sweden,1909,exact,SWE,NA,NA,783.776,1975,66,Football in Stockholm,sport in a geographic region,http://www.wikidata.org/entity/Q23044688,football in Stockholm,NA,NA,NA,NA,NA,114,NA,NA,NA,18.0053035962164,59.3309351708167,NA
Sandhamm,Existing,Sailing,In use,1912,Stockholm,NA,Sweden,1909,exact,SWE,NA,NA,783.776,1975,66,NA,NA,NA,NA,NA,NA,NA,NA,NA,114,NA,NA,NA,18.0053035962164,59.3309351708167,NA
Barkaby to Rinkeby,Existing,Modern pentathlon,Not in use (demolished),1912,Stockholm,urban redevelopment - not a failure,Sweden,1909,exact,SWE,NA,NA,783.776,1975,66,NA,NA,NA,NA,NA,NA,NA,NA,NA,114,NA,NA,NA,18.0053035962164,59.3309351708167,NA
Nynäshamn,New build,Sailing,In use,1912,Stockholm,NA,Sweden,1909,exact,SWE,NA,NA,783.776,1975,66,Nynäshamn,urban area in Sweden,http://www.wikidata.org/entity/Q738338,Nynäshamn,NA,NA,NA,NA,NA,114,NA,NA,NA,18.0053035962164,59.3309351708167,NA
Hoogboom Country Club,Existing,"Eventing, shooting",Not in use (demolished),1920,Antwerp,urban redevelopment - not a failure,Belgium,1914,exact,BEL,NA,NA,457.605,1975,61,1920 Summer Olympics,Summer Olympic Games edition,http://www.wikidata.org/entity/Q8128,1920 Summer Olympics,NA,NA,NA,NA,NA,106,NA,NA,NA,4.42130796484785,51.2137107113711,NA
Nightingale Park (Nachtegalenpark),Existing,Archery,In use,1920,Antwerp,NA,Belgium,1914,exact,BEL,NA,NA,457.605,1975,61,NA,NA,NA,NA,NA,NA,NA,NA,NA,106,NA,NA,NA,4.42130796484785,51.2137107113711,NA
"Celebration Hall, Royal Zoological Society (Feestzaal, Koninklijke Zoölogische Maatschappij)",Existing,"Boxing, wrestling",In use (rebuilt),1920,Antwerp,NA,Belgium,1914,exact,BEL,NA,NA,457.605,1975,61,NA,NA,NA,NA,NA,NA,NA,NA,NA,106,NA,NA,NA,4.42130796484785,51.2137107113711,NA
Royal Beerschot Tennis and Hockey Club,Existing,"Tennis, fencing",In use,1920,Antwerp,NA,Belgium,1914,exact,BEL,NA,NA,457.605,1975,61,K Beerschot VAC,association football club,http://www.wikidata.org/entity/Q685182,K. Beerschot V.A.C.,NA,NA,NA,NA,NA,106,NA,NA,NA,4.42130796484785,51.2137107113711,NA
"Flower Hall (Floraliën), Middelheim Park",Existing,"Modern pentathlon
(fencing)",Not in use (demolished),1920,Antwerp,urban redevelopment - not a failure,Belgium,1914,exact,BEL,NA,NA,457.605,1975,61,NA,NA,NA,NA,NA,NA,NA,NA,NA,106,NA,NA,NA,4.42130796484785,51.2137107113711,NA
Ice Palace,Existing,"Ice hockey,
figure skating",Not in use (demolished),1920,Antwerp,urban redevelopment - not a failure,Belgium,1914,exact,BEL,NA,NA,457.605,1975,61,1920 Summer Olympics,Summer Olympic Games edition,http://www.wikidata.org/entity/Q8128,1920 Summer Olympics,NA,NA,NA,NA,NA,106,NA,NA,NA,4.42130796484785,51.2137107113711,NA
Vélodrome d’Anvers Zurenborg,Existing,Cycling (track),Not in use (demolished),1920,Antwerp,urban redevelopment - not a failure,Belgium,1914,exact,BEL,NA,NA,457.605,1975,61,Zurenborg Velodrome,velodrome,http://www.wikidata.org/entity/Q110417402,Zurenborg velodrome,Point(4.434545607 51.20224467),NA,1894,P571,26,106,132,4.4345456069999996,51.20224467,4.42130796484785,51.2137107113711,0.9788336117421916
Stadion Broodstraat,Existing,Football,Not in use (demolished),1920,Antwerp,urban redevelopment - not a failure,Belgium,1914,exact,BEL,NA,NA,457.605,1975,61,Olympisch Stadion (Antwerp),Olympic stadium; association football venue,http://www.wikidata.org/entity/Q1057087,Olympisch Stadion Antwerp,NA,NA,NA,NA,NA,106,NA,NA,NA,4.42130796484785,51.2137107113711,NA
"Shooting Range, Het Kiel (Shieetbaan, Het Kiel)",Existing,Modern pentathlon (shooting),Not in use (demolished),1920,Antwerp,urban redevelopment - not a failure,Belgium,1914,exact,BEL,NA,NA,457.605,1975,61,NA,NA,NA,NA,NA,NA,NA,NA,NA,106,NA,NA,NA,4.42130796484785,51.2137107113711,NA
Antwerp Olympic Stadium (Olympisch Stadion),New build,"Athletics, hockey,
equestrian, gymnastics,
football, rugby, tug of
war, modern pentathlon
(running, equestrian),
weightlifting, Opening
and Closing
Ceremonies",In use,1920,Antwerp,NA,Belgium,1914,exact,BEL,NA,NA,457.605,1975,61,Olympisch Stadion (Antwerp),Olympic stadium; association football venue,http://www.wikidata.org/entity/Q1057087,Olympisch Stadion Antwerp,NA,NA,NA,NA,NA,106,NA,NA,NA,4.42130796484785,51.2137107113711,NA
Merksem-Antwerp,Temporary,"Eventing, cycling (road)",Dismantled (temporary),1920,Antwerp,NA,Belgium,1914,exact,BEL,NA,NA,457.605,1975,61,Merksem,district of Antwerp; municipality section,http://www.wikidata.org/entity/Q2543761,Merksem,NA,NA,NA,NA,NA,106,NA,NA,NA,4.42130796484785,51.2137107113711,NA
Antwerp Water Sports Stadium,Temporary,"Swimming, diving, water
polo, modern pentathlon
(swimming)",Dismantled (temporary),1920,Antwerp,NA,Belgium,1914,exact,BEL,NA,NA,457.605,1975,61,1920 Summer Olympics,Summer Olympic Games edition,http://www.wikidata.org/entity/Q8128,1920 Summer Olympics,NA,NA,NA,NA,NA,106,NA,NA,NA,4.42130796484785,51.2137107113711,NA
Duden Park Stadium,Existing,Football,In use,1920,Antwerp,NA,Belgium,1914,exact,BEL,NA,NA,457.605,1975,61,Joseph Marien Stadium,stadium,http://www.wikidata.org/entity/Q3495665,Joseph Marien Stadium,Point(4.32917 50.8178),5100,1919,P1619,1,106,107,4.32917,50.8178,4.42130796484785,51.2137107113711,27.67744553546473
Wellington Racing Track (Wellingtonrenbaan),Existing,Polo,In use,1920,Antwerp,NA,Belgium,1914,exact,BEL,NA,NA,457.605,1975,61,NA,NA,NA,NA,NA,NA,NA,NA,NA,106,NA,NA,NA,4.42130796484785,51.2137107113711,NA
Oostende,Existing,Sailing,In use,1920,Antwerp,NA,Belgium,1914,exact,BEL,NA,NA,457.605,1975,61,BC Oostende,basketball team; basketball club,http://www.wikidata.org/entity/Q161820,BC Oostende,NA,NA,NA,NA,NA,106,NA,NA,NA,4.42130796484785,51.2137107113711,NA
Willebroek Canal (Willebroekse Vaart),Existing,Rowing,In use,1920,Antwerp,NA,Belgium,1914,exact,BEL,NA,NA,457.605,1975,61,NA,NA,NA,NA,NA,NA,NA,NA,NA,106,NA,NA,NA,4.42130796484785,51.2137107113711,NA
Buiten-IJ,Existing,Sailing,In use,1920,Antwerp,NA,Belgium,1914,exact,BEL,NA,NA,457.605,1975,61,IJ (Amsterdam),channel,http://www.wikidata.org/entity/Q338137,IJ,NA,NA,NA,NA,NA,106,NA,NA,NA,4.42130796484785,51.2137107113711,NA
Beverloo Camp (Kamp Beverloo),Existing,Shooting,In use,1920,Antwerp,NA,Belgium,1914,exact,BEL,NA,NA,457.605,1975,61,Beverloo Camp,military training area,http://www.wikidata.org/entity/Q2054357,Beverloo Camp,NA,NA,NA,NA,NA,106,NA,NA,NA,4.42130796484785,51.2137107113711,NA
Jules Otten Stadium,New build,Football,Not in use (demolished),1920,Antwerp,replaced by successor stadium - not a failure,Belgium,1914,exact,BEL,NA,NA,457.605,1975,61,Jules Ottenstadion,association football venue,http://www.wikidata.org/entity/Q1711746,Jules Ottenstadion,NA,NA,NA,NA,NA,106,NA,NA,NA,4.42130796484785,51.2137107113711,NA
Piste des Pélerins,New (seasonal),Bobsleigh,Dismantled (seasonal),1924,Chamonix,NA,France,1922,approximate,FRA,NA,NA,NA,NA,NA,Chamonix,commune of France; border city,http://www.wikidata.org/entity/Q83236,Chamonix-Mont-Blanc,NA,NA,NA,NA,NA,102,NA,NA,NA,NA,NA,NA
Olympic Tennis Centre,New build,Tennis,In use,2004,Athens,NA,Greece,1997,exact,GRC,13015.9175046854,NA,3278.09,1997,0,Athens Olympic Tennis Centre,sports venue,http://www.wikidata.org/entity/Q3497458,Athens Olympic Tennis Centre,Point(23.791 38.0393),NA,NA,NA,NA,22,NA,23.791,38.0393,23.7294821422573,37.9900827844442,4.777994833460733
Agios Kosmas Olympic Sailing Centre,New build,Sailing,In use,2004,Athens,NA,Greece,1997,exact,GRC,13015.9175046854,NA,3278.09,1997,0,Agios Kosmas Olympic Sailing Centre,sports venue,http://www.wikidata.org/entity/Q1415028,Agios Kosmas Olympic Sailing Centre,Point(23.727777777 37.877777777),NA,NA,NA,NA,22,NA,23.727777777,37.877777777,23.7294821422573,37.9900827844442,7.768794541730473
Hippodrome d’Auteuil,Existing,Eventing,In use,1924,Paris,NA,France,1921,exact,FRA,NA,NA,7423.859,1975,54,Auteuil Hippodrome,horse racing venue,http://www.wikidata.org/entity/Q3135866,Auteuil Hippodrome,NA,NA,NA,NA,NA,102,NA,NA,NA,2.35557109932262,48.8491114639848,NA
Bassin d’Argenteuil,Existing,"Rowing, canoe sprint",In use,1924,Paris,NA,France,1921,exact,FRA,NA,NA,7423.859,1975,54,Paris Metro,rapid transit,http://www.wikidata.org/entity/Q50716,Paris Métro,NA,NA,NA,NA,NA,102,NA,NA,NA,2.35557109932262,48.8491114639848,NA
Vélodrome municipal de Vincennes,Existing,Cycling (track),In use,1924,Paris,NA,France,1921,exact,FRA,NA,NA,7423.859,1975,54,Vélodrome de Vincennes,stadium; velodrome; sports venue,http://www.wikidata.org/entity/Q420494,Vélodrome de Vincennes,NA,NA,NA,NA,NA,102,NA,NA,NA,2.35557109932262,48.8491114639848,NA
"Cercle de la Voile de Paris, Meulan",Existing,Sailing,In use,1924,Paris,NA,France,1921,exact,FRA,NA,NA,7423.859,1975,54,Sailing at the 1924 Summer Olympics,Olympic sports discipline event,http://www.wikidata.org/entity/Q1049223,sailing at the 1924 Summer Olympics,NA,NA,NA,NA,NA,102,NA,NA,NA,2.35557109932262,48.8491114639848,NA
Stade de Paris,Existing,Football,In use,1924,Paris,NA,France,1921,exact,FRA,NA,NA,7423.859,1975,54,Stade Pierre de Coubertin (Paris),gym; stadium; sports venue,http://www.wikidata.org/entity/Q462240,Stade Pierre de Coubertin,NA,NA,NA,NA,NA,102,NA,NA,NA,2.35557109932262,48.8491114639848,NA
Terrain de Polo de Bagatelle,Existing,Polo,In use,1924,Paris,NA,France,1921,exact,FRA,NA,NA,7423.859,1975,54,Alberto Santos-Dumont,human,http://www.wikidata.org/entity/Q313211,Alberto Santos-Dumont,NA,NA,NA,NA,NA,102,NA,NA,NA,2.35557109932262,48.8491114639848,NA
Stade Olympique de Colombes,Existing,"Athletics, gymnastics,
modern pentathlon,
cycling (road), Opening
and Closing Ceremonies",In use (rebuilt),1924,Paris,NA,France,1921,exact,FRA,NA,NA,7423.859,1975,54,Stade Yves-du-Manoir,stadium; Olympic stadium; sports venue,http://www.wikidata.org/entity/Q754502,Yves du Manoir Stadium,NA,NA,NA,NA,NA,102,NA,NA,NA,2.35557109932262,48.8491114639848,NA
Saint-Cloud Country Club,Existing,Polo,In use (repurposed),1924,Paris,NA,France,1921,exact,FRA,NA,NA,7423.859,1975,54,Anissa Lahmari,human,http://www.wikidata.org/entity/Q19842431,Anissa Lahmari,NA,NA,NA,NA,NA,102,NA,NA,NA,2.35557109932262,48.8491114639848,NA
Vélodrome d’Hiver,Existing,"Weightlifting, wrestling,
boxing, fencing",Not in use (demolished),1924,Paris,urban redevelopment - not a failure,France,1921,exact,FRA,NA,NA,7423.859,1975,54,Vélodrome d'Hiver,arena,http://www.wikidata.org/entity/Q1274969,Vélodrome d'Hiver,Point(2.288906 48.853742),NA,NA,NA,NA,102,NA,2.288906,48.853742,2.35557109932262,48.8491114639848,3.0511475562047363
Stand d’Issy-les-Moulineaux,Existing,Shooting,Not in use (demolished),1924,Paris,abandoned before demolition - this is the white elephant,France,1921,exact,FRA,NA,NA,7423.859,1975,54,Balard shooting range,shooting range,http://www.wikidata.org/entity/Q3496550,Balard shooting range,Point(2.276598231 48.833091448),NA,NA,NA,NA,102,NA,2.276598231,48.833091448,2.35557109932262,48.8491114639848,3.76212151103246
Stade Bergeyre,Existing,Football,Not in use (demolished),1924,Paris,urban redevelopment - not a failure,France,1921,exact,FRA,NA,NA,7423.859,1975,54,Stade Bergeyre,stadium,http://www.wikidata.org/entity/Q3210514,Stade Bergeyre,Point(2.37694 48.8772),15000,1918,P571,6,102,108,2.37694,48.8772,2.35557109932262,48.8491114639848,2.172655379137298
Stade d’Escrime de Colombes / Stade de Colombes,Existing,Fencing,Not in use (demolished),1924,Paris,abandoned before demolition - this is the white elephant,France,1921,exact,FRA,NA,NA,7423.859,1975,54,Raymond Gigot,human,http://www.wikidata.org/entity/Q3420884,Raymond Gigot,NA,NA,NA,NA,NA,102,NA,NA,NA,2.35557109932262,48.8491114639848,NA
Stade Pershing,Existing,Football,In use,1924,Paris,NA,France,1921,exact,FRA,NA,NA,7423.859,1975,54,Stade Pershing,sports venue,http://www.wikidata.org/entity/Q1546200,Stade Pershing,Point(2.45651 48.83042),10000,1919,P1619,5,102,107,2.45651,48.83042,2.35557109932262,48.8491114639848,4.773761372360738
Stand de Versailles,New build,Shooting,In use,1924,Paris,NA,France,1921,exact,FRA,NA,NA,7423.859,1975,54,FC Versailles 78,association football club,http://www.wikidata.org/entity/Q3076595,FC Versailles,NA,NA,NA,NA,NA,102,NA,NA,NA,2.35557109932262,48.8491114639848,NA
Stade Nautique des Tourelles / Piscine des Tourelles,New build,"Swimming, diving, water
polo, modern pentathlon
(swimming)",In use,1924,Paris,NA,France,1921,exact,FRA,NA,NA,7423.859,1975,54,Porte des Lilas station,metro station; terminus; underground station,http://www.wikidata.org/entity/Q606164,Porte des Lilas,NA,NA,NA,NA,NA,102,NA,NA,NA,2.35557109932262,48.8491114639848,NA
Auteuil-Villacoublay,Temporary,Eventing (cross-country),Dismantled (temporary),1924,Paris,NA,France,1921,exact,FRA,NA,NA,7423.859,1975,54,Vélizy-Villacoublay,commune of France,http://www.wikidata.org/entity/Q387447,Vélizy-Villacoublay,NA,NA,NA,NA,NA,102,NA,NA,NA,2.35557109932262,48.8491114639848,NA
Stade de Tennis de Colombes,Temporary,Tennis,Dismantled (temporary),1924,Paris,NA,France,1921,exact,FRA,NA,NA,7423.859,1975,54,Stade Yves-du-Manoir,stadium; Olympic stadium; sports venue,http://www.wikidata.org/entity/Q754502,Yves du Manoir Stadium,NA,NA,NA,NA,NA,102,NA,NA,NA,2.35557109932262,48.8491114639848,NA
Olympic Village,Temporary,Athlete accommodation,Dismantled (temporary),1924,Paris,NA,France,1921,exact,FRA,NA,NA,7423.859,1975,54,Olympic Village (Paris),neighborhood; Olympic Village,http://www.wikidata.org/entity/Q48747793,Olympic Village,NA,NA,NA,NA,NA,102,NA,NA,NA,2.35557109932262,48.8491114639848,NA
Camp de Châlons / Stand Olympique de Châlons -sur-Marne,Existing,Shooting,Not in use (demolished),1924,Paris,war - not a failure,France,1921,exact,FRA,NA,NA,7423.859,1975,54,List of Olympic venues in shooting,Wikimedia list article,http://www.wikidata.org/entity/Q16967578,list of Olympic venues in shooting,NA,NA,NA,NA,NA,102,NA,NA,NA,2.35557109932262,48.8491114639848,NA
Palais de la Société des Régates du Havre,Existing,Sailing,Not in use (demolished),1924,Paris,war - not a failure,France,1921,exact,FRA,NA,NA,7423.859,1975,54,Le Havre's old tramway,tram system,http://www.wikidata.org/entity/Q14554842,Le Havre former tramway,NA,NA,NA,NA,NA,102,NA,NA,NA,2.35557109932262,48.8491114639848,NA
Hippodrome du Grand Parquet,Existing,Modern pentathlon,In use,1924,Paris,NA,France,1921,exact,FRA,NA,NA,7423.859,1975,54,Musée d'Orsay,art museum; national museum,http://www.wikidata.org/entity/Q23402,Musée d'Orsay,NA,NA,NA,NA,NA,102,NA,NA,NA,2.35557109932262,48.8491114639848,NA
Parc des Sports de Reims / Stand de la Société de Tir de Reims / Stade Olympique de Reims,New build,Shooting,In use,1924,Paris,NA,France,1921,exact,FRA,NA,NA,7423.859,1975,54,NA,NA,NA,NA,NA,NA,NA,NA,NA,102,NA,NA,NA,2.35557109932262,48.8491114639848,NA
Stade Olympique de Chamonix / Stade de Glace (du Bouchet),New build,"Cross-country skiing start
and finish, curling, ice
hockey, military patrol, figure skating, speed skating, Opening and Closing Ceremonies",In use,1924,Chamonix,NA,France,1922,approximate,FRA,NA,NA,NA,NA,NA,NA,NA,NA,NA,NA,NA,NA,NA,NA,102,NA,NA,NA,NA,NA,NA
"Old Stadium, Het Nederlandsch Sportpark",Existing,"Football, hockey",Not in use (demolished),1928,Amsterdam,urban redevelopment - not a failure,Netherlands,1921,exact,NLD,NA,NA,931.822,1975,54,Olympic Stadium (Amsterdam),stadium; Olympic stadium,http://www.wikidata.org/entity/Q503319,Olympic Stadium,NA,NA,NA,NA,NA,98,NA,NA,NA,4.8680553253594,52.3683323490147,NA
Zeeburg Rifle Range,Existing,"Modern pentathlon
(shooting)",Not in use (demolished),1928,Amsterdam,urban redevelopment - not a failure,Netherlands,1921,exact,NLD,NA,NA,931.822,1975,54,Gerard van den Bergh,human,http://www.wikidata.org/entity/Q15997871,Gerard van den Bergh,NA,NA,NA,NA,NA,98,NA,NA,NA,4.8680553253594,52.3683323490147,NA
Sloten Canal,Existing,Rowing,In use,1928,Amsterdam,NA,Netherlands,1921,exact,NLD,NA,NA,931.822,1975,54,GVB (Amsterdam),business; enterprise,http://www.wikidata.org/entity/Q1808041,GVB,NA,NA,NA,NA,NA,98,NA,NA,NA,4.8680553253594,52.3683323490147,NA
Zuiderzee,Existing,Sailing,Not in use (demolished),1928,Amsterdam,urban redevelopment - not a failure,Netherlands,1921,exact,NLD,NA,NA,931.822,1975,54,Zuiderzee,inland sea; empoldered inlet,http://www.wikidata.org/entity/Q228655,Zuiderzee,NA,NA,NA,NA,NA,98,NA,NA,NA,4.8680553253594,52.3683323490147,NA
Buiten-IJ,Existing,Sailing,In use,1928,Amsterdam,NA,Netherlands,1921,exact,NLD,NA,NA,931.822,1975,54,IJ (Amsterdam),channel,http://www.wikidata.org/entity/Q338137,IJ,NA,NA,NA,NA,NA,98,NA,NA,NA,4.8680553253594,52.3683323490147,NA
Amsterdam Olympic Stadium,New build,"Equestrian (jumping),
athletics, football,
gymnastics, track cycling",In use,1928,Amsterdam,NA,Netherlands,1921,exact,NLD,NA,NA,931.822,1975,54,Olympic Stadium (Amsterdam),stadium; Olympic stadium,http://www.wikidata.org/entity/Q503319,Olympic Stadium,NA,NA,NA,NA,NA,98,NA,NA,NA,4.8680553253594,52.3683323490147,NA
Amsterdam - The Hague Road Race Course,Temporary,Road cycling,Dismantled (temporary),1928,Amsterdam,NA,Netherlands,1921,exact,NLD,NA,NA,931.822,1975,54,Amsterdam,city; cycling city; big city; cadastral populated place in the Netherlands; port city; place with town rights and privileges; largest city; national capital,http://www.wikidata.org/entity/Q727,Amsterdam,NA,NA,NA,NA,NA,98,NA,NA,NA,4.8680553253594,52.3683323490147,NA
Boxing/Wrestling Pavilion,Temporary,"Boxing, wrestling,
weightlifting",Dismantled (temporary),1928,Amsterdam,NA,Netherlands,1921,exact,NLD,NA,NA,931.822,1975,54,Krachtsportgebouw,arena,http://www.wikidata.org/entity/Q6435782,Krachtsportgebouw,Point(4.856771 52.343196),NA,NA,NA,NA,98,NA,4.856771,52.343196,4.8680553253594,52.3683323490147,1.80287461423196
Fencing Pavilion,Temporary,"Fencing, modern
pentathlon (fencing)",Dismantled (temporary),1928,Amsterdam,NA,Netherlands,1921,exact,NLD,NA,NA,931.822,1975,54,1964 New York World's Fair,world's fair,http://www.wikidata.org/entity/Q1189910,1964 New York World's Fair,NA,NA,NA,NA,NA,98,NA,NA,NA,4.8680553253594,52.3683323490147,NA
Panathenaic Stadium,Existing,Archery,In use,2004,Athens,NA,Greece,1997,exact,GRC,13015.9175046854,NA,3278.09,1997,0,Panathenaic Stadium,Olympic stadium; multi-purpose sports venue; pitch; all-seater stadium; monument; Ancient Greek stadium,http://www.wikidata.org/entity/Q208811,Panathenaic Stadium,NA,NA,NA,NA,NA,22,NA,NA,NA,23.7294821422573,37.9900827844442,NA
Karaiskakis Stadium,Existing,Football,In use,2004,Athens,NA,Greece,1997,exact,GRC,13015.9175046854,NA,3278.09,1997,0,Karaiskakis Stadium,association football venue,http://www.wikidata.org/entity/Q213508,Karaiskakis Stadium,NA,NA,NA,NA,NA,22,NA,NA,NA,23.7294821422573,37.9900827844442,NA
Markopoulo Olympic Equestrian Centre,New build,"Eventing, dressage,
jumping",In use,2004,Athens,NA,Greece,1997,exact,GRC,13015.9175046854,NA,3278.09,1997,0,Markopoulo Olympic Equestrian Centre,sports venue,http://www.wikidata.org/entity/Q1364613,Markopoulo Olympic Equestrian Centre,Point(23.971944444 37.877777777),NA,NA,NA,NA,22,NA,23.971944444,37.877777777,23.7294821422573,37.9900827844442,15.340219708606574
Galatsi Olympic Hall,New build,"Rhythmic gymnastics,
table tennis",In use,2004,Athens,NA,Greece,1997,exact,GRC,13015.9175046854,NA,3278.09,1997,0,Galatsi Olympic Hall,sports venue,http://www.wikidata.org/entity/Q3314120,Galatsi Olympic Hall,Point(23.760277777 38.027222222),NA,2004,P1619,0,22,22,23.760277777,38.027222222,23.7294821422573,37.9900827844442,3.068647548097608
Schinias Olympic Rowing and Canoeing Centre,New build,"Rowing, canoe sprint",In use,2004,Athens,NA,Greece,1997,exact,GRC,13015.9175046854,NA,3278.09,1997,0,Schinias Olympic Rowing and Canoeing Centre,rowing and canoeing venue; artificial lake,http://www.wikidata.org/entity/Q1413895,Schinias Olympic Rowing and Canoeing Centre,NA,NA,NA,NA,NA,22,NA,NA,NA,23.7294821422573,37.9900827844442,NA
James B. Sheffield Olympic Skating Rink/ Olympic Stadium,New build,"Ice hockey, speed skating,
Opening and Closing
Ceremonies",In use,1932,Lake Placid,NA,United States,1929,exact,USA,NA,NA,NA,NA,NA,James B. Sheffield Olympic Skating Rink,indoor ice rink,http://www.wikidata.org/entity/Q2588112,James B. Sheffield Olympic Skating Rink,NA,NA,NA,NA,NA,94,NA,NA,NA,NA,NA,NA
Olympic Indoor Hall,Existing,"Artistic gymnastics,
trampoline gymnastics,
basketball",In use,2004,Athens,NA,Greece,1997,exact,GRC,13015.9175046854,NA,3278.09,1997,0,Telekom Center Athens,arena,http://www.wikidata.org/entity/Q32976,Telekom Center Athens,Point(23.784676 38.037862),17600,1995,P1619,9,22,31,23.784676,38.037862,23.7294821422573,37.9900827844442,4.4687846882747175
Olympic Stadium,Existing,"Athletics, football,
Opening and Closing
Ceremonies",Dismantled (temporary),2004,Athens,NA,Greece,1997,exact,GRC,13015.9175046854,NA,3278.09,1997,0,Olympic Stadium (Athens),Olympic stadium,http://www.wikidata.org/entity/Q189663,Olympic Stadium in Athens,NA,NA,NA,NA,NA,22,NA,NA,NA,23.7294821422573,37.9900827844442,NA
Olympic Aquatics Centre,Existing,"Swimming, diving, artistic
swimming, water polo",In use,2004,Athens,NA,Greece,1997,exact,GRC,13015.9175046854,NA,3278.09,1997,0,Athens Olympic Aquatic Centre,swimming center; sports venue,http://www.wikidata.org/entity/Q902726,Athens Olympic Aquatic Centre,Point(23.7808 38.0387),NA,1991,P571,13,22,35,23.7808,38.0387,23.7294821422573,37.9900827844442,4.373825225796632
Peace and Friendship Stadium,Existing,Volleyball,In use,2004,Athens,NA,Greece,1997,exact,GRC,13015.9175046854,NA,3278.09,1997,0,Peace and Friendship Stadium,multi-purpose sports venue,http://www.wikidata.org/entity/Q2720176,Peace and Friendship Stadium,Point(23.667297 37.942475),11554,1985,P1619,19,22,41,23.667297,37.942475,23.7294821422573,37.9900827844442,4.726938661342723
Olympic Velodrome,Existing,Cycling (track),In use,2004,Athens,NA,Greece,1997,exact,GRC,13015.9175046854,NA,3278.09,1997,0,Athens Olympic Velodrome,velodrome,http://www.wikidata.org/entity/Q1343754,Athens Olympic Velodrome,NA,NA,NA,NA,NA,22,NA,NA,NA,23.7294821422573,37.9900827844442,NA
Olympic Modern Pentathlon Centre,Existing,"Modern pentathlon
(swimming, equestrian,
running)",In use,2004,Athens,NA,Greece,1997,exact,GRC,13015.9175046854,NA,3278.09,1997,0,Goudi Olympic Complex,sports venue,http://www.wikidata.org/entity/Q360677,Goudi Olympic Complex,NA,NA,NA,NA,NA,22,NA,NA,NA,23.7294821422573,37.9900827844442,NA
Olympic Sports Park Swim Stadium,Temporary,"Swimming, diving, water
polo, modern
pentathlon (swimming)",Dismantled (temporary),1928,Amsterdam,NA,Netherlands,1921,exact,NLD,NA,NA,931.822,1975,54,1928 Summer Olympics,Summer Olympic Games edition,http://www.wikidata.org/entity/Q8138,1928 Summer Olympics,NA,NA,NA,NA,NA,98,NA,NA,NA,4.8680553253594,52.3683323490147,NA
National Speed Skating Oval,New,Speed skating,In use,2022,Beijing,NA,China,2015,exact,CHN,8175.33285077393,37,15431.938,2015,0,Beijing National Speed Skating Oval,venue,http://www.wikidata.org/entity/Q20745708,National Speed Skating Oval,NA,NA,NA,NA,NA,4,NA,NA,NA,116.372224957549,39.9274890692239,NA
National Aquatics Centre,Existing,Curling,In use,2022,Beijing,NA,China,2015,exact,CHN,8175.33285077393,37,15431.938,2015,0,Water Cube,sports venue,http://www.wikidata.org/entity/Q244877,Beijing National Aquatics Center,Point(116.384166666 39.991666666),17000,2008,P1619,14,4,18,116.384166666,39.991666666,116.372224957549,39.9274890692239,4.484145309752266
National Indoor Stadium,Existing,Ice hockey,In use,2022,Beijing,NA,China,2015,exact,CHN,8175.33285077393,37,15431.938,2015,0,Beijing National Stadium,stadium,http://www.wikidata.org/entity/Q133525,Beijing National Stadium,NA,NA,NA,NA,NA,4,NA,NA,NA,116.372224957549,39.9274890692239,NA
Wukesong Sports Centre,Existing,Ice hockey,In use,2022,Beijing,NA,China,2015,exact,CHN,8175.33285077393,37,15431.938,2015,0,Wukesong Arena,stadium,http://www.wikidata.org/entity/Q1321458,Cadillac Arena,NA,NA,NA,NA,NA,4,NA,NA,NA,116.372224957549,39.9274890692239,NA
"Municipal Sports Park, Hilversum",Existing,"Equestrian (dressage
and eventing), modern
pentathlon (running)",In use,1928,Amsterdam,NA,Netherlands,1921,exact,NLD,NA,NA,931.822,1975,54,Amsterdam,city; cycling city; big city; cadastral populated place in the Netherlands; port city; place with town rights and privileges; largest city; national capital,http://www.wikidata.org/entity/Q727,Amsterdam,NA,NA,NA,NA,NA,98,NA,NA,NA,4.8680553253594,52.3683323490147,NA
Amersfoort,Existing,"Modern pentathlon
(equestrian)",Not in use (demolished),1928,Amsterdam,urban redevelopment - not a failure,Netherlands,1921,exact,NLD,NA,NA,931.822,1975,54,Amersfoort,municipality of the Netherlands,http://www.wikidata.org/entity/Q992,Amersfoort,NA,NA,NA,NA,NA,98,NA,NA,NA,4.8680553253594,52.3683323490147,NA
Earls Court Exhibition Centre,Existing,Volleyball,Not in use (demolished),2012,London,urban redevelopment - not a failure,United Kingdom,2005,exact,GBR,42240.2462987547,NA,7947.72,2005,0,Earls Court Exhibition Centre,sports venue; convention center; music venue,http://www.wikidata.org/entity/Q1130746,Earls Court Exhibition Centre,NA,NA,NA,NA,NA,14,NA,NA,NA,-0.1269853785119,51.508926472857,NA
Olympiastadion St. Moritz (St. Moritz Olympic Stadium),New build,"Figure skating, speed skating, ice hockey, Opening and Closing
Ceremonies",In use,1928,St. Moritz,NA,Switzerland,1926,exact,CHE,NA,NA,NA,NA,NA,Olympic Stadium,NA,http://www.wikidata.org/entity/Q589481,Olympic stadium,NA,NA,NA,NA,NA,98,NA,NA,NA,NA,NA,NA
Jeongseon Alpine Centre,New build,"Alpine skiing (downhill,
super G, combined)",Not in use (demolished),2018,PyeongChang,urban redevelopment - not a failure,South Korea,2011,exact,KOR,26175.2398553363,NA,NA,NA,NA,Jeongseon Alpine Centre,ski resort,http://www.wikidata.org/entity/Q3190014,Jeongseon Alpine Centre,NA,NA,NA,NA,NA,8,NA,NA,NA,NA,NA,NA
St. Moritz Olympia Bob Run,Temporary (seasonal),Bobsleigh,In use (seasonal),1928,St. Moritz,NA,Switzerland,1926,exact,CHE,NA,NA,NA,NA,NA,St. Moritz-Celerina Olympic Bobrun,bobsleigh track; artificial luge track,http://www.wikidata.org/entity/Q685571,Olympia Bob Run St. Moritz–Celerina,NA,NA,NA,NA,NA,98,NA,NA,NA,NA,NA,NA
Cresta Run,Temporary (seasonal),"Cresta (which later
evolved into skeleton)",In use (seasonal),1928,St. Moritz,NA,Switzerland,1926,exact,CHE,NA,NA,NA,NA,NA,Cresta Run,type of sport; sports venue,http://www.wikidata.org/entity/Q647714,Cresta Run,Point(9.84505 46.5026),NA,1884,P1619,44,98,142,9.84505,46.5026,NA,NA,NA
Los Angeles Olympic Stadium,Existing,"Gymnastics, hockey,
equestrian (jumping,
eventing), Opening and
Closing Ceremonies",In use,1932,Los Angeles,NA,United States,1923,exact,USA,NA,NA,7717.837,1975,52,"Los Feliz, Los Angeles",neighborhood,http://www.wikidata.org/entity/Q6682727,Los Feliz,NA,NA,NA,NA,NA,94,NA,NA,NA,-118.116720299597,33.9842364485583,NA
Rose Bowl Stadium,Existing,Cycling track,In use,1932,Los Angeles,NA,United States,1923,exact,USA,NA,NA,7717.837,1975,52,Rose Bowl (stadium),multi-purpose sports venue,http://www.wikidata.org/entity/Q582280,Rose Bowl,NA,NA,NA,NA,NA,94,NA,NA,NA,-118.116720299597,33.9842364485583,NA
Fencing Stadium/Pavilion,Existing,Fencing,In use,1932,Los Angeles,NA,United States,1923,exact,USA,NA,NA,7717.837,1975,52,1984 Summer Olympics,Summer Olympic Games edition,http://www.wikidata.org/entity/Q8456,1984 Summer Olympics,NA,NA,NA,NA,NA,94,NA,NA,NA,-118.116720299597,33.9842364485583,NA
Los Angeles Harbour,Existing,Sailing,In use,1932,Los Angeles,NA,United States,1923,exact,USA,NA,NA,7717.837,1975,52,Battle of Los Angeles,battle,http://www.wikidata.org/entity/Q1066650,Battle of Los Angeles,NA,NA,NA,NA,NA,94,NA,NA,NA,-118.116720299597,33.9842364485583,NA
Los Angeles Olympic Auditorium,Existing,"Boxing, weightlifting,
wrestling",In use (repurposed),1932,Los Angeles,NA,United States,1923,exact,USA,NA,NA,7717.837,1975,52,"Brentwood, Los Angeles",neighborhood; district or neighborhood of Los Angeles,http://www.wikidata.org/entity/Q909975,Brentwood,NA,NA,NA,NA,NA,94,NA,NA,NA,-118.116720299597,33.9842364485583,NA
Los Angeles Police Pistol Range,Existing,Shooting,In use,1932,Los Angeles,NA,United States,1923,exact,USA,NA,NA,7717.837,1975,52,"Nichols Canyon, Los Angeles",neighborhood; district or neighborhood of Los Angeles,http://www.wikidata.org/entity/Q10336698,Nichols Canyon,NA,NA,NA,NA,NA,94,NA,NA,NA,-118.116720299597,33.9842364485583,NA
Riviera Country Club,Existing,"Equestrian (eventing,
dressage), modern
pentathlon (equestrian)",In use,1932,Los Angeles,NA,United States,1923,exact,USA,NA,NA,7717.837,1975,52,Riviera Country Club,golf course; country club,http://www.wikidata.org/entity/Q7338863,Riviera Country Club,Point(-118.502 34.05),NA,1926,P571,6,94,100,-118.502,34.05,-118.116720299597,33.9842364485583,22.55302015127607
Zhangjiakou National Biathlon Centre,New,Biathlon,In use,2022,Beijing,NA,China,2015,exact,CHN,8175.33285077393,37,15431.938,2015,0,Beijing bid for the 2022 Winter Olympics,bid for the Olympic Games,http://www.wikidata.org/entity/Q15726141,Beijing bid for the 2022 Winter Olympics,NA,NA,NA,NA,NA,4,NA,NA,NA,116.372224957549,39.9274890692239,NA
Zhangjiakou National Cross-Country Skiing Centre,New,"Cross-country skiing and
Nordic combined",In use,2022,Beijing,NA,China,2015,exact,CHN,8175.33285077393,37,15431.938,2015,0,Zhangjiakou,prefecture-level city; big city,http://www.wikidata.org/entity/Q58650,Zhangjiakou,NA,NA,NA,NA,NA,4,NA,NA,NA,116.372224957549,39.9274890692239,NA
Zhangjiakou National Ski Jumping Centre,New,"Ski jumping and Nordic
combined",In use,2022,Beijing,NA,China,2015,exact,CHN,8175.33285077393,37,15431.938,2015,0,Zhangjiakou,prefecture-level city; big city,http://www.wikidata.org/entity/Q58650,Zhangjiakou,NA,NA,NA,NA,NA,4,NA,NA,NA,116.372224957549,39.9274890692239,NA
Genting Snow Park,Existing,Alpine skiing,In use,2022,Beijing,NA,China,2015,exact,CHN,8175.33285077393,37,15431.938,2015,0,Venues of the 2022 Winter Olympics and Paralympics,Wikimedia list article,http://www.wikidata.org/entity/Q20804911,Venues of the 2022 Winter Olympics and Paralympics,NA,NA,NA,NA,NA,4,NA,NA,NA,116.372224957549,39.9274890692239,NA
Zhangjiakou Olympic Village,New,Athlete accommodation,In use,2022,Beijing,NA,China,2015,exact,CHN,8175.33285077393,37,15431.938,2015,0,2022 Winter Olympics,Winter Olympic Games edition,http://www.wikidata.org/entity/Q193074,2022 Winter Olympics,NA,NA,NA,NA,NA,4,NA,NA,NA,116.372224957549,39.9274890692239,NA
Big Air Shougang,New,"Snowboard and
freestyle skiing",In use,2022,Beijing,NA,China,2015,exact,CHN,8175.33285077393,37,15431.938,2015,0,Shougang Group,business,http://www.wikidata.org/entity/Q2431894,Shougang Group,NA,NA,NA,NA,NA,4,NA,NA,NA,116.372224957549,39.9274890692239,NA
Skistadion,Existing,"Cross-country skiing
and Nordic combined
(demonstration sports:
military patrol, winter
pentathlon)",Not in use (demolished),1928,St. Moritz,urban redevelopment - not a failure,Switzerland,1926,exact,CHE,NA,NA,NA,NA,NA,Switzerland at the 1928 Winter Olympics,Olympic delegation,http://www.wikidata.org/entity/Q142777,Switzerland at the 1928 Winter Olympics,NA,NA,NA,NA,NA,98,NA,NA,NA,NA,NA,NA
Long Beach Marine Stadium,New build,Rowing,In use,1932,Los Angeles,NA,United States,1923,exact,USA,NA,NA,7717.837,1975,52,Long Beach Marine Stadium,rowing and canoeing venue,http://www.wikidata.org/entity/Q6672307,Long Beach Marine Stadium,NA,NA,NA,NA,NA,94,NA,NA,NA,-118.116720299597,33.9842364485583,NA
Swimming stadium,New build,"Swimming, diving, water
polo, modern pentathlon
(swimming)",In use,1932,Los Angeles,NA,United States,1923,exact,USA,NA,NA,7717.837,1975,52,NA,stadium; multi-purpose sports venue,NA,SoFi Stadium,NA,NA,NA,NA,NA,94,NA,NA,NA,-118.116720299597,33.9842364485583,NA
Coast Highway,Temporary,Cycling (road),Dismantled (temporary),1932,Los Angeles,NA,United States,1923,exact,USA,NA,NA,7717.837,1975,52,Pacific Coast Highway,Wikimedia disambiguation page,http://www.wikidata.org/entity/Q1525905,Pacific Coast Highway,NA,NA,NA,NA,NA,94,NA,NA,NA,-118.116720299597,33.9842364485583,NA
Griffith Park area,Temporary,Race walk,Dismantled (temporary),1932,Los Angeles,NA,United States,1923,exact,USA,NA,NA,7717.837,1975,52,"Los Feliz, Los Angeles",neighborhood,http://www.wikidata.org/entity/Q6682727,Los Feliz,NA,NA,NA,NA,NA,94,NA,NA,NA,-118.116720299597,33.9842364485583,NA
Inglewood area,Temporary,Marathon,Dismantled (temporary),1932,Los Angeles,NA,United States,1923,exact,USA,NA,NA,7717.837,1975,52,"Inglewood, California",city in the United States; big city; charter city,http://www.wikidata.org/entity/Q621549,Inglewood,NA,NA,NA,NA,NA,94,NA,NA,NA,-118.116720299597,33.9842364485583,NA
Los Angeles Olympic Village,Temporary,Athlete accommodation,Dismantled (temporary),1932,Los Angeles,NA,United States,1923,exact,USA,NA,NA,7717.837,1975,52,"Skid Row, Los Angeles",neighborhood,http://www.wikidata.org/entity/Q1057444,Skid Row,NA,NA,NA,NA,NA,94,NA,NA,NA,-118.116720299597,33.9842364485583,NA
The Arena,New build,"Ice hockey, figure skating",In use,1932,Lake Placid,NA,United States,1929,exact,USA,NA,NA,NA,NA,NA,Ice hockey at the 1980 Winter Olympics,ice hockey at the Olympic Games; Olympic sports discipline event,http://www.wikidata.org/entity/Q736827,ice hockey at the 1980 Winter Olympics,NA,NA,NA,NA,NA,94,NA,NA,NA,NA,NA,NA
E Center,Existing,Ice hockey,In use,2002,Salt Lake City,NA,United States,1995,exact,USA,28690.8757013347,NA,301.979,1995,0,Salt Lake City,county seat; city in the United States,http://www.wikidata.org/entity/Q23337,Salt Lake City,NA,NA,NA,NA,NA,24,NA,NA,NA,-111.863559667633,40.6822941399219,NA
Deer Valley Resort,Existing,"Alpine skiing, freestyle
skiing",In use,2002,Salt Lake City,NA,United States,1995,exact,USA,28690.8757013347,NA,301.979,1995,0,Deer Valley,ski resort; mountain resort,http://www.wikidata.org/entity/Q3021172,Deer Valley,NA,NA,NA,NA,NA,24,NA,NA,NA,-111.863559667633,40.6822941399219,NA
Park City Mountain Resort,Existing,"Alpine skiing,
snowboard",In use,2002,Salt Lake City,NA,United States,1995,exact,USA,28690.8757013347,NA,301.979,1995,0,"Park City, Utah",city in the United States,http://www.wikidata.org/entity/Q482993,Park City,NA,NA,NA,NA,NA,24,NA,NA,NA,-111.863559667633,40.6822941399219,NA
Salt Lake City Ice Center,Existing,"Figure skating, short track
speed skating",In use,2002,Salt Lake City,NA,United States,1995,exact,USA,28690.8757013347,NA,301.979,1995,0,Salt Lake City International Airport,international airport; airport; commercial traffic aerodrome,http://www.wikidata.org/entity/Q526488,Salt Lake City International Airport,NA,NA,NA,NA,NA,24,NA,NA,NA,-111.863559667633,40.6822941399219,NA
Salt Lake City Olympic Village,"Mixed new
build/Existing",Athlete accomodation,In use,2002,Salt Lake City,NA,United States,1995,exact,USA,28690.8757013347,NA,301.979,1995,0,Salt Lake City,county seat; city in the United States,http://www.wikidata.org/entity/Q23337,Salt Lake City,NA,NA,NA,NA,NA,24,NA,NA,NA,-111.863559667633,40.6822941399219,NA
Rice-Eccles Olympic Stadium,New,"Opening and Closing
Ceremonies",In use,2002,Salt Lake City,NA,United States,1995,exact,USA,28690.8757013347,NA,301.979,1995,0,Rice–Eccles Stadium,stadium,http://www.wikidata.org/entity/Q922761,Rice–Eccles Stadium,Point(-111.848888888 40.76),45017,1927,P1619,75,24,99,-111.848888888,40.76,-111.863559667633,40.6822941399219,5.429730491715771
Interval Ski Hill/Olympic Ski Hill,Existing,"Ski jumping, Nordic
combined",In use,1932,Lake Placid,NA,United States,1929,exact,USA,NA,NA,NA,NA,NA,Lake Placid Olympic Ski Jumping Complex,ski jumping complex,http://www.wikidata.org/entity/Q655267,Lake Placid Olympic Ski Jumping Complex,NA,NA,NA,NA,NA,94,NA,NA,NA,NA,NA,NA
Mt Van Hoevenberg Bob Run,New build,Bobsleigh,In use,1932,Lake Placid,NA,United States,1929,exact,USA,NA,NA,NA,NA,NA,Mt. Van Hoevenberg Olympic Bobsled Run,sports venue; bobsleigh track,http://www.wikidata.org/entity/Q3389263,Mt. Van Hoevenberg Olympic Bobsled Run,NA,NA,NA,NA,NA,94,NA,NA,NA,NA,NA,NA
Mount Whitney Cross-Country Skiing Route (Start and finish at the Olympic Stadium),New build,"Cross-country skiing,
Nordic combined",In use,1932,Lake Placid,NA,United States,1929,exact,USA,NA,NA,NA,NA,NA,NA,NA,NA,NA,NA,NA,NA,NA,NA,94,NA,NA,NA,NA,NA,NA
Clifford Falls Cross-Country Skiing Route,New build,Cross-country skiing,In use,1932,Lake Placid,NA,United States,1929,exact,USA,NA,NA,NA,NA,NA,Lake Placid bids for the Winter Olympics,NA,http://www.wikidata.org/entity/Q138940922,Lake Placid bids for the Winter Olympics,NA,NA,NA,NA,NA,94,NA,NA,NA,NA,NA,NA
Grünau Regatta Course,Existing,"Rowing, canoe sprint",In use,1936,Berlin,NA,Germany,1931,exact,DEU,NA,NA,3025.918,1975,44,Grünau (Berlin),locality of Berlin,http://www.wikidata.org/entity/Q643857,Grünau,NA,NA,NA,NA,NA,90,NA,NA,NA,13.3999531382876,52.5018146389819,NA
Avus Motor Road,Existing,"Athletics, cycling (road)",In use (repurposed),1936,Berlin,NA,Germany,1931,exact,DEU,NA,NA,3025.918,1975,44,AVUS,road; motorsport racing track,http://www.wikidata.org/entity/Q155810,AVUS,NA,NA,NA,NA,NA,90,NA,NA,NA,13.3999531382876,52.5018146389819,NA
Mommsen Stadium (Mommsenstadion),Existing,Football,In use,1936,Berlin,NA,Germany,1931,exact,DEU,NA,NA,3025.918,1975,44,Mommsenstadion,association football venue,http://www.wikidata.org/entity/Q880881,Mommsenstadion,NA,NA,NA,NA,NA,90,NA,NA,NA,13.3999531382876,52.5018146389819,NA
Post Stadium (Poststadion),Existing,Football,In use,1936,Berlin,NA,Germany,1931,exact,DEU,NA,NA,3025.918,1975,44,Poststadion,association football venue,http://www.wikidata.org/entity/Q176074,Poststadion,NA,NA,NA,NA,NA,90,NA,NA,NA,13.3999531382876,52.5018146389819,NA
Wannsee Golf Course,Existing,"Modern pentathlon
(running)",In use,1936,Berlin,NA,Germany,1931,exact,DEU,NA,NA,3025.918,1975,44,Wannsee,locality of Berlin,http://www.wikidata.org/entity/Q1949,Wannsee,NA,NA,NA,NA,NA,90,NA,NA,NA,13.3999531382876,52.5018146389819,NA
Shooting Ranges at Wannsee,Existing,Shooting,In use,1936,Berlin,NA,Germany,1931,exact,DEU,NA,NA,3025.918,1975,44,Wannsee,locality of Berlin,http://www.wikidata.org/entity/Q1949,Wannsee,NA,NA,NA,NA,NA,90,NA,NA,NA,13.3999531382876,52.5018146389819,NA
Tennis Courts and Tennis Stadium,Existing,"Basketball, fencing",In use,1936,Berlin,NA,Germany,1931,exact,DEU,NA,NA,3025.918,1975,44,Tennis Courts (Berlin),sports venue,http://www.wikidata.org/entity/Q7700305,Tennis Courts,Point(13.2494 52.5172),NA,NA,NA,NA,90,NA,13.2494,52.5172,13.3999531382876,52.5018146389819,6.426928784141321
Olympiaschanze St. Moritz,New build,"Ski jumping, Nordic
combined",Not in use (demolished),1928,St. Moritz,urban redevelopment - not a failure,Switzerland,1926,exact,CHE,NA,NA,NA,NA,NA,1948 Winter Olympics,international sporting event; Winter Olympic Games edition,http://www.wikidata.org/entity/Q9615,1948 Winter Olympics,NA,NA,NA,NA,NA,98,NA,NA,NA,NA,NA,NA
Saitama Stadium,Existing,Football,In use,2020,Tokyo,NA,Japan,2013,exact,JPN,41369.1948479498,74,32885.497,2013,0,Saitama Stadium 2002,association football venue,http://www.wikidata.org/entity/Q482446,Saitama Stadium 2002,NA,NA,NA,NA,NA,6,NA,NA,NA,139.655776246888,35.6661787766663,NA
International Stadium Yokohama,Existing,Football,In use,2020,Tokyo,NA,Japan,2013,exact,JPN,41369.1948479498,74,32885.497,2013,0,Nissan Stadium (Yokohama),stadium; multi-purpose sports venue,http://www.wikidata.org/entity/Q116601,International Stadium Yokohama,Point(139.606247 35.510044),72327,1998,P1619,22,6,28,139.606247,35.510044,139.655776246888,35.6661787766663,11.153558456605495
Yanqing National Alpine Skiing Centre,New,Alpine skiing,In use,2022,Beijing,NA,China,2015,exact,CHN,8175.33285077393,37,15431.938,2015,0,Yanqing National Alpine Skiing Centre,sports venue,http://www.wikidata.org/entity/Q55642733,National Alpine Skiing Centre,Point(115.8025 40.541666666),NA,NA,NA,NA,4,NA,115.8025,40.541666666,116.372224957549,39.9274890692239,52.05647972619769
Yanqing National Sliding Centre,New,"Bobsleigh, luge and
skeleton",In use,2022,Beijing,NA,China,2015,exact,CHN,8175.33285077393,37,15431.938,2015,0,Yanqing National Sliding Centre,bobsleigh track,http://www.wikidata.org/entity/Q20984069,Xiaohaituo Bobsleigh and Luge Track,NA,NA,NA,NA,NA,4,NA,NA,NA,116.372224957549,39.9274890692239,NA
Yanqing Olympic Village,New,Athlete accommodation,In use,2022,Beijing,NA,China,2015,exact,CHN,8175.33285077393,37,15431.938,2015,0,"Yanqing, Beijing",district of China; county of China,http://www.wikidata.org/entity/Q596545,Yanqing District,NA,NA,NA,NA,NA,4,NA,NA,NA,116.372224957549,39.9274890692239,NA
Sunset Fields Golf Club of Los Angeles,Existing,"Modern pentathlon
(running)",Not in use (demolished),1932,Los Angeles,urban redevelopment - not a failure,United States,1923,exact,USA,NA,NA,7717.837,1975,52,"Brentwood, Los Angeles",neighborhood; district or neighborhood of Los Angeles,http://www.wikidata.org/entity/Q909975,Brentwood,NA,NA,NA,NA,NA,94,NA,NA,NA,-118.116720299597,33.9842364485583,NA
Police Stadium (Polizeistadion),Existing,Handball,Not in use (demolished),1936,Berlin,urban redevelopment - not a failure,Germany,1931,exact,DEU,NA,NA,3025.918,1975,44,Police Stadium (Berlin),sports venue,http://www.wikidata.org/entity/Q7209505,Police Stadium,Point(13.377083 52.532972),NA,NA,NA,NA,90,NA,13.377083,52.532972,13.3999531382876,52.5018146389819,2.360403102257492
Gymnasium and Cupola Hall (Haus des Deutschen Sports),New build,"Fencing, modern
pentathlon (fencing)",In use,1936,Berlin,NA,Germany,1931,exact,DEU,NA,NA,3025.918,1975,44,Olympiapark Berlin,Olympic Park,http://www.wikidata.org/entity/Q2021465,Berlin Olympic park,NA,NA,NA,NA,NA,90,NA,NA,NA,13.3999531382876,52.5018146389819,NA
Hockey Stadium (Hockeystadion),New build,Hockey,In use (rebuilt),1936,Berlin,NA,Germany,1931,exact,DEU,NA,NA,3025.918,1975,44,List of international goals scored by Sohail Abbas,Wikimedia list article,http://www.wikidata.org/entity/Q108559703,list of international goals scored by Sohail Abbas,NA,NA,NA,NA,NA,90,NA,NA,NA,13.3999531382876,52.5018146389819,NA
Dietrich Eckart Open Air Theatre,New build,Artistic gymnastics,In use (repurposed),1936,Berlin,NA,Germany,1931,exact,DEU,NA,NA,3025.918,1975,44,Waldbühne,Q336514; outdoor cinema; music venue,http://www.wikidata.org/entity/Q644028,Waldbühne,NA,NA,NA,NA,NA,90,NA,NA,NA,13.3999531382876,52.5018146389819,NA
May Field (Mai-feld),New build,"Equestrian (dressage),
polo",In use,1936,Berlin,NA,Germany,1931,exact,DEU,NA,NA,3025.918,1975,44,Berlin Tempelhof Airport,international airport; former aerodrome,http://www.wikidata.org/entity/Q9686,Berlin-Tempelhof Airport,NA,NA,NA,NA,NA,90,NA,NA,NA,13.3999531382876,52.5018146389819,NA
Berlin Olympic Stadium,New build,"Athletics, football,
handball, equestrian
(jumping), Opening and
Closing Ceremonies",In use,1936,Berlin,NA,Germany,1931,exact,DEU,NA,NA,3025.918,1975,44,Olympiastadion (Berlin),Olympic stadium,http://www.wikidata.org/entity/Q151374,Berlin Olympic Stadium,NA,NA,NA,NA,NA,90,NA,NA,NA,13.3999531382876,52.5018146389819,NA
Berlin Olympic Swimming Stadium,New build,"Swimming, diving, water
polo, modern pentathlon
(swimming)",In use,1936,Berlin,NA,Germany,1931,exact,DEU,NA,NA,3025.918,1975,44,Olympiastadion (Berlin),Olympic stadium,http://www.wikidata.org/entity/Q151374,Berlin Olympic Stadium,NA,NA,NA,NA,NA,90,NA,NA,NA,13.3999531382876,52.5018146389819,NA
Stadion am Gesundbrunnen (Herta-BSC ground),Existing,Football,Not in use (demolished),1936,Berlin,urban redevelopment - not a failure,Germany,1931,exact,DEU,NA,NA,3025.918,1975,44,Hertha BSC,association football club,http://www.wikidata.org/entity/Q102720,Hertha BSC,NA,NA,NA,NA,NA,90,NA,NA,NA,13.3999531382876,52.5018146389819,NA
Shooting Ranges at Ruhleben,Existing,"Modern pentathlon
(shooting)",Not in use (demolished),1936,Berlin,urban redevelopment - not a failure,Germany,1931,exact,DEU,NA,NA,3025.918,1975,44,"Murellen mountains, Murellen gorge and Schanzenwald forest",hill group,http://www.wikidata.org/entity/Q1953639,"Murellen mountains, Murellen gorge and Schanzenwald forest",NA,NA,NA,NA,NA,90,NA,NA,NA,13.3999531382876,52.5018146389819,NA
Hindmarsh Stadium,Existing,Football,In use,2000,Sydney,NA,Australia,1993,exact,AUS,17724.5399501656,NA,2814.738,1993,0,Hindmarsh Stadium,association football venue,http://www.wikidata.org/entity/Q927462,Hindmarsh Stadium,NA,NA,NA,NA,NA,26,NA,NA,NA,151.078965122611,-33.8589905191914,NA
Melbourne Cricket Ground,Existing,Football,In use,2000,Sydney,NA,Australia,1993,exact,AUS,17724.5399501656,NA,2814.738,1993,0,Sydney Cricket Ground,stadium; cricket field; rugby union venue,http://www.wikidata.org/entity/Q856393,Sydney Cricket Ground,NA,NA,NA,NA,NA,26,NA,NA,NA,151.078965122611,-33.8589905191914,NA
Snowbasin Ski Area,Existing,Alpine skiing,In use,2002,Salt Lake City,NA,United States,1995,exact,USA,28690.8757013347,NA,301.979,1995,0,Snowbasin,ski resort,http://www.wikidata.org/entity/Q2665933,Snowbasin,NA,NA,NA,NA,NA,24,NA,NA,NA,-111.863559667633,40.6822941399219,NA
The Ice Sheet at Ogden,Existing,Curling,In use,2002,Salt Lake City,NA,United States,1995,exact,USA,28690.8757013347,NA,301.979,1995,0,The Ice Sheet at Ogden,sports venue,http://www.wikidata.org/entity/Q3821992,The Ice Sheet at Ogden,Point(-111.946389 41.183333),2000,NA,NA,NA,24,NA,-111.946389,41.183333,-111.863559667633,40.6822941399219,34.926548495657755
Utah Olympic Park,New build,"Bobsleigh, luge,
skeleton, Nordic
combined, ski jumping",In use,2002,Salt Lake City,NA,United States,1995,exact,USA,28690.8757013347,NA,301.979,1995,0,"Park City, Utah",city in the United States,http://www.wikidata.org/entity/Q482993,Park City,NA,NA,NA,NA,NA,24,NA,NA,NA,-111.863559667633,40.6822941399219,NA
Peaks Ice Arena,New build,Ice hockey,In use,2002,Salt Lake City,NA,United States,1995,exact,USA,28690.8757013347,NA,301.979,1995,0,Peaks Ice Arena,sports venue,http://www.wikidata.org/entity/Q3822288,Peaks Ice Arena,Point(-111.638056 40.234722),2300,1997,P571,5,24,29,-111.638056,40.234722,-111.863559667633,40.6822941399219,33.15589472172546
Utah Olympic Oval,New build,Speed skating,In use,2002,Salt Lake City,NA,United States,1995,exact,USA,28690.8757013347,NA,301.979,1995,0,2034 Winter Olympics,Winter Olympic Games edition,http://www.wikidata.org/entity/Q113511381,2034 Winter Olympics,NA,NA,NA,NA,NA,24,NA,NA,NA,-111.863559667633,40.6822941399219,NA
Soldier Hollow,New build,"Biathlon, cross-country
skiing, Nordic
combined",In use,2002,Salt Lake City,NA,United States,1995,exact,USA,28690.8757013347,NA,301.979,1995,0,Soldier Hollow,sports venue,http://www.wikidata.org/entity/Q1111563,Soldier Hollow,Point(-111.497 40.4792),NA,NA,NA,NA,24,NA,-111.497,40.4792,-111.863559667633,40.6822941399219,23.836627846478972
Cycling Stadium (Olympia-Radstadion),Temporary,Cycling (track),Dismantled (temporary),1936,Berlin,NA,Germany,1931,exact,DEU,NA,NA,3025.918,1975,44,Olympiapark (Munich),park; cultural heritage ensemble; Olympic Park,http://www.wikidata.org/entity/Q383296,Olympiapark,NA,NA,NA,NA,NA,90,NA,NA,NA,13.3999531382876,52.5018146389819,NA
Kiel Bay,Existing,Sailing,In use,1936,Berlin,NA,Germany,1931,exact,DEU,NA,NA,3025.918,1975,44,Bay of Kiel,cove; bay,http://www.wikidata.org/entity/Q698126,Bay of Kiel,NA,NA,NA,NA,NA,90,NA,NA,NA,13.3999531382876,52.5018146389819,NA
Deutschlandhalle,New build,"Boxing, wrestling,
weightlifting",Not in use (demolished),1936,Berlin,urban redevelopment - not a failure,Germany,1931,exact,DEU,NA,NA,3025.918,1975,44,Deutschlandhalle,steel design; multi-purpose hall; destroyed building or structure,http://www.wikidata.org/entity/Q685725,Deutschlandhalle,NA,NA,NA,NA,NA,90,NA,NA,NA,13.3999531382876,52.5018146389819,NA
Olympia-Kunsteisstadion/ Eisstadium (Olympia Artificial Ice Stadium),New build,"Ice hockey, figure skating",In use,1936,Garmisch-Partenkirchen,NA,Germany,1933,exact,DEU,NA,NA,NA,NA,NA,NA,NA,NA,NA,NA,NA,NA,NA,NA,90,NA,NA,NA,NA,NA,NA
Olympia Skistadion,New build,"Ski jumping, Nordic
combined, cross-country skiing, Opening
and Closing Ceremonies,
military patrol
(demonstration sport)",In use,1936,Garmisch-Partenkirchen,NA,Germany,1933,exact,DEU,NA,NA,NA,NA,NA,Große Olympiaschanze,ski jumping hill,http://www.wikidata.org/entity/Q669932,Große Olympiaschanze,NA,NA,NA,NA,NA,90,NA,NA,NA,NA,NA,NA
Gudiberg,New build,"Alpine skiing, cross-country skiing, Nordic combined",In use,1936,Garmisch-Partenkirchen,NA,Germany,1933,exact,DEU,NA,NA,NA,NA,NA,1936 Winter Olympics,Winter Olympic Games edition,http://www.wikidata.org/entity/Q9600,1936 Winter Olympics,NA,NA,NA,NA,NA,90,NA,NA,NA,NA,NA,NA
Olympia Eissportplatz am Riessersee / Riessersee Ice Rink,Temporary (seasonal),"Ice hockey, speed skating",Dismantled (seasonal),1936,Garmisch-Partenkirchen,NA,Germany,1933,exact,DEU,NA,NA,NA,NA,NA,NA,NA,NA,NA,NA,NA,NA,NA,NA,90,NA,NA,NA,NA,NA,NA
Olympia Bobbahn,Temporary (seasonal),Bobsleigh,Dismantled (seasonal),1936,Garmisch-Partenkirchen,NA,Germany,1933,exact,DEU,NA,NA,NA,NA,NA,NA,NA,NA,NA,NA,NA,NA,NA,NA,90,NA,NA,NA,NA,NA,NA
Kreuzeck-Gebiet,New build,Alpine skiing,In use,1936,Garmisch-Partenkirchen,NA,Germany,1933,exact,DEU,NA,NA,NA,NA,NA,Spain at the 1936 Winter Olympics,Olympic delegation,http://www.wikidata.org/entity/Q150493,Spain at the 1936 Winter Olympics,NA,NA,NA,NA,NA,90,NA,NA,NA,NA,NA,NA
Empire Stadium (Wembley),Existing,"Athletics, Opening and
Closing Ceremonies",In use (rebuilt),1948,London,NA,United Kingdom,1946,exact,GBR,NA,NA,7369.842,1975,29,Wembley Stadium (1923),destroyed building or structure; defunct sports venue,http://www.wikidata.org/entity/Q43279,Wembley Stadium,Point(-0.279722222 51.555555555),82000,1923,P1619,25,78,103,-0.279722222,51.555555555,-0.1269853785119,51.508926472857,7.320966625103127
"Lyons Sports Ground, Sudbury Hill",Existing,Field hockey,In use,1948,London,NA,United Kingdom,1946,exact,GBR,NA,NA,7369.842,1975,29,"Sudbury, London",suburb; area of London,http://www.wikidata.org/entity/Q146346,Sudbury,NA,NA,NA,NA,NA,78,NA,NA,NA,-0.1269853785119,51.508926472857,NA
Polytechnic Stadium,Existing,Field hockey,In use,1948,London,NA,United Kingdom,1946,exact,GBR,NA,NA,7369.842,1975,29,Polytechnic Stadium (London),stadium; sports venue,http://www.wikidata.org/entity/Q7757711,The Polytechnic Stadium,Point(-0.267532 51.476463),NA,NA,NA,NA,78,NA,-0.267532,51.476463,-0.1269853785119,51.508926472857,6.455996360610078
Herne Hill Track/ Velodrome,Existing,Cycling (track),In use,1948,London,NA,United Kingdom,1946,exact,GBR,NA,NA,7369.842,1975,29,Herne Hill Velodrome,sports venue,http://www.wikidata.org/entity/Q2126703,Herne Hill Velodrome,Point(-0.091389 51.451111),NA,NA,NA,NA,78,NA,-0.091389,51.451111,-0.1269853785119,51.508926472857,4.28306524170384
Champion Hill,Existing,Football,In use,1948,London,NA,United Kingdom,1946,exact,GBR,NA,NA,7369.842,1975,29,Champion Hill,sports venue,http://www.wikidata.org/entity/Q5069998,Champion Hill,Point(-0.084061 51.461231),3000,1912,P1619,36,78,114,-0.084061,51.461231,-0.1269853785119,51.508926472857,3.781908990349881
Craven Cottage,Existing,Football,In use,1948,London,NA,United Kingdom,1946,exact,GBR,NA,NA,7369.842,1975,29,Craven Cottage,association football venue,http://www.wikidata.org/entity/Q318043,Craven Cottage,NA,NA,NA,NA,NA,78,NA,NA,NA,-0.1269853785119,51.508926472857,NA
Selhurst Park,Existing,Football,In use,1948,London,NA,United Kingdom,1946,exact,GBR,NA,NA,7369.842,1975,29,Selhurst,suburb; area of London,http://www.wikidata.org/entity/Q2268251,Selhurst,NA,NA,NA,NA,NA,78,NA,NA,NA,-0.1269853785119,51.508926472857,NA
Finchley Pool,Existing,Water polo,In use (rebuilt),1948,London,NA,United Kingdom,1946,exact,GBR,NA,NA,7369.842,1975,29,North Finchley,suburb; area of London,http://www.wikidata.org/entity/Q150209,North Finchley,NA,NA,NA,NA,NA,78,NA,NA,NA,-0.1269853785119,51.508926472857,NA
White Hart Lane,Existing,Football,In use (rebuilt),1948,London,NA,United Kingdom,1946,exact,GBR,NA,NA,7369.842,1975,29,White Hart Lane,association football venue; defunct sports venue,http://www.wikidata.org/entity/Q186425,White Hart Lane,Point(-0.065833333 51.603333333),36284,1899,P1619,49,78,127,-0.065833333,51.603333333,-0.1269853785119,51.508926472857,7.039905318439585
Empire Pool,Existing,"Swimming, diving, water
polo, boxing",In use (repurposed),1948,London,NA,United Kingdom,1946,exact,GBR,NA,NA,7369.842,1975,29,Wembley Arena,multi-purpose hall; indoor arena,http://www.wikidata.org/entity/Q815571,Wembley Arena,NA,NA,NA,NA,NA,78,NA,NA,NA,-0.1269853785119,51.508926472857,NA
Enoshima Yacht Harbour,Existing,Sailing,In use,2020,Tokyo,NA,Japan,2013,exact,JPN,41369.1948479498,74,32885.497,2013,0,Sailing at the 2020 Summer Olympics – Laser,Olympic sporting event,http://www.wikidata.org/entity/Q65229879,sailing at the 2020 Summer Olympics – Laser,NA,NA,NA,NA,NA,6,NA,NA,NA,139.655776246888,35.6661787766663,NA
New South Wales Tennis Centre,New build,Tennis,In use,2000,Sydney,NA,Australia,1993,exact,AUS,17724.5399501656,NA,2814.738,1993,0,Sydney Olympic Park Tennis Centre,sports venue,http://www.wikidata.org/entity/Q2759057,Sydney Olympic Park Tennis Centre,Point(151.072222 -33.855),10000,1999,P1619,1,26,27,151.072222,-33.855,151.078965122611,-33.8589905191914,0.47562643651211745
Penrith Whitewater Stadium,New build,Canoe slalom,In use,2000,Sydney,NA,Australia,1993,exact,AUS,17724.5399501656,NA,2814.738,1993,0,Penrith Whitewater Stadium,artificial whitewater,http://www.wikidata.org/entity/Q1354174,Penrith Whitewater Stadium,NA,NA,NA,NA,NA,26,NA,NA,NA,151.078965122611,-33.8589905191914,NA
Baseball Stadium,New build,"Baseball, modern
pentathlon (equestrian,
running)",In use,2000,Sydney,NA,Australia,1993,exact,AUS,17724.5399501656,NA,2814.738,1993,0,Sydney Showground Stadium,stadium,http://www.wikidata.org/entity/Q5359559,Sydney Showground Stadium,Point(151.067778 -33.843056),25000,1998,P571,2,26,28,151.067778,-33.843056,151.078965122611,-33.8589905191914,1.2758749221087584
Blacktown Baseball Centre,New build,Baseball,In use,2000,Sydney,NA,Australia,1993,exact,AUS,17724.5399501656,NA,2814.738,1993,0,Blacktown,suburb,http://www.wikidata.org/entity/Q4216448,Blacktown,NA,NA,NA,NA,NA,26,NA,NA,NA,151.078965122611,-33.8589905191914,NA
Mountain Bike Course,New build,Mountain bike,In use,2000,Sydney,NA,Australia,1993,exact,AUS,17724.5399501656,NA,2814.738,1993,0,Mountain biking in Australia,sport in a geographic region,http://www.wikidata.org/entity/Q6925449,mountain biking in Australia,NA,NA,NA,NA,NA,26,NA,NA,NA,151.078965122611,-33.8589905191914,NA
Softball Centre,New build,Softball,In use,2000,Sydney,NA,Australia,1993,exact,AUS,17724.5399501656,NA,2814.738,1993,0,Blacktown International Sportspark,cricket field,http://www.wikidata.org/entity/Q2905603,Blacktown Baseball Stadium,Point(150.855278 -33.770556),3000,1999,P1619,1,26,27,150.855278,-33.770556,151.078965122611,-33.8589905191914,14.236485497361064
Sydney International Archery Park,New build,Archery,In use,2000,Sydney,NA,Australia,1993,exact,AUS,17724.5399501656,NA,2814.738,1993,0,Sydney Olympic Park,suburb; precinct,http://www.wikidata.org/entity/Q1196395,Sydney Olympic Park,NA,NA,NA,NA,NA,26,NA,NA,NA,151.078965122611,-33.8589905191914,NA
Sydney International Shooting Centre,New build,Shooting,In use,2000,Sydney,NA,Australia,1993,exact,AUS,17724.5399501656,NA,2814.738,1993,0,Sydney International Shooting Centre,shooting range; architectural structure,http://www.wikidata.org/entity/Q7659988,Sydney International Shooting Centre,Point(150.819 -33.8889),NA,NA,NA,NA,26,NA,150.819,-33.8889,151.078965122611,-33.8589905191914,15.072515117150378
Sydney Olympic Village,New build,Athlete accommodation,In use,2000,Sydney,NA,Australia,1993,exact,AUS,17724.5399501656,NA,2814.738,1993,0,Sydney Olympic Park,suburb; precinct,http://www.wikidata.org/entity/Q1196395,Sydney Olympic Park,NA,NA,NA,NA,NA,26,NA,NA,NA,151.078965122611,-33.8589905191914,NA
Beach Volleyball Centre,Temporary,Beach volleyball,Dismantled (temporary),2000,Sydney,NA,Australia,1993,exact,AUS,17724.5399501656,NA,2814.738,1993,0,Bondi Beach,suburb,http://www.wikidata.org/entity/Q673418,Bondi Beach,NA,NA,NA,NA,NA,26,NA,NA,NA,151.078965122611,-33.8589905191914,NA
Centennial Parklands,Temporary,Cycling (road),Dismantled (temporary),2000,Sydney,NA,Australia,1993,exact,AUS,17724.5399501656,NA,2814.738,1993,0,Centennial Parklands,park,http://www.wikidata.org/entity/Q5059201,Centennial Parklands,NA,NA,NA,NA,NA,26,NA,NA,NA,151.078965122611,-33.8589905191914,NA
Sydney Opera House,Temporary,Triathlon,Dismantled (temporary),2000,Sydney,NA,Australia,1993,exact,AUS,17724.5399501656,NA,2814.738,1993,0,Sydney Opera House,opera house; architectural landmark; historical cultural heritage site,http://www.wikidata.org/entity/Q45178,Sydney Opera House,NA,NA,NA,NA,NA,26,NA,NA,NA,151.078965122611,-33.8589905191914,NA
Brisbane Cricket Ground,Existing,Football,In use,2000,Sydney,NA,Australia,1993,exact,AUS,17724.5399501656,NA,2814.738,1993,0,Sydney Cricket Ground,stadium; cricket field; rugby union venue,http://www.wikidata.org/entity/Q856393,Sydney Cricket Ground,NA,NA,NA,NA,NA,26,NA,NA,NA,151.078965122611,-33.8589905191914,NA
Bruce Stadium,Existing,Football,In use,2000,Sydney,NA,Australia,1993,exact,AUS,17724.5399501656,NA,2814.738,1993,0,Stadium Australia,multi-purpose sports venue,http://www.wikidata.org/entity/Q295886,Accor Stadium,NA,NA,NA,NA,NA,26,NA,NA,NA,151.078965122611,-33.8589905191914,NA
Dome,New build,"Basketball, handball",In use,2000,Sydney,NA,Australia,1993,exact,AUS,17724.5399501656,NA,2814.738,1993,0,Sydney SuperDome,stadium,http://www.wikidata.org/entity/Q1851216,Sydney SuperDome,NA,NA,NA,NA,NA,26,NA,NA,NA,151.078965122611,-33.8589905191914,NA
"Exhibition Complex (Pavilions 2, 3, 4)",New build,"Rhythmic gymnastics,
handball, badminton,
volleyball, modern
pentathlon (fencing,
shooting)",In use,2000,Sydney,NA,Australia,1993,exact,AUS,17724.5399501656,NA,2814.738,1993,0,Sydney Showground (Olympic Park),arena,http://www.wikidata.org/entity/Q12070422,Sydney Showground,Point(151.068056 -33.845556),10000,1999,P1619,1,26,27,151.068056,-33.845556,151.078965122611,-33.8589905191914,1.1208369682977435
Olympic Stadium,New build,"Athletics, football,
Opening and Closing
Ceremonies",In use,2000,Sydney,NA,Australia,1993,exact,AUS,17724.5399501656,NA,2814.738,1993,0,Stadium Australia,multi-purpose sports venue,http://www.wikidata.org/entity/Q295886,Accor Stadium,NA,NA,NA,NA,NA,26,NA,NA,NA,151.078965122611,-33.8589905191914,NA
Dunc Gray Velodrome,New build,Cycling (track),In use,2000,Sydney,NA,Australia,1993,exact,AUS,17724.5399501656,NA,2814.738,1993,0,Dunc Gray Velodrome,velodrome,http://www.wikidata.org/entity/Q1265332,Dunc Gray Velodrome,Point(150.998611 -33.9075),3150,2000,P1619,0,26,26,150.998611,-33.9075,151.078965122611,-33.8589905191914,5.705289901933443
Sydney International Regatta Centre,New build,"Rowing, canoe sprint",In use,2000,Sydney,NA,Australia,1993,exact,AUS,17724.5399501656,NA,2814.738,1993,0,Sydney International Regatta Centre,rowing and canoeing venue,http://www.wikidata.org/entity/Q3979055,Sydney International Regatta Centre,NA,NA,NA,NA,NA,26,NA,NA,NA,151.078965122611,-33.8589905191914,NA
Ryde Aquatic Leisure Centre,New build,Water polo,In use,2000,Sydney,NA,Australia,1993,exact,AUS,17724.5399501656,NA,2814.738,1993,0,Ryde Aquatic Leisure Centre,swimming center,http://www.wikidata.org/entity/Q7384878,Ryde Aquatic Leisure Centre,Point(151.11896 -33.82168),NA,NA,NA,NA,26,NA,151.11896,-33.82168,151.078965122611,-33.8589905191914,3.4555045759231997
Sydney International Aquatic Centre,New build,"Swimming, diving, artistic
swimming, water polo, modern pentathlon (swimming)",In use,2000,Sydney,NA,Australia,1993,exact,AUS,17724.5399501656,NA,2814.738,1993,0,Sydney Olympic Park Aquatic Centre,sports venue,http://www.wikidata.org/entity/Q1058641,Sydney Olympic Park Aquatic Centre,Point(151.069 -33.8503),NA,1994,P571,6,26,32,151.069,-33.8503,151.078965122611,-33.8589905191914,0.8300801653622316
Izu Velodrome,Existing,Cycling,In use,2020,Tokyo,NA,Japan,2013,exact,JPN,41369.1948479498,74,32885.497,2013,0,Izu Velodrome,velodrome,http://www.wikidata.org/entity/Q11380533,Izu Velodrome,Point(139.015194 35.011528),NA,2011,P1619,9,6,15,139.015194,35.011528,139.655776246888,35.6661787766663,57.9394501881356
Izu MTB Course,Existing,Cycling,In use,2020,Tokyo,NA,Japan,2013,exact,JPN,41369.1948479498,74,32885.497,2013,0,Cycling at the 2020 Summer Olympics – Men's cross-country,Olympic sporting event; cycling at the Summer Olympics – men's cross-country,http://www.wikidata.org/entity/Q65242237,cycling at the 2020 Summer Olympics – men's cross-country,NA,NA,NA,NA,NA,6,NA,NA,NA,139.655776246888,35.6661787766663,NA
Fuji International Speedway,Existing,Cycling,In use,2020,Tokyo,NA,Japan,2013,exact,JPN,41369.1948479498,74,32885.497,2013,0,Fuji Speedway,motorsport racing track,http://www.wikidata.org/entity/Q171399,Fuji Speedway,NA,NA,NA,NA,NA,6,NA,NA,NA,139.655776246888,35.6661787766663,NA
Fukushima Azuma Baseball Stadium,Existing,"Baseball, Softball",In use,2020,Tokyo,NA,Japan,2013,exact,JPN,41369.1948479498,74,32885.497,2013,0,Fukushima (city),city of Japan; core city of Japan; big city; prefectural capital of Japan,http://www.wikidata.org/entity/Q161176,Fukushima,NA,NA,NA,NA,NA,6,NA,NA,NA,139.655776246888,35.6661787766663,NA
Yokohama Baseball Stadium,Existing,"Baseball, Softball",In use,2020,Tokyo,NA,Japan,2013,exact,JPN,41369.1948479498,74,32885.497,2013,0,NA,domed stadium; multi-purpose sports venue,NA,Tokyo Dome,NA,NA,NA,P1619,NA,6,NA,NA,NA,139.655776246888,35.6661787766663,NA
Sapporo Dome,Existing,Football,In use,2020,Tokyo,NA,Japan,2013,exact,JPN,41369.1948479498,74,32885.497,2013,0,Sapporo Dome,multi-purpose sports venue; music venue,http://www.wikidata.org/entity/Q494860,Sapporo Dome,Point(141.409767 43.015172),40178,2001,P1619,19,6,25,141.409767,43.015172,139.655776246888,35.6661787766663,516.8883986814386
Miyagi Stadium,Existing,Football,In use,2020,Tokyo,NA,Japan,2013,exact,JPN,41369.1948479498,74,32885.497,2013,0,Miyagi Stadium,association football venue; pitch,http://www.wikidata.org/entity/Q494773,Q&A Stadium Miyagi,Point(140.950419444 38.335391666),49133,2000,P1619,20,6,26,140.950419444,38.335391666,139.655776246888,35.6661787766663,197.99297258829657
Berlin Olympic Village,New build,Athlete accommodation,Not in use (demolished),1936,Berlin,abandoned before demolition - this is the white elephant,Germany,1931,exact,DEU,NA,NA,3025.918,1975,44,1936 Summer Olympics,Summer Olympic Games edition,http://www.wikidata.org/entity/Q8150,1936 Summer Olympics,NA,NA,NA,NA,NA,90,NA,NA,NA,13.3999531382876,52.5018146389819,NA
Döberitz Military Drill Grounds,Existing,"Modern pentathlon
(equestrian), equestrian
(cross-country)",Not in use (demolished),1936,Berlin,urban redevelopment - not a failure,Germany,1931,exact,DEU,NA,NA,3025.918,1975,44,German prisoner-of-war camps in World War I,NA,http://www.wikidata.org/entity/Q104840582,German prisoner-of-war camps in World War I,NA,NA,NA,NA,NA,90,NA,NA,NA,13.3999531382876,52.5018146389819,NA
Griffin Park,Existing,Football,Not in use (demolished),1948,London,urban redevelopment - not a failure,United Kingdom,1946,exact,GBR,NA,NA,7369.842,1975,29,Griffin Park,association football venue,http://www.wikidata.org/entity/Q1546623,Griffin Park,NA,NA,NA,NA,NA,78,NA,NA,NA,-0.1269853785119,51.508926472857,NA
"Guinness Sports Ground, Park Royal",Existing,Field hockey,Not in use (demolished),1948,London,urban redevelopment - not a failure,United Kingdom,1946,exact,GBR,NA,NA,7369.842,1975,29,Park Royal,area of London,http://www.wikidata.org/entity/Q83394,Park Royal,NA,NA,NA,NA,NA,78,NA,NA,NA,-0.1269853785119,51.508926472857,NA
Empress Hall (Earl’s Court),Existing,"Boxing, wrestling,
weightlifting,
gymnastics",Not in use (demolished),1948,London,urban redevelopment - not a failure,United Kingdom,1946,exact,GBR,NA,NA,7369.842,1975,29,Earls Court Exhibition Centre,sports venue; convention center; music venue,http://www.wikidata.org/entity/Q1130746,Earls Court Exhibition Centre,NA,NA,NA,NA,NA,78,NA,NA,NA,-0.1269853785119,51.508926472857,NA
Arsenal Stadium (Highbury Stadium),Existing,Football,Not in use (demolished),1948,London,urban redevelopment - not a failure,United Kingdom,1946,exact,GBR,NA,NA,7369.842,1975,29,Arsenal Stadium,association football venue; defunct sports venue,http://www.wikidata.org/entity/Q205309,Arsenal Stadium,Point(-0.102966 51.557696),38419,1913,P1619,35,78,113,-0.102966,51.557696,-0.1269853785119,51.508926472857,3.528200313182987
Green Pond Road,Existing,Football,Not in use (demolished),1948,London,urban redevelopment - not a failure,United Kingdom,1946,exact,GBR,NA,NA,7369.842,1975,29,Green Pond Road,stadium,http://www.wikidata.org/entity/Q15222104,Green Pond Road,Point(-0.03050278 51.59144444),NA,NA,NA,NA,78,NA,-0.03050278,51.59144444,-0.1269853785119,51.508926472857,7.057021905593986
Harringay Arena,Existing,Basketball,Not in use (demolished),1948,London,urban redevelopment - not a failure,United Kingdom,1946,exact,GBR,NA,NA,7369.842,1975,29,Harringay Arena,sports venue; event venue,http://www.wikidata.org/entity/Q5664507,Harringay Arena,Point(-0.097697 51.5763),NA,1936,P1619,12,78,90,-0.097697,51.5763,-0.1269853785119,51.508926472857,4.8276094937321625
Central Gymnasium or Command Central Gymnasium,Existing,"Modern pentathlon
(fencing)",In use,1948,London,NA,United Kingdom,1946,exact,GBR,NA,NA,7369.842,1975,29,Ivo Lola Ribar,human,http://www.wikidata.org/entity/Q1265884,Ivo Lola Ribar,NA,NA,NA,NA,NA,78,NA,NA,NA,-0.1269853785119,51.508926472857,NA
Aldershot Command Central Stadium,Existing,"Eventing, dressage",In use (rebuilt),1948,London,NA,United Kingdom,1946,exact,GBR,NA,NA,7369.842,1975,29,Venues of the 1948 Summer Olympics,Wikimedia list article,http://www.wikidata.org/entity/Q7920496,Venues of the 1948 Summer Olympics,NA,NA,NA,NA,NA,78,NA,NA,NA,-0.1269853785119,51.508926472857,NA
Tweseldown Racecourse,Existing,"Eventing, modern
pentathlon (equestrian)",In use,1948,London,NA,United Kingdom,1946,exact,GBR,NA,NA,7369.842,1975,29,Tweseldown Racecourse,horse racing venue,http://www.wikidata.org/entity/Q7857855,Tweseldown Racecourse,NA,NA,NA,NA,NA,78,NA,NA,NA,-0.1269853785119,51.508926472857,NA
Aldershot Pool/ Aldershot Lido,Existing,"Modern pentathlon
(swimming)",In use,1948,London,NA,United Kingdom,1946,exact,GBR,NA,NA,7369.842,1975,29,Aldershot,unparished area; town of the United Kingdom,http://www.wikidata.org/entity/Q646980,Aldershot,NA,NA,NA,NA,NA,78,NA,NA,NA,-0.1269853785119,51.508926472857,NA
Bisley (Bisley National Rifle Association Ranges),Existing,"Shooting, modern pentathlon (shooting)",In use,1948,London,NA,United Kingdom,1946,exact,GBR,NA,NA,7369.842,1975,29,National Rifle Association (United Kingdom),charitable organization; sports governing body; shooting sport association; national sports governing body,http://www.wikidata.org/entity/Q6978115,National Rifle Association,NA,NA,NA,NA,NA,78,NA,NA,NA,-0.1269853785119,51.508926472857,NA
Fratton Park,Existing,Football,In use,1948,London,NA,United Kingdom,1946,exact,GBR,NA,NA,7369.842,1975,29,Fratton Park,association football venue,http://www.wikidata.org/entity/Q619531,Fratton Park,NA,NA,NA,NA,NA,78,NA,NA,NA,-0.1269853785119,51.508926472857,NA
"Royal Military Academy, Sandhurst",Existing,"Modern pentathlon
(running)",In use,1948,London,NA,United Kingdom,1946,exact,GBR,NA,NA,7369.842,1975,29,Royal Military Academy Sandhurst,military academy,http://www.wikidata.org/entity/Q575618,Royal Military Academy Sandhurst,NA,NA,NA,NA,NA,78,NA,NA,NA,-0.1269853785119,51.508926472857,NA
Torbay,Existing,Sailing,In use,1948,London,NA,United Kingdom,1946,exact,GBR,NA,NA,7369.842,1975,29,Torbay,borough in the United Kingdom; unitary authority area; county borough; non-metropolitan district,http://www.wikidata.org/entity/Q1136118,Torbay,NA,NA,NA,NA,NA,78,NA,NA,NA,-0.1269853785119,51.508926472857,NA
Henley-on-Thames (site of the Royal Regatta Course),Existing,"Rowing, canoe",In use,1948,London,NA,United Kingdom,1946,exact,GBR,NA,NA,7369.842,1975,29,Henley Royal Regatta,recurring sporting event,http://www.wikidata.org/entity/Q1543109,Henley Royal Regatta,NA,NA,NA,NA,NA,78,NA,NA,NA,-0.1269853785119,51.508926472857,NA
Lynn Road,Existing,Football,Not in use (demolished),1948,London,urban redevelopment - not a failure,United Kingdom,1946,exact,GBR,NA,NA,7369.842,1975,29,A10 road (England),A road,http://www.wikidata.org/entity/Q4648805,A10 road,NA,NA,NA,NA,NA,78,NA,NA,NA,-0.1269853785119,51.508926472857,NA
Windsor Great Park,Temporary,Cycling (road),Dismantled (temporary),1948,London,NA,United Kingdom,1946,exact,GBR,NA,NA,7369.842,1975,29,Windsor Great Park,park; royal forest,http://www.wikidata.org/entity/Q3569306,Windsor Great Park,NA,NA,NA,NA,NA,78,NA,NA,NA,-0.1269853785119,51.508926472857,NA
St .Moritz Olympic Stadium,Existing,"Figure skating, speed skating, ice hockey,
Opening and Closing
Ceremonies",In use,1948,St. Moritz,NA,Switzerland,1946,exact,CHE,NA,NA,NA,NA,NA,St. Moritz,municipality of Switzerland; city of Switzerland,http://www.wikidata.org/entity/Q68986,St. Moritz,NA,NA,NA,NA,NA,78,NA,NA,NA,NA,NA,NA
Sea Forest Cross-Country Course,Temporary,Equestrian,Dismantled (temporary),2020,Tokyo,NA,Japan,2013,exact,JPN,41369.1948479498,74,32885.497,2013,0,Olympic and Paralympic deaths,Wikimedia list article,http://www.wikidata.org/entity/Q10563569,Olympic deaths,NA,NA,NA,NA,NA,6,NA,NA,NA,139.655776246888,35.6661787766663,NA
Sea Forest Waterway,New,"Canoe, Rowing",In use,2020,Tokyo,NA,Japan,2013,exact,JPN,41369.1948479498,74,32885.497,2013,0,Sea Forest Waterway,rowing and canoeing venue,http://www.wikidata.org/entity/Q41795362,Sea Forest Waterway,NA,NA,NA,NA,NA,6,NA,NA,NA,139.655776246888,35.6661787766663,NA
Kasai Canoe Slalom Centre,New,Canoe,In use,2020,Tokyo,NA,Japan,2013,exact,JPN,41369.1948479498,74,32885.497,2013,0,Kasai Canoe Slalom Centre,rowing and canoeing venue,http://www.wikidata.org/entity/Q82992191,Kasai Canoe Slalom Centre,NA,NA,NA,NA,NA,6,NA,NA,NA,139.655776246888,35.6661787766663,NA
Yumenoshima Park Archery Field,New,Archery,In use,2020,Tokyo,NA,Japan,2013,exact,JPN,41369.1948479498,74,32885.497,2013,0,Yumenoshima Park,Tokyo metropolitan park,http://www.wikidata.org/entity/Q11431452,Yumenoshima Park,NA,NA,NA,NA,NA,6,NA,NA,NA,139.655776246888,35.6661787766663,NA
Tokyo Aquatics Centre,New,Aquatics,In use,2020,Tokyo,NA,Japan,2013,exact,JPN,41369.1948479498,74,32885.497,2013,0,Tokyo Aquatics Centre,swimming center,http://www.wikidata.org/entity/Q65038183,Tokyo Aquatics Centre,Point(139.8151 35.6511),NA,2020,P1619,0,6,6,139.8151,35.6511,139.655776246888,35.6661787766663,9.01480135935109
Tatsumi Water Polo Centre,Existing,Water Polo,In use (repurposed),2020,Tokyo,NA,Japan,2013,exact,JPN,41369.1948479498,74,32885.497,2013,0,Tokyo Tatsumi International Swimming Center,swimming center; Q11548891,http://www.wikidata.org/entity/Q6148001,Tokyo Tatsumi International Swimming Centre,Point(139.818941666 35.647666666),3635,1993,P1619,27,6,33,139.818941666,35.647666666,139.655776246888,35.6661787766663,9.25933420703041
Tokyo Olympic Village,New,Athlete accommodation,In use,2020,Tokyo,NA,Japan,2013,exact,JPN,41369.1948479498,74,32885.497,2013,0,2020 Summer Olympics,Summer Olympic Games edition,http://www.wikidata.org/entity/Q181278,2020 Summer Olympics,NA,NA,NA,NA,NA,6,NA,NA,NA,139.655776246888,35.6661787766663,NA
Sapporo Odori Park,Temporary,"Marathon, Race Walking",Dismantled (temporary),2020,Tokyo,NA,Japan,2013,exact,JPN,41369.1948479498,74,32885.497,2013,0,Odori Park,urban park; planned road in Japan; linear park,http://www.wikidata.org/entity/Q3107971,Odori Park,NA,NA,NA,NA,NA,6,NA,NA,NA,139.655776246888,35.6661787766663,NA
Makuhari Messe Hall A,Existing,"Taekwondo, Wrestling",In use,2020,Tokyo,NA,Japan,2013,exact,JPN,41369.1948479498,74,32885.497,2013,0,Makuhari Messe,arena; convention center; event venue; combined facility,http://www.wikidata.org/entity/Q862452,Makuhari Messe,NA,NA,NA,NA,NA,6,NA,NA,NA,139.655776246888,35.6661787766663,NA
Makuhari Messe Hall B,Existing,Fencing,In use,2020,Tokyo,NA,Japan,2013,exact,JPN,41369.1948479498,74,32885.497,2013,0,Makuhari Messe,arena; convention center; event venue; combined facility,http://www.wikidata.org/entity/Q862452,Makuhari Messe,NA,NA,NA,NA,NA,6,NA,NA,NA,139.655776246888,35.6661787766663,NA
Tsurigasaki Surfing Beach,Temporary,Surfing,Dismantled (temporary),2020,Tokyo,NA,Japan,2013,exact,JPN,41369.1948479498,74,32885.497,2013,0,Surfing,type of sport; hobby; Olympic sport; industry,http://www.wikidata.org/entity/Q159992,surfing,NA,NA,NA,NA,NA,6,NA,NA,NA,139.655776246888,35.6661787766663,NA
Saitama Super Arena,Existing,Basketball,In use,2020,Tokyo,NA,Japan,2013,exact,JPN,41369.1948479498,74,32885.497,2013,0,Saitama Super Arena,arena; multi-purpose hall,http://www.wikidata.org/entity/Q1052149,Saitama Super Arena,Point(139.630833 35.894889),37000,2000,P1619,20,6,26,139.630833,35.894889,139.655776246888,35.6661787766663,15.881891107418554
Asaka Shooting Range,Temporary,Shooting,In use,2020,Tokyo,NA,Japan,2013,exact,JPN,41369.1948479498,74,32885.497,2013,0,Camp Asaka,garrison,http://www.wikidata.org/entity/Q4803412,Camp Asaka,NA,NA,NA,NA,NA,6,NA,NA,NA,139.655776246888,35.6661787766663,NA
Kasumigaseki Country Club,Existing,Golf,In use,2020,Tokyo,NA,Japan,2013,exact,JPN,41369.1948479498,74,32885.497,2013,0,Kasumigaseki Country Club,golf course,http://www.wikidata.org/entity/Q11660816,Kasumigaseki Country Club,Point(139.40444444 35.90138889),NA,1929,P1619,91,6,97,139.40444444,35.90138889,139.655776246888,35.6661787766663,21.531360723751586
Olympic Beach Volleyball Centre,New build,Beach volleyball,Not in use (demolished),2004,Athens,abandoned before demolition - this is the white elephant,Greece,1997,exact,GRC,13015.9175046854,NA,3278.09,1997,0,Faliro Coastal Zone Olympic Complex,architectural ensemble; sports park,http://www.wikidata.org/entity/Q139569,Faliro Coastal Zone Olympic Complex,NA,NA,NA,NA,NA,22,NA,NA,NA,23.7294821422573,37.9900827844442,NA
Olympic Softball Stadium,New build,Softball,Not in use (demolished),2004,Athens,abandoned before demolition - this is the white elephant,Greece,1997,exact,GRC,13015.9175046854,NA,3278.09,1997,0,Hellinikon Olympic Complex,arena,http://www.wikidata.org/entity/Q1332245,Hellinikon Olympic Complex,NA,NA,NA,NA,NA,22,NA,NA,NA,23.7294821422573,37.9900827844442,NA
Kulm Hotel Skating Rink,Existing,Figure skating,In use,1948,St. Moritz,NA,Switzerland,1946,exact,CHE,NA,NA,NA,NA,NA,1948 Winter Olympics,international sporting event; Winter Olympic Games edition,http://www.wikidata.org/entity/Q9615,1948 Winter Olympics,NA,NA,NA,NA,NA,78,NA,NA,NA,NA,NA,NA
Suvretta House Ice Rink,Existing,Ice hockey,In use,1948,St. Moritz,NA,Switzerland,1946,exact,CHE,NA,NA,NA,NA,NA,Suvretta House,hotel,http://www.wikidata.org/entity/Q1650144,Suvretta House,NA,NA,NA,NA,NA,78,NA,NA,NA,NA,NA,NA
Corviglia/Piz Nair,Existing,Alpine skiing,In use,1948,St. Moritz,NA,Switzerland,1946,exact,CHE,NA,NA,NA,NA,NA,St. Moritz,municipality of Switzerland; city of Switzerland,http://www.wikidata.org/entity/Q68986,St. Moritz,NA,NA,NA,NA,NA,78,NA,NA,NA,NA,NA,NA
State Sports Centre,Existing,"Table tennis,
taekwondo",In use,2000,Sydney,NA,Australia,1993,exact,AUS,17724.5399501656,NA,2814.738,1993,0,State Sports Centre,sports venue,http://www.wikidata.org/entity/Q7603544,State Sports Centre,Point(151.069444 -33.853333),5006,1984,P1619,16,26,42,151.069444,-33.853333,151.078965122611,-33.8589905191914,0.6725018481048028
Sydney Convention and Exhibition Centre,Existing,"Weightlifting, wrestling,
judo, fencing, boxing",In use (rebuilt),2000,Sydney,NA,Australia,1993,exact,AUS,17724.5399501656,NA,2814.738,1993,0,International Convention Centre Sydney,building,http://www.wikidata.org/entity/Q22271891,International Convention Centre Sydney,NA,NA,NA,NA,NA,26,NA,NA,NA,151.078965122611,-33.8589905191914,NA
Sydney Football Stadium,Existing,Football,In use (rebuilt),2000,Sydney,NA,Australia,1993,exact,AUS,17724.5399501656,NA,2814.738,1993,0,Sydney Football Stadium (2022),stadium; multi-purpose sports venue,http://www.wikidata.org/entity/Q65091153,Sydney Football Stadium II,NA,NA,NA,NA,NA,26,NA,NA,NA,151.078965122611,-33.8589905191914,NA
Los Angeles Memorial Sports Arena,Existing,Boxing,Not in use (demolished),1984,Los Angeles,urban redevelopment - not a failure,United States,1978,exact,USA,10564.9482220275,NA,8010.537,1978,0,Los Angeles Memorial Sports Arena,arena,http://www.wikidata.org/entity/Q1571403,Los Angeles Memorial Sports Arena,Point(-118.284444444 34.013055555),16161,1959,P1619,25,42,67,-118.284444444,34.013055555,-118.116720299597,33.9842364485583,9.822741796774748
Sydney International Equestrian Centre,New build,"Eventing, dressage,
jumping",In use,2000,Sydney,NA,Australia,1993,exact,AUS,17724.5399501656,NA,2814.738,1993,0,Sydney International Equestrian Centre,sports venue,http://www.wikidata.org/entity/Q7659987,Sydney International Equestrian Centre,Point(150.854 -33.8487),NA,NA,NA,NA,26,NA,150.854,-33.8487,151.078965122611,-33.8589905191914,12.942427042197215
State Hockey Centre,New build,Hockey,In use,2000,Sydney,NA,Australia,1993,exact,AUS,17724.5399501656,NA,2814.738,1993,0,Sydney Olympic Park Hockey Centre,stadium,http://www.wikidata.org/entity/Q2333630,Sydney Olympic Park Hockey Centre,Point(151.068056 -33.855),8000,1998,P571,2,26,28,151.068056,-33.855,151.078965122611,-33.8589905191914,0.6847381387076268
Sydney Superdome,New build,"Artistic gymnastics,
trampoline gymnastics,
basketball",In use,2000,Sydney,NA,Australia,1993,exact,AUS,17724.5399501656,NA,2814.738,1993,0,Sydney SuperDome,stadium,http://www.wikidata.org/entity/Q1851216,Sydney SuperDome,NA,NA,NA,NA,NA,26,NA,NA,NA,151.078965122611,-33.8589905191914,NA
Blyth Memorial Ice Arena,New build,"Ice hockey, figure skating,
Opening and Closing
Ceremonies",Not in use (demolished),1960,Squaw Valley,urban redevelopment - not a failure,United States,1955,exact,USA,NA,NA,NA,NA,NA,1960 Winter Olympics,Winter Olympic Games edition,http://www.wikidata.org/entity/Q9634,1960 Winter Olympics,NA,NA,NA,NA,NA,66,NA,NA,NA,NA,NA,NA
Georgia Dome,Existing,"Artistic gymnastics,
basketball, handball",Not in use (demolished),1996,Atlanta,urban redevelopment - not a failure,United States,1990,exact,USA,23888.6000088133,NA,56.211,1995,5,Georgia Dome,stadium,http://www.wikidata.org/entity/Q1058931,Georgia Dome,Point(-84.400833333 33.7575),74228,1992,P1619,4,30,34,-84.400833333,33.7575,-84.3638559949554,33.7897001713732,3.0791681966331548
Alonzo Herndon Stadium,Existing,Hockey,Not in use (demolished),1996,Atlanta,abandoned before demolition - this is the white elephant,United States,1990,exact,USA,23888.6000088133,NA,56.211,1995,5,Herndon Stadium,stadium,http://www.wikidata.org/entity/Q628544,Herndon Stadium,Point(-84.4088 33.756),15011,1948,P571,48,30,78,-84.4088,33.756,-84.3638559949554,33.7897001713732,3.480225690522222
Atlanta Fulton County Stadium,Existing,Baseball,Not in use (demolished),1996,Atlanta,urban redevelopment - not a failure,United States,1990,exact,USA,23888.6000088133,NA,56.211,1995,5,Atlanta–Fulton County Stadium,stadium,http://www.wikidata.org/entity/Q641243,Atlanta-Fulton County Stadium,NA,NA,NA,NA,NA,30,NA,NA,NA,-84.3638559949554,33.7897001713732,NA
Stone Mountain Park Tennis Center,New build,Tennis,Not in use (demolished),1996,Atlanta,abandoned before demolition - this is the white elephant,United States,1990,exact,USA,23888.6000088133,NA,56.211,1995,5,Stone Mountain Tennis Center,sports venue,http://www.wikidata.org/entity/Q7619000,Stone Mountain Tennis Center,Point(-84.1234 33.8211),NA,NA,NA,NA,30,NA,-84.1234,33.8211,-84.3638559949554,33.7897001713732,13.99014574599322
Olympic Village,New build,Athlete accommodation,In use,2004,Athens,NA,Greece,1997,exact,GRC,13015.9175046854,NA,3278.09,1997,0,2004 Summer Olympics,Summer Olympic Games edition,http://www.wikidata.org/entity/Q8558,2004 Summer Olympics,NA,NA,NA,NA,NA,22,NA,NA,NA,23.7294821422573,37.9900827844442,NA
Vouliagmeni Olympic Centre,Temporary,"Cycling (road), triathlon",Dismantled (temporary),2004,Athens,NA,Greece,1997,exact,GRC,13015.9175046854,NA,3278.09,1997,0,Vouliagmeni Olympic Centre,sports venue,http://www.wikidata.org/entity/Q5136164,Vouliagmeni Olympic Centre,Point(23.7744 37.819),3600,NA,NA,NA,22,NA,23.7744,37.819,23.7294821422573,37.9900827844442,12.085213988824462
Helliniko Fencing Hall,New build,Fencing,Not in use (demolished),2004,Athens,abandoned before demolition - this is the white elephant,Greece,1997,exact,GRC,13015.9175046854,NA,3278.09,1997,0,Hellinikon Olympic Complex,arena,http://www.wikidata.org/entity/Q1332245,Hellinikon Olympic Complex,NA,NA,NA,NA,NA,22,NA,NA,NA,23.7294821422573,37.9900827844442,NA
Nagano Olmpic Stadium,New build,"Opening and Closing
Ceremonies",In use,1998,Nagano,NA,Japan,1991,exact,JPN,30048.1401766828,NA,197.95,1991,0,NA,NA,NA,NA,NA,NA,NA,NA,NA,28,NA,NA,NA,138.197513392661,36.6391473114782,NA
Olympic Village,New build,Athlete accomodation,In use,1998,Nagano,NA,Japan,1991,exact,JPN,30048.1401766828,NA,197.95,1991,0,1998 Winter Olympics,Winter Olympic Games edition,http://www.wikidata.org/entity/Q9664,1998 Winter Olympics,NA,NA,NA,NA,NA,28,NA,NA,NA,138.197513392661,36.6391473114782,NA
Rushcutters Bay,Existing,Sailing,In use,2000,Sydney,NA,Australia,1993,exact,AUS,17724.5399501656,NA,2814.738,1993,0,Rushcutters Bay,suburb,http://www.wikidata.org/entity/Q2919661,Rushcutters Bay,NA,NA,NA,NA,NA,26,NA,NA,NA,151.078965122611,-33.8589905191914,NA
St. Moritz Olympia Bob Run,Temporary (seasonal),Bobsleigh,In use (seasonal),1948,St. Moritz,NA,Switzerland,1946,exact,CHE,NA,NA,NA,NA,NA,St. Moritz-Celerina Olympic Bobrun,bobsleigh track; artificial luge track,http://www.wikidata.org/entity/Q685571,Olympia Bob Run St. Moritz–Celerina,NA,NA,NA,NA,NA,78,NA,NA,NA,NA,NA,NA
Cresta Run,Temporary (seasonal),"Cresta (which later
evolved into skeleton)",In use (seasonal),1948,St. Moritz,NA,Switzerland,1946,exact,CHE,NA,NA,NA,NA,NA,Cresta Run,type of sport; sports venue,http://www.wikidata.org/entity/Q647714,Cresta Run,Point(9.84505 46.5026),NA,1884,P1619,64,78,142,9.84505,46.5026,NA,NA,NA
"Exhibition Hall I, II (Messuhalli I, II)",Existing,"Artistic gymnastics,
basketball, boxing,
wrestling, weightlifting",In use,1952,Helsinki,NA,Finland,1947,exact,FIN,NA,NA,268.059,1975,28,Gymnastics at the 1952 Summer Olympics,Olympic sports discipline event,http://www.wikidata.org/entity/Q650263,gymnastics at the 1952 Summer Olympics,NA,NA,NA,NA,NA,74,NA,NA,NA,24.9253601637083,60.2121334374591,NA
Olympic Stadium,Existing,"Athletics, football,
equestrian (jumping),
Opening and Closing
Ceremonies",In use,1952,Helsinki,NA,Finland,1947,exact,FIN,NA,NA,268.059,1975,28,Helsinki Olympic Stadium,stadium; Olympic stadium; association football venue; pitch,http://www.wikidata.org/entity/Q332219,Helsinki Olympic Stadium,NA,NA,NA,NA,NA,74,NA,NA,NA,24.9253601637083,60.2121334374591,NA
Football pitches by the Olympic Stadium,Existing,Football,In use,1952,Helsinki,NA,Finland,1947,exact,FIN,NA,NA,268.059,1975,28,Töölö Football Stadium,association football venue,http://www.wikidata.org/entity/Q1139227,Bolt Arena,NA,NA,NA,NA,NA,74,NA,NA,NA,24.9253601637083,60.2121334374591,NA
Taivallahti,Existing,Canoe sprint,In use,1952,Helsinki,NA,Finland,1947,exact,FIN,NA,NA,268.059,1975,28,1952 Summer Olympics,Summer Olympic Games edition,http://www.wikidata.org/entity/Q8407,1952 Summer Olympics,NA,NA,NA,NA,NA,74,NA,NA,NA,24.9253601637083,60.2121334374591,NA
Tennis Palace,Existing,Basketball,In use (repurposed),1952,Helsinki,NA,Finland,1947,exact,FIN,NA,NA,268.059,1975,28,Tennispalatsi,movie theater; art museum; sports venue; arts center; leisure center,http://www.wikidata.org/entity/Q4117100,Tennispalatsi,Point(24.930277777 60.169722222),NA,1937,P571,15,74,89,24.930277777,60.169722222,24.9253601637083,60.2121334374591,2.9384911208835476
Huopalahti,Existing,Shooting,In use (repurposed),1952,Helsinki,NA,Finland,1947,exact,FIN,NA,NA,268.059,1975,28,Huopalahti,human settlement; former municipality of Finland,http://www.wikidata.org/entity/Q3105912,Huopalahti,NA,NA,NA,NA,NA,74,NA,NA,NA,24.9253601637083,60.2121334374591,NA
Around Harmaja Island (lighthouse) and Liuskasaari Island,Existing,Sailing,In use,1952,Helsinki,NA,Finland,1947,exact,FIN,NA,NA,268.059,1975,28,Sailing at the 1952 Summer Olympics,Olympic sports discipline event,http://www.wikidata.org/entity/Q656495,sailing at the 1952 Summer Olympics,NA,NA,NA,NA,NA,74,NA,NA,NA,24.9253601637083,60.2121334374591,NA
Palace of Engineering (Wembley Empire Exhibition Site),Existing,Fencing,Not in use (demolished),1948,London,urban redevelopment - not a failure,United Kingdom,1946,exact,GBR,NA,NA,7369.842,1975,29,British Empire Exhibition,colonial exhibition,http://www.wikidata.org/entity/Q695035,British Empire Exhibition,NA,NA,NA,NA,NA,78,NA,NA,NA,-0.1269853785119,51.508926472857,NA
Kupittaa Football Stadium,Existing,Football,In use,1952,Helsinki,NA,Finland,1947,exact,FIN,NA,NA,268.059,1975,28,Kupittaa,district of Turku,http://www.wikidata.org/entity/Q2365158,Kupittaa,NA,NA,NA,NA,NA,74,NA,NA,NA,24.9253601637083,60.2121334374591,NA
Ruskeasuo/Tali/Laakso,New build,"Eventing, dressage",In use,1952,Helsinki,NA,Finland,1947,exact,FIN,NA,NA,268.059,1975,28,1952 Summer Olympics,Summer Olympic Games edition,http://www.wikidata.org/entity/Q8407,1952 Summer Olympics,NA,NA,NA,NA,NA,74,NA,NA,NA,24.9253601637083,60.2121334374591,NA
Swimming Stadium,New build,"Swimming, diving, water
polo",In use,1952,Helsinki,NA,Finland,1947,exact,FIN,NA,NA,268.059,1975,28,Helsinki Swimming Stadium,lido,http://www.wikidata.org/entity/Q5710554,Helsinki Swimming Stadium,NA,NA,NA,NA,NA,74,NA,NA,NA,24.9253601637083,60.2121334374591,NA
Velodrome,New build,"Cycling (track), hockey",In use,1952,Helsinki,NA,Finland,1947,exact,FIN,NA,NA,268.059,1975,28,Helsinki Velodrome,velodrome; association football venue; American football venue,http://www.wikidata.org/entity/Q1604554,Helsinki Velodrome,Point(24.942804 60.202759),NA,1941,P1619,11,74,85,24.942804,60.202759,24.9253601637083,60.2121334374591,0.8831144202070961
Ariake Gymnastics Centre,Temporary,Gymnastics,In use (repurposed),2020,Tokyo,NA,Japan,2013,exact,JPN,41369.1948479498,74,32885.497,2013,0,"Ariake, Tokyo",administrative territorial entity; chōchō,http://www.wikidata.org/entity/Q2861159,Ariake,NA,NA,NA,NA,NA,6,NA,NA,NA,139.655776246888,35.6661787766663,NA
Ariake Urban Sports Park,Temporary,"Cycling, Skateboarding",In use,2020,Tokyo,NA,Japan,2013,exact,JPN,41369.1948479498,74,32885.497,2013,0,Ariake Tennis Park,tennis venue; sports park; Tokyo metropolitan park,http://www.wikidata.org/entity/Q11516419,Ariake Tennis Forest Park,NA,NA,NA,NA,NA,6,NA,NA,NA,139.655776246888,35.6661787766663,NA
Ariake Tennis Park,Existing,Tennis,In use,2020,Tokyo,NA,Japan,2013,exact,JPN,41369.1948479498,74,32885.497,2013,0,Ariake Tennis Park,tennis venue; sports park; Tokyo metropolitan park,http://www.wikidata.org/entity/Q11516419,Ariake Tennis Forest Park,NA,NA,NA,NA,NA,6,NA,NA,NA,139.655776246888,35.6661787766663,NA
Odaiba Marine Park,Temporary,"Aquatics, Triathlon",Dismantled (temporary),2020,Tokyo,NA,Japan,2013,exact,JPN,41369.1948479498,74,32885.497,2013,0,Odaiba,artificial island; reclaimed land,http://www.wikidata.org/entity/Q211861,Odaiba,NA,NA,NA,NA,NA,6,NA,NA,NA,139.655776246888,35.6661787766663,NA
Shiokaze Park,Temporary,Volleyball,Dismantled (temporary),2020,Tokyo,NA,Japan,2013,exact,JPN,41369.1948479498,74,32885.497,2013,0,Shiokaze Park,Tokyo metropolitan park,http://www.wikidata.org/entity/Q6630204,Shiokaze Park,NA,NA,NA,NA,NA,6,NA,NA,NA,139.655776246888,35.6661787766663,NA
Aomi Urban Sports Park,Temporary,"3x3 Basketball,
Sport Climbing",Dismantled (temporary),2020,Tokyo,NA,Japan,2013,exact,JPN,41369.1948479498,74,32885.497,2013,0,Football 5-a-side at the 2020 Summer Paralympics,Paralympic sports discipline event,http://www.wikidata.org/entity/Q60741574,football 5-a-side at the 2020 Summer Paralympics,NA,NA,NA,NA,NA,6,NA,NA,NA,139.655776246888,35.6661787766663,NA
Oi Central Seaside Park Hockey Stadium,New,Hockey,In use,2020,Tokyo,NA,Japan,2013,exact,JPN,41369.1948479498,74,32885.497,2013,0,Yokohama,city of Japan; satellite city; commuter town; city designated by government ordinance; port city; prefectural capital of Japan,http://www.wikidata.org/entity/Q38283,Yokohama,NA,NA,NA,NA,NA,6,NA,NA,NA,139.655776246888,35.6661787766663,NA
Helsinki Olympic Village (Olympiakylä),New build,Athlete accommodation,In use,1952,Helsinki,NA,Finland,1947,exact,FIN,NA,NA,268.059,1975,28,NA,NA,NA,NA,NA,NA,NA,NA,NA,74,NA,NA,NA,24.9253601637083,60.2121334374591,NA
Meilahti,Temporary,Rowing,Dismantled (temporary),1952,Helsinki,NA,Finland,1947,exact,FIN,NA,NA,268.059,1975,28,Meilahti,neighbourhood of Helsinki; subdivision of a neighborhood of Helsinki,http://www.wikidata.org/entity/Q3177103,Meilahti,NA,NA,NA,NA,NA,74,NA,NA,NA,24.9253601637083,60.2121334374591,NA
Käpylä-Pakila,Temporary,Cycling (road),Dismantled (temporary),1952,Helsinki,NA,Finland,1947,exact,FIN,NA,NA,268.059,1975,28,Käpylä,neighbourhood of Helsinki; subdivision of a neighborhood of Helsinki,http://www.wikidata.org/entity/Q2633668,Käpylä,NA,NA,NA,NA,NA,74,NA,NA,NA,24.9253601637083,60.2121334374591,NA
Goldstone Ground,Existing,Football,Not in use (demolished),1948,London,urban redevelopment - not a failure,United Kingdom,1946,exact,GBR,NA,NA,7369.842,1975,29,Goldstone Ground,sports venue,http://www.wikidata.org/entity/Q3110131,Goldstone Ground,Point(-0.174089 50.838081),36000,1901,P1619,47,78,125,-0.174089,50.838081,-0.1269853785119,51.508926472857,46.44792220533659
Ratina Stadium,New build,Football,In use,1952,Helsinki,NA,Finland,1947,exact,FIN,NA,NA,268.059,1975,28,Tampere Stadium,stadium; association football venue; pitch,http://www.wikidata.org/entity/Q1419146,Tampere Stadium,NA,NA,NA,NA,NA,74,NA,NA,NA,24.9253601637083,60.2121334374591,NA
Kisapuisto Stadium,New build,Football,In use,1952,Helsinki,NA,Finland,1947,exact,FIN,NA,NA,268.059,1975,28,Helsinki Olympic Stadium,stadium; Olympic stadium; association football venue; pitch,http://www.wikidata.org/entity/Q332219,Helsinki Olympic Stadium,NA,NA,NA,NA,NA,74,NA,NA,NA,24.9253601637083,60.2121334374591,NA
Kotka Stadium,New build,Football,In use,1952,Helsinki,NA,Finland,1947,exact,FIN,NA,NA,268.059,1975,28,Kotka,city; municipality of Finland,http://www.wikidata.org/entity/Q192155,Kotka,NA,NA,NA,NA,NA,74,NA,NA,NA,24.9253601637083,60.2121334374591,NA
Ahvenisto,New build,"Modern pentathlon
(all events)",In use,1952,Helsinki,NA,Finland,1947,exact,FIN,NA,NA,268.059,1975,28,1952 Summer Olympics,Summer Olympic Games edition,http://www.wikidata.org/entity/Q8407,1952 Summer Olympics,NA,NA,NA,NA,NA,74,NA,NA,NA,24.9253601637083,60.2121334374591,NA
Ullevål Olympic Village,New build,Athlete accommodation,In use,1952,Oslo,NA,Norway,1947,exact,NOR,NA,NA,439.924,1975,28,Oslo,administrative centre; big city; largest city; national capital,http://www.wikidata.org/entity/Q585,Oslo,NA,NA,NA,NA,NA,74,NA,NA,NA,10.7705051132494,59.9214075232697,NA
Ila Olympic Village,New build,Athlete accommodation,In use,1952,Oslo,NA,Norway,1947,exact,NOR,NA,NA,439.924,1975,28,List of Olympic Villages,Wikimedia list article,http://www.wikidata.org/entity/Q135474649,list of Olympic Villages,NA,NA,NA,NA,NA,74,NA,NA,NA,10.7705051132494,59.9214075232697,NA
Aqua Wing,New build,Ice hockey,In use,1998,Nagano,NA,Japan,1991,exact,JPN,30048.1401766828,NA,197.95,1991,0,Aqua Wing Arena,arena,http://www.wikidata.org/entity/Q1812023,Aqua Wing Arena,Point(138.233153 36.660771),6000,1997,P571,1,28,29,138.233153,36.660771,138.197513392661,36.6391473114782,2.4797313665499767
White Ring,New build,"Figure skating, short track,
speed skating",In use,1998,Nagano,NA,Japan,1991,exact,JPN,30048.1401766828,NA,197.95,1991,0,White Ring (arena),arena,http://www.wikidata.org/entity/Q3133398,White Ring,Point(138.206389 36.604722),7000,1996,P1619,2,28,30,138.206389,36.604722,138.197513392661,36.6391473114782,2.4316751406080526
Ano Liosia Olympic Hall,New build,"Judo, wrestling",In use,2004,Athens,NA,Greece,1997,exact,GRC,13015.9175046854,NA,3278.09,1997,0,SUNEL Arena,sports venue,http://www.wikidata.org/entity/Q2707712,Ano Liosia Olympic Hall,Point(23.686666666 38.081666666),NA,2004,P1619,0,22,22,23.686666666,38.081666666,23.7294821422573,37.9900827844442,6.750745219532894
Olympic Velodrome,New build,Cycling (track),Not in use (demolished),1984,Los Angeles,abandoned before demolition - this is the white elephant,United States,1978,exact,USA,10564.9482220275,NA,8010.537,1978,0,1984 Summer Olympics,Summer Olympic Games edition,http://www.wikidata.org/entity/Q8456,1984 Summer Olympics,NA,NA,NA,NA,NA,42,NA,NA,NA,-118.116720299597,33.9842364485583,NA
Markopoulo Olympic Shooting Centre,New build,Shooting,In use,2004,Athens,NA,Greece,1997,exact,GRC,13015.9175046854,NA,3278.09,1997,0,Markopoulo Olympic Shooting Centre,sports venue,http://www.wikidata.org/entity/Q3235007,Markopoulo Olympic Shooting Centre,Point(23.906944444 37.870833333),NA,NA,NA,NA,22,NA,23.906944444,37.870833333,23.7294821422573,37.9900827844442,12.719421002768346
Sports Pavilion,New build,"Handball, taekwondo",In use,2004,Athens,NA,Greece,1997,exact,GRC,13015.9175046854,NA,3278.09,1997,0,Faliro Sports Pavilion Arena,sports venue,http://www.wikidata.org/entity/Q5431890,Faliro Sports Pavilion Arena,Point(23.691086 37.936094),8536,2004,P1619,0,22,22,23.691086,37.936094,23.7294821422573,37.9900827844442,4.281432794965078
Peristeri Olympic Boxing Hall,New build,Boxing,In use,2004,Athens,NA,Greece,1997,exact,GRC,13015.9175046854,NA,3278.09,1997,0,Peristeri Olympic Boxing Hall,arena,http://www.wikidata.org/entity/Q841521,Peristeri Olympic Boxing Hall,Point(23.716388888 38.013055555),NA,2004,P1619,0,22,22,23.716388888,38.013055555,23.7294821422573,37.9900827844442,1.741949267384991
Tongdaemun Stadium,Existing,Football,Not in use (demolished),1988,Seoul,urban redevelopment - not a failure,South Korea,1981,exact,KOR,1918.41779613494,NA,12619.275,1981,0,Dongdaemun Stadium,stadium; defunct sports venue,http://www.wikidata.org/entity/Q489240,Dongdaemun Stadium,Point(127.010595 37.56758),22706,1925,P1619,63,38,101,127.010595,37.56758,126.948537460265,37.4974757609934,5.924693956511237
Sangmu Gymnasium,New build,Wrestling,Not in use (demolished),1988,Seoul,urban redevelopment - not a failure,South Korea,1981,exact,KOR,1918.41779613494,NA,12619.275,1981,0,1988 Summer Olympics,Summer Olympic Games edition,http://www.wikidata.org/entity/Q8470,1988 Summer Olympics,NA,NA,NA,NA,NA,38,NA,NA,NA,126.948537460265,37.4974757609934,NA
Stampede Corral,Existing,"Ice hockey, figure
skating",Not in use (reconstruction),1988,Calgary,urban redevelopment - not a failure,Canada,1981,exact,CAN,12379.0368643833,NA,124.337,1985,4,Stampede Corral,building,http://www.wikidata.org/entity/Q1147148,Stampede Corral,NA,NA,NA,NA,NA,38,NA,NA,NA,-114.140799889789,51.0532671181491,NA
RCD Espanyol Stadium (Estadi de Sarrià),Existing,Football,Not in use (demolished),1992,Barcelona,urban redevelopment - not a failure,Spain,1986,exact,ESP,6508.8506547565,NA,2433.362,1986,0,Sarrià Stadium,sports venue,http://www.wikidata.org/entity/Q1325234,Estadi de Sarrià,Point(2.133333333 41.393055555),43667,1922,P571,70,34,104,2.133333333,41.393055555,2.15510955627463,41.4251649163782,2.491837711193789
Korketrekken,Temporary (seasonal),Bobsleigh,Dismantled (seasonal),1952,Oslo,NA,Norway,1947,exact,NOR,NA,NA,439.924,1975,28,NA,NA,NA,NA,NA,NA,NA,NA,NA,74,NA,NA,NA,10.7705051132494,59.9214075232697,NA
Sandvika Kadettangen Stadium,Existing,Ice hockey,In use (repurposed),1952,Oslo,NA,Norway,1947,exact,NOR,NA,NA,439.924,1975,28,Kadettangen,promontory,http://www.wikidata.org/entity/Q3191767,Kadettangen,NA,NA,NA,NA,NA,74,NA,NA,NA,10.7705051132494,59.9214075232697,NA
Drammen Marienlyst Stadium,Existing,Ice hockey,In use (repurposed),1952,Oslo,NA,Norway,1947,exact,NOR,NA,NA,439.924,1975,28,Marienlyst Stadion,association football venue,http://www.wikidata.org/entity/Q1684431,Marienlyst Stadion,NA,NA,NA,NA,NA,74,NA,NA,NA,10.7705051132494,59.9214075232697,NA
Lillestrøm Stadium,Existing,Ice hockey,In use (repurposed),1952,Oslo,NA,Norway,1947,exact,NOR,NA,NA,439.924,1975,28,Lillestrøm,municipality of Norway,http://www.wikidata.org/entity/Q60806432,Lillestrøm Municipality,NA,NA,NA,NA,NA,74,NA,NA,NA,10.7705051132494,59.9214075232697,NA
Norefjell,Existing,Alpine skiing,In use,1952,Oslo,NA,Norway,1947,exact,NOR,NA,NA,439.924,1975,28,Norefjell,mountain,http://www.wikidata.org/entity/Q3041286,Norefjell,NA,NA,NA,NA,NA,74,NA,NA,NA,10.7705051132494,59.9214075232697,NA
Dæhlenenga (Idrettspark),Existing,"Ice hockey, bandy
(demonstration sport)",In use (repurposed),1952,Oslo,NA,Norway,1947,exact,NOR,NA,NA,439.924,1975,28,1952 Winter Olympics,Winter Olympic Games edition,http://www.wikidata.org/entity/Q9623,1952 Winter Olympics,NA,NA,NA,NA,NA,74,NA,NA,NA,10.7705051132494,59.9214075232697,NA
Bislett Stadium,Existing,"Figure skating, speed skating, Opening and Closing Ceremonies,
bandy (demonstration sport)",In use (repurposed),1952,Oslo,NA,Norway,1947,exact,NOR,NA,NA,439.924,1975,28,Bislett Stadium,heritage site; stadium; sports venue,http://www.wikidata.org/entity/Q866409,Bislett Stadion,Point(10.733333 59.924722),15400,1922,P1619,30,74,104,10.733333,59.924722,10.7705051132494,59.9214075232697,1.3088393295260272
Holmenkollen Ski Jumping Hill,Existing,"Ski jumping,
Nordic combined",In use,1952,Oslo,NA,Norway,1947,exact,NOR,NA,NA,439.924,1975,28,Holmenkollbakken,ski jumping hill,http://www.wikidata.org/entity/Q33572,Holmenkollbakken,NA,NA,NA,NA,NA,74,NA,NA,NA,10.7705051132494,59.9214075232697,NA
Rødkleiva,Existing,Alpine skiing,In use (limited),1952,Oslo,NA,Norway,1947,exact,NOR,NA,NA,439.924,1975,28,Rødkleiva,slope,http://www.wikidata.org/entity/Q3458908,Rødkleiva,NA,NA,NA,NA,NA,74,NA,NA,NA,10.7705051132494,59.9214075232697,NA
Holmenkollen Cross-Country,Existing,"Cross-country skiing,
Nordic combined",In use (rebuilt),1952,Oslo,NA,Norway,1947,exact,NOR,NA,NA,439.924,1975,28,Lyubov Yegorova (cross-country skier),human,http://www.wikidata.org/entity/Q239998,Lyubov Yegorova,NA,NA,NA,NA,NA,74,NA,NA,NA,10.7705051132494,59.9214075232697,NA
Jordal Amfi,New build,Ice hockey,In use (rebuilt),1952,Oslo,NA,Norway,1947,exact,NOR,NA,NA,439.924,1975,28,Jordal Amfi (1951),destroyed building or structure,http://www.wikidata.org/entity/Q1703590,Jordal Amfi,NA,NA,NA,NA,NA,74,NA,NA,NA,10.7705051132494,59.9214075232697,NA
Sogn Olympic Village,New build,Athlete accommodation,In use,1952,Oslo,NA,Norway,1947,exact,NOR,NA,NA,439.924,1975,28,Sogn Studentby,student housing,http://www.wikidata.org/entity/Q7554514,Sogn Studentby,NA,NA,NA,NA,NA,74,NA,NA,NA,10.7705051132494,59.9214075232697,NA
West Melbourne Stadium,Existing,"Artistic gymnastics,
boxing",In use,1956,Melbourne / Stockholm,NA,Australia,1949,exact,AUS,NA,NA,1715.756,1975,26,Olympic Park Stadium (Melbourne),association football venue,http://www.wikidata.org/entity/Q1847793,Olympic Park Stadium,NA,NA,NA,NA,NA,70,NA,NA,NA,145.058580063275,-37.8309340010454,NA
Main Stadium or Melbourne Cricket Ground,Existing,"Athletics, hockey,
football, Opening and
Closing Ceremonies",In use,1956,Melbourne / Stockholm,NA,Australia,1949,exact,AUS,NA,NA,1715.756,1975,26,Melbourne Rectangular Stadium,stadium,http://www.wikidata.org/entity/Q1381223,Melbourne Rectangular Stadium,NA,NA,NA,NA,NA,70,NA,NA,NA,145.058580063275,-37.8309340010454,NA
Exhibition Building,Existing,"Basketball, weightlifting,
wrestling, modern
pentathlon (fencing)",In use,1956,Melbourne / Stockholm,NA,Australia,1949,exact,AUS,NA,NA,1715.756,1975,26,1956 Summer Olympics,Summer Olympic Games edition,http://www.wikidata.org/entity/Q8411,1956 Summer Olympics,NA,NA,NA,NA,NA,70,NA,NA,NA,145.058580063275,-37.8309340010454,NA
Oaklands Hunt Club,Existing,"Modern pentathlon
(equestrian)",In use,1956,Melbourne / Stockholm,NA,Australia,1949,exact,AUS,NA,NA,1715.756,1975,26,1956 Summer Olympics,Summer Olympic Games edition,http://www.wikidata.org/entity/Q8411,1956 Summer Olympics,NA,NA,NA,NA,NA,70,NA,NA,NA,145.058580063275,-37.8309340010454,NA
Port Phillip Bay,Existing,Sailing,In use,1956,Melbourne / Stockholm,NA,Australia,1949,exact,AUS,NA,NA,1715.756,1975,26,Sailing at the 1956 Summer Olympics – Dragon,Olympic sporting event,http://www.wikidata.org/entity/Q7400247,sailing at the 1956 Summer Olympics – Dragon,NA,NA,NA,NA,NA,70,NA,NA,NA,145.058580063275,-37.8309340010454,NA
Tokyo International Forum,Existing,Weightlifting,In use,2020,Tokyo,NA,Japan,2013,exact,JPN,41369.1948479498,74,32885.497,2013,0,Tokyo International Forum,voluntary sector; cultural center; exhibition park; business,http://www.wikidata.org/entity/Q1359892,Tokyo International Forum,NA,NA,NA,NA,NA,6,NA,NA,NA,139.655776246888,35.6661787766663,NA
Kokugikan Arena,Existing,Boxing,In use,2020,Tokyo,NA,Japan,2013,exact,JPN,41369.1948479498,74,32885.497,2013,0,Ryōgoku Kokugikan,indoor arena,http://www.wikidata.org/entity/Q176821,Ryōgoku Kokugikan,Point(139.793333 35.696944),11098,1985,P1619,35,6,41,139.793333,35.696944,139.655776246888,35.6661787766663,8.01632163909185
Equestrian Park,Existing,Equestrian,In use,2020,Tokyo,NA,Japan,2013,exact,JPN,41369.1948479498,74,32885.497,2013,0,Tokyo Equestrian Park,urban park; equestrian facility,http://www.wikidata.org/entity/Q11667807,Equestrian Park,NA,NA,NA,NA,NA,6,NA,NA,NA,139.655776246888,35.6661787766663,NA
Musashino Forest Sport Plaza,New,"Badminton,
Modern Pentathlon",In use,2020,Tokyo,NA,Japan,2013,exact,JPN,41369.1948479498,74,32885.497,2013,0,Musashino Forest Sport Plaza,sports venue,http://www.wikidata.org/entity/Q21019690,Keio Arena Tokyo,Point(139.5246 35.6656),10000,2017,P1619,3,6,9,139.5246,35.6656,139.655776246888,35.6661787766663,7.371762803412913
Tokyo Stadium,Existing,"Football, Rugby,
Modern Pentathlon",In use,2020,Tokyo,NA,Japan,2013,exact,JPN,41369.1948479498,74,32885.497,2013,0,Japan National Stadium,Olympic stadium; multi-purpose sports venue; national stadium,http://www.wikidata.org/entity/Q14862239,Japan National Stadium,NA,NA,NA,NA,NA,6,NA,NA,NA,139.655776246888,35.6661787766663,NA
Musashinonomori Park,Temporary,Cycling,Dismantled (temporary),2020,Tokyo,NA,Japan,2013,exact,JPN,41369.1948479498,74,32885.497,2013,0,Musashinonomori Park,Tokyo metropolitan park,http://www.wikidata.org/entity/Q11546385,Musashinonomori Park,NA,NA,NA,NA,NA,6,NA,NA,NA,139.655776246888,35.6661787766663,NA
Ariake Arena,New,Volleyball,In use,2020,Tokyo,NA,Japan,2013,exact,JPN,41369.1948479498,74,32885.497,2013,0,Ariake Arena,arena,http://www.wikidata.org/entity/Q28068157,Ariake Arena,Point(139.7943 35.6434),NA,2019,P1619,1,6,7,139.7943,35.6434,139.655776246888,35.6661787766663,7.943475656282901
St Kilda Town Hall,Existing,Fencing,In use,1956,Melbourne / Stockholm,NA,Australia,1949,exact,AUS,NA,NA,1715.756,1975,26,1956 Summer Olympics,Summer Olympic Games edition,http://www.wikidata.org/entity/Q8411,1956 Summer Olympics,NA,NA,NA,NA,NA,70,NA,NA,NA,145.058580063275,-37.8309340010454,NA
Olympiaschanze St. Moritz,Existing,"Ski jumping,
Nordic combined",Not in use (demolished),1948,St. Moritz,urban redevelopment - not a failure,Switzerland,1946,exact,CHE,NA,NA,NA,NA,NA,1948 Winter Olympics,international sporting event; Winter Olympic Games edition,http://www.wikidata.org/entity/Q9615,1948 Winter Olympics,NA,NA,NA,NA,NA,78,NA,NA,NA,NA,NA,NA
Melbourne Olympic Swimming and Diving Stadium,New build,"Swimming, diving, water
polo, modern pentathlon
(swimming)",In use,1956,Melbourne / Stockholm,NA,Australia,1949,exact,AUS,NA,NA,1715.756,1975,26,1956 Summer Olympics,Summer Olympic Games edition,http://www.wikidata.org/entity/Q8411,1956 Summer Olympics,NA,NA,NA,NA,NA,70,NA,NA,NA,145.058580063275,-37.8309340010454,NA
Royal Australian Air Force Station,New build,Shooting,In use,1956,Melbourne / Stockholm,NA,Australia,1949,exact,AUS,NA,NA,1715.756,1975,26,1956 Summer Olympics,Summer Olympic Games edition,http://www.wikidata.org/entity/Q8411,1956 Summer Olympics,NA,NA,NA,NA,NA,70,NA,NA,NA,145.058580063275,-37.8309340010454,NA
Melbourne Olympic Park Stadium,New build,"Hockey, football",In use,1956,Melbourne / Stockholm,NA,Australia,1949,exact,AUS,NA,NA,1715.756,1975,26,Olympic Park Stadium (Melbourne),association football venue,http://www.wikidata.org/entity/Q1847793,Olympic Park Stadium,NA,NA,NA,NA,NA,70,NA,NA,NA,145.058580063275,-37.8309340010454,NA
Melbourne Olympic Park Velodrome,New build,Cycling (track),In use,1956,Melbourne / Stockholm,NA,Australia,1949,exact,AUS,NA,NA,1715.756,1975,26,1956 Summer Olympics,Summer Olympic Games edition,http://www.wikidata.org/entity/Q8411,1956 Summer Olympics,NA,NA,NA,NA,NA,70,NA,NA,NA,145.058580063275,-37.8309340010454,NA
Melbourne Olympic Village,New build,Athlete accommodation,In use,1956,Melbourne / Stockholm,NA,Australia,1949,exact,AUS,NA,NA,1715.756,1975,26,1956 Summer Olympics,Summer Olympic Games edition,http://www.wikidata.org/entity/Q8411,1956 Summer Olympics,NA,NA,NA,NA,NA,70,NA,NA,NA,145.058580063275,-37.8309340010454,NA
Broadmeadows,Temporary,Cycling (road),In use,1956,Melbourne / Stockholm,NA,Australia,1949,exact,AUS,NA,NA,1715.756,1975,26,1956 Summer Olympics,Summer Olympic Games edition,http://www.wikidata.org/entity/Q8411,1956 Summer Olympics,NA,NA,NA,NA,NA,70,NA,NA,NA,145.058580063275,-37.8309340010454,NA
Lake Wendouree (Ballarat),Existing,"Rowing, canoe sprint",In use,1956,Melbourne / Stockholm,NA,Australia,1949,exact,AUS,NA,NA,1715.756,1975,26,1956 Summer Olympics,Summer Olympic Games edition,http://www.wikidata.org/entity/Q8411,1956 Summer Olympics,NA,NA,NA,NA,NA,70,NA,NA,NA,145.058580063275,-37.8309340010454,NA
Stockholm Olympic Stadium,Existing,"Dressage, jumping,
eventing",In use,1956,Melbourne / Stockholm,NA,Australia,1949,exact,AUS,NA,NA,1715.756,1975,26,Stockholm Olympic Stadium,stadium; architectural ensemble,http://www.wikidata.org/entity/Q727078,Stockholm Olympic Stadium,NA,NA,NA,NA,NA,70,NA,NA,NA,145.058580063275,-37.8309340010454,NA
"Faboda Natural Reserve, Lilljansskogen (Stockholm)",Existing,Eventing,In use,1956,Melbourne / Stockholm,NA,Australia,1949,exact,AUS,NA,NA,1715.756,1975,26,NA,NA,NA,NA,NA,NA,NA,NA,NA,70,NA,NA,NA,145.058580063275,-37.8309340010454,NA
Skistadion,Existing,"Cross-country skiing,
Nordic combined",Not in use (demolished),1948,St. Moritz,urban redevelopment - not a failure,Switzerland,1946,exact,CHE,NA,NA,NA,NA,NA,Switzerland at the 1928 Winter Olympics,Olympic delegation,http://www.wikidata.org/entity/Q142777,Switzerland at the 1928 Winter Olympics,NA,NA,NA,NA,NA,78,NA,NA,NA,NA,NA,NA
"Stockholm Olympic Village (Karlberg Castle, Stockholm)",Existing,Athlete accommodation,In use,1956,Melbourne / Stockholm,NA,Australia,1949,exact,AUS,NA,NA,1715.756,1975,26,List of Olympic Villages,Wikimedia list article,http://www.wikidata.org/entity/Q135474649,list of Olympic Villages,NA,NA,NA,NA,NA,70,NA,NA,NA,145.058580063275,-37.8309340010454,NA
"Stockholm Olympic Village (Näsby Castle, Stockholm)",Existing,Athlete accommodation,In use,1956,Melbourne / Stockholm,NA,Australia,1949,exact,AUS,NA,NA,1715.756,1975,26,NA,NA,NA,NA,NA,NA,NA,NA,NA,70,NA,NA,NA,145.058580063275,-37.8309340010454,NA
Bobsleigh Run,Existing,Bobsleigh,Dismantled (temporary),1956,Cortina d’Ampezzo,NA,Italy,1949,exact,ITA,NA,NA,NA,NA,NA,2026 Winter Olympics,Winter Olympic Games edition,http://www.wikidata.org/entity/Q4630399,2026 Winter Olympics,NA,NA,NA,NA,NA,70,NA,NA,NA,NA,NA,NA
Ski Jump Italia,Existing,"Ski jumping, Nordic
combined",In use (repurposed),1956,Cortina d’Ampezzo,NA,Italy,1949,exact,ITA,NA,NA,NA,NA,NA,2026 Winter Olympics,Winter Olympic Games edition,http://www.wikidata.org/entity/Q4630399,2026 Winter Olympics,NA,NA,NA,NA,NA,70,NA,NA,NA,NA,NA,NA
Apollonio Stadium,Existing,Ice hockey,In use,1956,Cortina d’Ampezzo,NA,Italy,1949,exact,ITA,NA,NA,NA,NA,NA,1956 Winter Olympics,Winter Olympic Games edition,http://www.wikidata.org/entity/Q9632,1956 Winter Olympics,NA,NA,NA,NA,NA,70,NA,NA,NA,NA,NA,NA
"Tofana di Mezzo: the Olympia, Canalone and Col Druscié runs",Existing,Alpine skiing,In use,1956,Cortina d’Ampezzo,NA,Italy,1949,exact,ITA,NA,NA,NA,NA,NA,NA,NA,NA,NA,NA,NA,NA,NA,NA,70,NA,NA,NA,NA,NA,NA
Monte Faloria: Ilio Colli run,Existing,Alpine skiing,In use,1956,Cortina d’Ampezzo,NA,Italy,1949,exact,ITA,NA,NA,NA,NA,NA,NA,NA,NA,NA,NA,NA,NA,NA,NA,70,NA,NA,NA,NA,NA,NA
Cortina d’Ampezzo Olympic Ice Stadium,New build,"Ice hockey, figure skating,
Opening and Closing
Ceremonies",In use,1956,Cortina d’Ampezzo,NA,Italy,1949,exact,ITA,NA,NA,NA,NA,NA,2026 Winter Olympics,Winter Olympic Games edition,http://www.wikidata.org/entity/Q4630399,2026 Winter Olympics,NA,NA,NA,NA,NA,70,NA,NA,NA,NA,NA,NA
Snow Stadium,Temporary,"Cross-country skiing,
Nordic combined",Dismantled (temporary),1956,Cortina d’Ampezzo,NA,Italy,1949,exact,ITA,NA,NA,NA,NA,NA,2026 Winter Olympics,Winter Olympic Games edition,http://www.wikidata.org/entity/Q4630399,2026 Winter Olympics,NA,NA,NA,NA,NA,70,NA,NA,NA,NA,NA,NA
Olympic Stadium,Existing,"Athletics, equestrian
(jumping), Opening and
Closing Ceremonies",In use,1960,Rome,NA,Italy,1955,exact,ITA,NA,NA,1938.676,1975,20,Stadio Olimpico,Olympic stadium; association football venue; rugby union venue,http://www.wikidata.org/entity/Q159884,Stadio Olimpico,Point(12.454722222 41.933888888),70634,1953,P1619,7,66,73,12.454722222,41.933888888,12.5140259735732,41.8887035629011,4.368953787316799
Piazza di Siena,Existing,"Jumping, dressage",In use,1960,Rome,NA,Italy,1955,exact,ITA,NA,NA,1938.676,1975,20,Siena,city; comune of Italy; college town,http://www.wikidata.org/entity/Q2751,Siena,NA,NA,NA,NA,NA,66,NA,NA,NA,12.5140259735732,41.8887035629011,NA
Marble Stadium,Existing,Hockey,In use,1960,Rome,NA,Italy,1955,exact,ITA,NA,NA,1938.676,1975,20,Panathenaic Stadium,Olympic stadium; multi-purpose sports venue; pitch; all-seater stadium; monument; Ancient Greek stadium,http://www.wikidata.org/entity/Q208811,Panathenaic Stadium,NA,NA,NA,NA,NA,66,NA,NA,NA,12.5140259735732,41.8887035629011,NA
Umberto I Shooting Range,Existing,"Shooting, modern
pentathlon (shooting)",In use,1960,Rome,NA,Italy,1955,exact,ITA,NA,NA,1938.676,1975,20,Umberto I Shooting Range,shooting range; sports venue,http://www.wikidata.org/entity/Q7881280,Umberto I Shooting Range,NA,NA,NA,NA,NA,66,NA,NA,NA,12.5140259735732,41.8887035629011,NA
Baths of Caracalla,Existing,Artistic gymnastics,In use,1960,Rome,NA,Italy,1955,exact,ITA,NA,NA,1938.676,1975,20,Baths of Caracalla,museum; archaeological site; archaeological park; Italian national museum; thermae; ancient Roman structure; national museum; archaeological artifact museum; Museum of the Italian Ministry of Culture,http://www.wikidata.org/entity/Q502098,Baths of Caracalla,NA,NA,NA,NA,NA,66,NA,NA,NA,12.5140259735732,41.8887035629011,NA
Acquasanta Golf Club Course,Existing,"Modern pentathlon
(running)",In use,1960,Rome,NA,Italy,1955,exact,ITA,NA,NA,1938.676,1975,20,Acqua Santa Golf Club Course,golf course,http://www.wikidata.org/entity/Q1092806,Acqua Santa Golf Club Course,Point(12.53833333 41.84833333),NA,1903,P571,57,66,123,12.53833333,41.84833333,12.5140259735732,41.8887035629011,3.060300386069978
Basilica of Maxentius,Existing,Wrestling,In use,1960,Rome,NA,Italy,1955,exact,ITA,NA,NA,1938.676,1975,20,Basilica of Maxentius,archaeological site; civil basilica,http://www.wikidata.org/entity/Q371921,Basilica of Maxentius,NA,NA,NA,NA,NA,66,NA,NA,NA,12.5140259735732,41.8887035629011,NA
Congress Palace,Existing,"Fencing, modern
pentathlon (fencing)",In use,1960,Rome,NA,Italy,1955,exact,ITA,NA,NA,1938.676,1975,20,Palais des Papes,palace; art museum; palace of the Popes,http://www.wikidata.org/entity/Q143463,Palais des Papes,NA,NA,NA,NA,NA,66,NA,NA,NA,12.5140259735732,41.8887035629011,NA
Malmi Rifle Range,Existing,Shooting,Not in use (demolished),1952,Helsinki,urban redevelopment - not a failure,Finland,1947,exact,FIN,NA,NA,268.059,1975,28,"Malmi, Helsinki",neighbourhood of Helsinki,http://www.wikidata.org/entity/Q3087996,Malmi,NA,NA,NA,NA,NA,74,NA,NA,NA,24.9253601637083,60.2121334374591,NA
Pratoni del Vivaro,New build,Eventing,In use,1960,Rome,NA,Italy,1955,exact,ITA,NA,NA,1938.676,1975,20,1960 Summer Olympics,Summer Olympic Games edition,http://www.wikidata.org/entity/Q8415,1960 Summer Olympics,NA,NA,NA,NA,NA,66,NA,NA,NA,12.5140259735732,41.8887035629011,NA
Bokwang Phoenix Park,Existing,"Snowboard and
freestyle skiing",In use,2018,PyeongChang,NA,South Korea,2011,exact,KOR,26175.2398553363,NA,NA,NA,NA,Phoenix Pyeongchang,ski resort,http://www.wikidata.org/entity/Q2909263,Bokwang Phoenix Park,NA,NA,NA,NA,NA,8,NA,NA,NA,NA,NA,NA
Yongpyong Alpine Centre,Existing,"Alpine skiing (slalom, giant
slalom)",In use,2018,PyeongChang,NA,South Korea,2011,exact,KOR,26175.2398553363,NA,NA,NA,NA,Mona Yongpyong,ski resort,http://www.wikidata.org/entity/Q485409,Yongpyong Resort,NA,NA,NA,NA,NA,8,NA,NA,NA,NA,NA,NA
Lake Lanier,New build,"Rowing, canoe sprint",In use,1996,Atlanta,NA,United States,1990,exact,USA,23888.6000088133,NA,56.211,1995,5,Lake Lanier,reservoir,http://www.wikidata.org/entity/Q3295796,Lake Lanier,NA,NA,NA,NA,NA,30,NA,NA,NA,-84.3638559949554,33.7897001713732,NA
Ocoee Whitewater Center,New build,Canoe slalom,In use,1996,Atlanta,NA,United States,1990,exact,USA,23888.6000088133,NA,56.211,1995,5,Ocoee Whitewater Center,artificial whitewater,http://www.wikidata.org/entity/Q917384,Ocoee Whitewater Center,NA,NA,NA,NA,NA,30,NA,NA,NA,-84.3638559949554,33.7897001713732,NA
Hakuba Happo’one Ski Area,Existing,Alpine skiing,In use,1998,Nagano,NA,Japan,1991,exact,JPN,30048.1401766828,NA,197.95,1991,0,Hakuba Happoone Winter Resort,ski resort,http://www.wikidata.org/entity/Q4251293,Hakuba Happoone Winter Resort,NA,NA,NA,NA,NA,28,NA,NA,NA,138.197513392661,36.6391473114782,NA
Shiga Kogen - Mount Higashidate,Existing,Alpine skiing,In use,1998,Nagano,NA,Japan,1991,exact,JPN,30048.1401766828,NA,197.95,1991,0,"Yamanouchi, Nagano",town of Japan,http://www.wikidata.org/entity/Q1204468,Yamanouchi,NA,NA,NA,NA,NA,28,NA,NA,NA,138.197513392661,36.6391473114782,NA
Shiga Kogen - Mount Yakebitai,Existing,Snowboard,In use,1998,Nagano,NA,Japan,1991,exact,JPN,30048.1401766828,NA,197.95,1991,0,Shiga Highlands,highland,http://www.wikidata.org/entity/Q1532916,Shiga Highlands,NA,NA,NA,NA,NA,28,NA,NA,NA,138.197513392661,36.6391473114782,NA
Spiral Track,New build,"Bobsleigh, luge",Not in use (demolished),1998,Nagano,abandoned before demolition - this is the white elephant,Japan,1991,exact,JPN,30048.1401766828,NA,197.95,1991,0,Spiral (disambiguation),Wikimedia disambiguation page,http://www.wikidata.org/entity/Q235900,Spiral,NA,NA,NA,NA,NA,28,NA,NA,NA,138.197513392661,36.6391473114782,NA
Nozawa Onsen Biathlon Venue,Existing,Biathlon,In use,1998,Nagano,NA,Japan,1991,exact,JPN,30048.1401766828,NA,197.95,1991,0,1998 Winter Olympics,Winter Olympic Games edition,http://www.wikidata.org/entity/Q9664,1998 Winter Olympics,NA,NA,NA,NA,NA,28,NA,NA,NA,138.197513392661,36.6391473114782,NA
Kazakoshi Park Arena,Existing,Curling,In use,1998,Nagano,NA,Japan,1991,exact,JPN,30048.1401766828,NA,197.95,1991,0,Kazakoshi Park Arena,arena; ice rink,http://www.wikidata.org/entity/Q6380849,Karuizawa Kazakoshi Park Ice Arena,Point(138.59872 36.323847),1695,1996,P1619,2,28,30,138.59872,36.323847,138.197513392661,36.6391473114782,31.20194641875178
Snow Harp,New build,"Cross-country skiing,
Nordic combined",In use,1998,Nagano,NA,Japan,1991,exact,JPN,30048.1401766828,NA,197.95,1991,0,Snow Harp,cross-country ski stadium,http://www.wikidata.org/entity/Q7548232,Snow Harp,Point(137.858 36.634),20000,1996,P1619,2,28,30,137.858,36.634,138.197513392661,36.6391473114782,18.84813505135508
Hakuba Ski Jumping Stadium,New build,"Ski jumping, Nordic
combined",In use,1998,Nagano,NA,Japan,1991,exact,JPN,30048.1401766828,NA,197.95,1991,0,Hakuba Ski Jumping Stadium,ski jumping complex,http://www.wikidata.org/entity/Q1200201,Hakuba Ski Jumping Stadium,NA,NA,NA,NA,NA,28,NA,NA,NA,138.197513392661,36.6391473114782,NA
Sydney Entertainment Centre,Existing,Volleyball,Not in use (demolished),2000,Sydney,urban redevelopment - not a failure,Australia,1993,exact,AUS,17724.5399501656,NA,2814.738,1993,0,Sydney Entertainment Centre,stadium,http://www.wikidata.org/entity/Q29726,Sydney Entertainment Centre,Point(151.202778 -33.878333),13250,1983,P1619,17,26,43,151.202778,-33.878333,151.078965122611,-33.8589905191914,7.235813120371226
M-Wave,New build,Speed skating,In use,1998,Nagano,NA,Japan,1991,exact,JPN,30048.1401766828,NA,197.95,1991,0,M-Wave,ice rink; indoor arena,http://www.wikidata.org/entity/Q672924,M-Wave,Point(138.240319 36.640556),10000,1996,P1619,2,28,30,138.240319,36.640556,138.197513392661,36.6391473114782,2.377832901892625
Big Hat,New build,Ice hockey,In use,1998,Nagano,NA,Japan,1991,exact,JPN,30048.1401766828,NA,197.95,1991,0,Big Hat,arena,http://www.wikidata.org/entity/Q180156,Big Hat,Point(138.195833 36.629722),5000,1995,P1619,3,28,31,138.195833,36.629722,138.197513392661,36.6391473114782,0.6585955866283157
Stone Mountain Park Archery Center,Temporary,Archery,Dismantled (temporary),1996,Atlanta,NA,United States,1990,exact,USA,23888.6000088133,NA,56.211,1995,5,Stone Mountain,mountain,http://www.wikidata.org/entity/Q609700,Stone Mountain,NA,NA,NA,NA,NA,30,NA,NA,NA,-84.3638559949554,33.7897001713732,NA
Buckhead Cycling Course,Temporary,Cycling (road),Dismantled (temporary),1996,Atlanta,NA,United States,1990,exact,USA,23888.6000088133,NA,56.211,1995,5,Buckhead,neighborhood,http://www.wikidata.org/entity/Q2333137,Buckhead,NA,NA,NA,NA,NA,30,NA,NA,NA,-84.3638559949554,33.7897001713732,NA
Florida Citrus Bowl,Existing,Football,In use,1996,Atlanta,NA,United States,1990,exact,USA,23888.6000088133,NA,56.211,1995,5,Football at the 1996 Summer Olympics – Men's tournament,Olympic sporting event,http://www.wikidata.org/entity/Q1140069,football at the 1996 Summer Olympics – men's tournament,NA,NA,NA,NA,NA,30,NA,NA,NA,-84.3638559949554,33.7897001713732,NA
Golden Park,Existing,Softball,In use,1996,Atlanta,NA,United States,1990,exact,USA,23888.6000088133,NA,56.211,1995,5,Atlanta,county seat; city in the United States; big city; municipality of Georgia,http://www.wikidata.org/entity/Q23556,Atlanta,NA,NA,NA,NA,NA,30,NA,NA,NA,-84.3638559949554,33.7897001713732,NA
Legion Field,Existing,Football,In use,1996,Atlanta,NA,United States,1990,exact,USA,23888.6000088133,NA,56.211,1995,5,Legion Field,stadium,http://www.wikidata.org/entity/Q3175504,Legion Field,Point(-86.842777777 33.511388888),71594,1927,P1619,69,30,99,-86.842777777,33.511388888,-84.3638559949554,33.7897001713732,144.02525160515452
Orange Bowl,Existing,Football,In use (rebuilt),1996,Atlanta,NA,United States,1990,exact,USA,23888.6000088133,NA,56.211,1995,5,Miami Orange Bowl,American football field; destroyed building or structure,http://www.wikidata.org/entity/Q619512,Miami Orange Bowl,Point(-80.219808333 25.77805),23330,1937,P1619,59,30,89,-80.219808333,25.77805,-84.3638559949554,33.7897001713732,607.283988236299
Robert F. Kennedy Memorial Stadium,Existing,Football,In use,1996,Atlanta,NA,United States,1990,exact,USA,23888.6000088133,NA,56.211,1995,5,Robert F. Kennedy Memorial Stadium,stadium; multi-purpose sports venue; destroyed building or structure; defunct sports venue,http://www.wikidata.org/entity/Q153312,Robert F. Kennedy Memorial Stadium,Point(-76.971944444 38.89),43500,1961,P1619,35,30,65,-76.971944444,38.89,-84.3638559949554,33.7897001713732,541.9577156219855
Sanford Stadium,Existing,Football,In use,1996,Atlanta,NA,United States,1990,exact,USA,23888.6000088133,NA,56.211,1995,5,Sanford Stadium,stadium,http://www.wikidata.org/entity/Q2221660,Sanford Stadium,Point(-83.373333333 33.949722222),92746,1929,P1619,67,30,97,-83.373333333,33.949722222,-84.3638559949554,33.7897001713732,57.95534312711342
Wassaw Sound,Existing,Sailing,In use,1996,Atlanta,NA,United States,1990,exact,USA,23888.6000088133,NA,56.211,1995,5,Wassaw Sound,bay,http://www.wikidata.org/entity/Q7972751,Wassaw Sound,NA,NA,NA,NA,NA,30,NA,NA,NA,-84.3638559949554,33.7897001713732,NA
University of Georgia Coliseum,Existing,"Rhythmic gymnastics,
volleyball",In use,1996,Atlanta,NA,United States,1990,exact,USA,23888.6000088133,NA,56.211,1995,5,Omni Coliseum,arena; multi-purpose hall; destroyed building or structure,http://www.wikidata.org/entity/Q1970067,Omni Coliseum,NA,NA,NA,NA,NA,30,NA,NA,NA,-84.3638559949554,33.7897001713732,NA
Alpensia Ski Jumping Stadium,Existing,Ski jumping,In use,2018,PyeongChang,NA,South Korea,2011,exact,KOR,26175.2398553363,NA,NA,NA,NA,Alpensia Ski Jumping Stadium,stadium; ski jumping complex,http://www.wikidata.org/entity/Q488308,Alpensia Ski Jumping Stadium,Point(128.6806 37.6617),11000,2008,P1619,10,8,18,128.6806,37.6617,NA,NA,NA
Alpensia Cross-Country Centre,Existing,"Cross-country skiing,
Nordic combined",In use,2018,PyeongChang,NA,South Korea,2011,exact,KOR,26175.2398553363,NA,NA,NA,NA,Alpensia Cross-Country Skiing Centre and Alpensia Biathlon Centre,stadium,http://www.wikidata.org/entity/Q18492960,Alpensia Cross-Country Centre,NA,NA,NA,NA,NA,8,NA,NA,NA,NA,NA,NA
Alpensia Biathlon Centre,Existing,Biathlon,In use,2018,PyeongChang,NA,South Korea,2011,exact,KOR,26175.2398553363,NA,NA,NA,NA,Alpensia Cross-Country Skiing Centre and Alpensia Biathlon Centre,stadium,http://www.wikidata.org/entity/Q18492960,Alpensia Cross-Country Centre,NA,NA,NA,NA,NA,8,NA,NA,NA,NA,NA,NA
Iizuna Kogen Ski Area,Existing,Freestyle skiing,Not in use (demolished),1998,Nagano,abandoned before demolition - this is the white elephant,Japan,1991,exact,JPN,30048.1401766828,NA,197.95,1991,0,Iizuna Kogen Ski Area,ski resort,http://www.wikidata.org/entity/Q5995064,Iizuna Kogen Ski Resort,NA,NA,NA,NA,NA,28,NA,NA,NA,138.197513392661,36.6391473114782,NA
Olympic Stadium,New,"Opening and Closing
Ceremonies, Athletics,
Football",In use,2020,Tokyo,NA,Japan,2013,exact,JPN,41369.1948479498,74,32885.497,2013,0,Japan National Stadium,Olympic stadium; multi-purpose sports venue; national stadium,http://www.wikidata.org/entity/Q14862239,Japan National Stadium,NA,NA,NA,NA,NA,6,NA,NA,NA,139.655776246888,35.6661787766663,NA
Tokyo Metropolitan Gymnasium,Existing,Table Tennis,In use,2020,Tokyo,NA,Japan,2013,exact,JPN,41369.1948479498,74,32885.497,2013,0,Tokyo Metropolitan Gymnasium,sports venue,http://www.wikidata.org/entity/Q1066903,Tokyo Metropolitan Gymnasium,NA,NA,NA,NA,NA,6,NA,NA,NA,139.655776246888,35.6661787766663,NA
Yoyogi National Stadium,Existing,Handball,In use,2020,Tokyo,NA,Japan,2013,exact,JPN,41369.1948479498,74,32885.497,2013,0,Yoyogi National Stadium,multi-purpose hall; music venue; indoor arena,http://www.wikidata.org/entity/Q1069457,Yoyogi National Gymnasium,NA,NA,NA,NA,NA,6,NA,NA,NA,139.655776246888,35.6661787766663,NA
Nippon Budokan,Existing,"Judo, Karate",In use,2020,Tokyo,NA,Japan,2013,exact,JPN,41369.1948479498,74,32885.497,2013,0,Nippon Budokan,arena; multi-purpose hall; budōkan,http://www.wikidata.org/entity/Q386246,Nippon Budōkan,NA,NA,NA,NA,NA,6,NA,NA,NA,139.655776246888,35.6661787766663,NA
Olympic Swimming Stadium,New build,"Swimming, diving, water
polo, modern pentathlon
(swimming)",In use,1960,Rome,NA,Italy,1955,exact,ITA,NA,NA,1938.676,1975,20,1960 Summer Olympics,Summer Olympic Games edition,http://www.wikidata.org/entity/Q8415,1960 Summer Olympics,NA,NA,NA,NA,NA,66,NA,NA,NA,12.5140259735732,41.8887035629011,NA
Piscina delle Rose,New build,Water polo,In use,1960,Rome,NA,Italy,1955,exact,ITA,NA,NA,1938.676,1975,20,Piscina delle Rose,swimming center,http://www.wikidata.org/entity/Q3905735,Piscina delle Rose,Point(12.4625 41.83083333),2000,1960,P1619,0,66,66,12.4625,41.83083333,12.5140259735732,41.8887035629011,4.803093121300445
Westend Tennis Hall,Existing,Fencing,Not in use (demolished),1952,Helsinki,urban redevelopment - not a failure,Finland,1947,exact,FIN,NA,NA,268.059,1975,28,"Westend, Espoo",locality; district of Espoo,http://www.wikidata.org/entity/Q10937429,Westend,NA,NA,NA,NA,NA,74,NA,NA,NA,24.9253601637083,60.2121334374591,NA
Sports Palace,New build,"Basketball, boxing",In use,1960,Rome,NA,Italy,1955,exact,ITA,NA,NA,1938.676,1975,20,Rome,metropolis; comune of Italy; border city; college town; tourist destination; big city; abolished municipality in Italy; largest city; national capital,http://www.wikidata.org/entity/Q220,Rome,NA,NA,NA,NA,NA,66,NA,NA,NA,12.5140259735732,41.8887035629011,NA
The Merritt Rifle Range or Williamstown Rifle Range,Existing,"Shooting, modern pentathlon (shooting)",Not in use (demolished),1956,Melbourne / Stockholm,urban redevelopment - not a failure,Australia,1949,exact,AUS,NA,NA,1715.756,1975,26,NA,NA,NA,NA,NA,NA,NA,NA,NA,70,NA,NA,NA,145.058580063275,-37.8309340010454,NA
"Ulriksdal Race Track, Kapplöpningsbana (Stockholm)",Existing,Eventing,Not in use (demolished),1956,Melbourne / Stockholm,urban redevelopment - not a failure,Australia,1949,exact,AUS,NA,NA,1715.756,1975,26,NA,NA,NA,NA,NA,NA,NA,NA,NA,70,NA,NA,NA,145.058580063275,-37.8309340010454,NA
SS Lazio Shooting Club,Existing,Shooting,Not in use (demolished),1960,Rome,abandoned before demolition - this is the white elephant,Italy,1955,exact,ITA,NA,NA,1938.676,1975,20,AS Roma,association football club; men's association football team,http://www.wikidata.org/entity/Q2739,AS Roma,NA,NA,NA,NA,NA,66,NA,NA,NA,12.5140259735732,41.8887035629011,NA
Olympic Village,New build,Athlete accommodation,In use,1960,Rome,NA,Italy,1955,exact,ITA,NA,NA,1938.676,1975,20,Rome,metropolis; comune of Italy; border city; college town; tourist destination; big city; abolished municipality in Italy; largest city; national capital,http://www.wikidata.org/entity/Q220,Rome,NA,NA,NA,NA,NA,66,NA,NA,NA,12.5140259735732,41.8887035629011,NA
"Communal Stadium, Florence",Existing,Football,In use,1960,Rome,NA,Italy,1955,exact,ITA,NA,NA,1938.676,1975,20,Stadio Artemio Franchi,association football venue,http://www.wikidata.org/entity/Q270474,Stadio Artemio Franchi,NA,NA,NA,NA,NA,66,NA,NA,NA,12.5140259735732,41.8887035629011,NA
"Communal Stadium, L’Aquila",Existing,Football,In use,1960,Rome,NA,Italy,1955,exact,ITA,NA,NA,1938.676,1975,20,1960 Summer Olympics,Summer Olympic Games edition,http://www.wikidata.org/entity/Q8415,1960 Summer Olympics,NA,NA,NA,NA,NA,66,NA,NA,NA,12.5140259735732,41.8887035629011,NA
"Communal Stadium, Grosseto",Existing,Football,In use,1960,Rome,NA,Italy,1955,exact,ITA,NA,NA,1938.676,1975,20,1960 Summer Olympics,Summer Olympic Games edition,http://www.wikidata.org/entity/Q8415,1960 Summer Olympics,NA,NA,NA,NA,NA,66,NA,NA,NA,12.5140259735732,41.8887035629011,NA
Ardenza Stadium,Existing,Football,In use,1960,Rome,NA,Italy,1955,exact,ITA,NA,NA,1938.676,1975,20,1960 Summer Olympics,Summer Olympic Games edition,http://www.wikidata.org/entity/Q8415,1960 Summer Olympics,NA,NA,NA,NA,NA,66,NA,NA,NA,12.5140259735732,41.8887035629011,NA
Passo Corese,Existing,"Modern pentathlon
(equestrian)",In use,1960,Rome,NA,Italy,1955,exact,ITA,NA,NA,1938.676,1975,20,Passo Corese,frazione,http://www.wikidata.org/entity/Q2453413,Passo Corese,NA,NA,NA,NA,NA,66,NA,NA,NA,12.5140259735732,41.8887035629011,NA
Bay of Naples,Existing,Sailing,In use,1960,Rome,NA,Italy,1955,exact,ITA,NA,NA,1938.676,1975,20,Gulf of Naples,bay,http://www.wikidata.org/entity/Q201385,Gulf of Naples,NA,NA,NA,NA,NA,66,NA,NA,NA,12.5140259735732,41.8887035629011,NA
Adriatico Stadium,New build,Football,In use,1960,Rome,NA,Italy,1955,exact,ITA,NA,NA,1938.676,1975,20,1960 Summer Olympics,Summer Olympic Games edition,http://www.wikidata.org/entity/Q8415,1960 Summer Olympics,NA,NA,NA,NA,NA,66,NA,NA,NA,12.5140259735732,41.8887035629011,NA
Fuorigrotta Stadium,New build,Football,In use,1960,Rome,NA,Italy,1955,exact,ITA,NA,NA,1938.676,1975,20,Stadio Diego Armando Maradona,multi-purpose sports venue,http://www.wikidata.org/entity/Q82709,Stadio Diego Armando Maradona,Point(14.193008 40.827967),54726,1959,P1619,1,66,67,14.193008,40.827967,12.5140259735732,41.8887035629011,113.9356478262199
Lake Albano,New build,"Rowing, canoe sprint",In use,1960,Rome,NA,Italy,1955,exact,ITA,NA,NA,1938.676,1975,20,Lake Albano,volcanic crater lake,http://www.wikidata.org/entity/Q849448,Lake Albano,NA,NA,NA,NA,NA,66,NA,NA,NA,12.5140259735732,41.8887035629011,NA
Atlanta Olympic Village,"Mixed:
existing/new build",Athlete accommodation,In use,1996,Atlanta,NA,United States,1990,exact,USA,23888.6000088133,NA,56.211,1995,5,Atlanta,county seat; city in the United States; big city; municipality of Georgia,http://www.wikidata.org/entity/Q23556,Atlanta,NA,NA,NA,NA,NA,30,NA,NA,NA,-84.3638559949554,33.7897001713732,NA
Georgia International Horse Park,New build,"Dressage, eventing,
jumping, mountain bike,
modern pentathlon
(equestrian)",In use,1996,Atlanta,NA,United States,1990,exact,USA,23888.6000088133,NA,56.211,1995,5,Georgia International Horse Park,architectural structure,http://www.wikidata.org/entity/Q1509294,Georgia International Horse Park,NA,NA,NA,NA,NA,30,NA,NA,NA,-84.3638559949554,33.7897001713732,NA
Olympic Stadium,New build,"Athletics, Opening and
Closing Ceremonies",In use,1996,Atlanta,NA,United States,1990,exact,USA,23888.6000088133,NA,56.211,1995,5,Atlanta–Fulton County Stadium,stadium,http://www.wikidata.org/entity/Q641243,Atlanta-Fulton County Stadium,NA,NA,NA,NA,NA,30,NA,NA,NA,-84.3638559949554,33.7897001713732,NA
Georgia Tech Aquatic Center,New build,"Swimming, diving, artistic
swimming, water polo, modern pentathlon (swimming)",In use,1996,Atlanta,NA,United States,1990,exact,USA,23888.6000088133,NA,56.211,1995,5,Georgia Tech Campus Recreation Center,sports venue,http://www.wikidata.org/entity/Q5547831,Georgia Tech Campus Recreation Center,Point(-84.4041 33.7757),NA,NA,NA,NA,30,NA,-84.4041,33.7757,-84.3638559949554,33.7897001713732,2.508180752713354
Morehouse College,New build,Basketball,In use,1996,Atlanta,NA,United States,1990,exact,USA,23888.6000088133,NA,56.211,1995,5,Morehouse College,school; college; historically black college or university; private not-for-profit educational institution,http://www.wikidata.org/entity/Q1524124,Morehouse College,NA,NA,NA,NA,NA,30,NA,NA,NA,-84.3638559949554,33.7897001713732,NA
Wolf Creek Shooting Complex,New build,Shooting,In use,1996,Atlanta,NA,United States,1990,exact,USA,23888.6000088133,NA,56.211,1995,5,Wolf Creek Shooting Complex,sports venue,http://www.wikidata.org/entity/Q8029829,Wolf Creek Shooting Complex,Point(-84.5675 33.6742),NA,NA,NA,NA,30,NA,-84.5675,33.6742,-84.3638559949554,33.7897001713732,14.17967546693413
Atlanta Beach,New build,Beach volleyball,In use (repurposed),1996,Atlanta,NA,United States,1990,exact,USA,23888.6000088133,NA,56.211,1995,5,Hartsfield–Jackson Atlanta International Airport,international airport; airport; commercial traffic aerodrome,http://www.wikidata.org/entity/Q214861,Hartsfield–Jackson Atlanta International Airport,NA,NA,NA,NA,NA,30,NA,NA,NA,-84.3638559949554,33.7897001713732,NA
Dynamo Shooting Range,Existing,"Shooting, modern
pentathlon (shooting)",Not in use (demolished),1980,Moscow,urban redevelopment - not a failure,Soviet Union,1974,exact,NA,NA,NA,NA,NA,NA,Dynamo Shooting Range,sports venue,http://www.wikidata.org/entity/Q5319121,Dynamo Shooting Range,NA,NA,NA,NA,NA,46,NA,NA,NA,NA,NA,NA
Stone Mountain Park Velodrome,Temporary,Cycling (track),Dismantled (temporary),1996,Atlanta,NA,United States,1990,exact,USA,23888.6000088133,NA,56.211,1995,5,Stone Mountain,mountain,http://www.wikidata.org/entity/Q609700,Stone Mountain,NA,NA,NA,NA,NA,30,NA,NA,NA,-84.3638559949554,33.7897001713732,NA
"Piestewa Peak, KT-22 Mountain and Papoose Peak",New build,Alpine skiing,In use,1960,Squaw Valley,NA,United States,1955,exact,USA,NA,NA,NA,NA,NA,NA,NA,NA,NA,NA,NA,NA,NA,NA,66,NA,NA,NA,NA,NA,NA
Olympic Village,New build,Athlete accommodation,In use,1960,Squaw Valley,NA,United States,1955,exact,USA,NA,NA,NA,NA,NA,"Olympic Valley, California",unincorporated community,http://www.wikidata.org/entity/Q822230,Olympic Valley,NA,NA,NA,NA,NA,66,NA,NA,NA,NA,NA,NA
Nikaia Olympic Weightlifting Hall,New build,Weightlifting,Not in use (demolished),2004,Athens,abandoned before demolition - this is the white elephant,Greece,1997,exact,GRC,13015.9175046854,NA,3278.09,1997,0,Nikaia Olympic Weightlifting Hall,sports venue,http://www.wikidata.org/entity/Q4887250,Nikaia Olympic Weightlifting Hall,Point(23.633888888 37.970555555),5100,NA,NA,NA,22,NA,23.633888888,37.970555555,23.7294821422573,37.9900827844442,5.384118896362712
Olympic Baseball Centre,New build,Baseball,Not in use (demolished),2004,Athens,abandoned before demolition - this is the white elephant,Greece,1997,exact,GRC,13015.9175046854,NA,3278.09,1997,0,Hellinikon Olympic Complex,arena,http://www.wikidata.org/entity/Q1332245,Hellinikon Olympic Complex,NA,NA,NA,NA,NA,22,NA,NA,NA,23.7294821422573,37.9900827844442,NA
East Rink,Temporary,Ice hockey,Dismantled (temporary),1960,Squaw Valley,NA,United States,1955,exact,USA,NA,NA,NA,NA,NA,1960 Winter Olympics,Winter Olympic Games edition,http://www.wikidata.org/entity/Q9634,1960 Winter Olympics,NA,NA,NA,NA,NA,66,NA,NA,NA,NA,NA,NA
Olympic Speed Skating Oval,Temporary,Speed skating,Dismantled (temporary),1960,Squaw Valley,NA,United States,1955,exact,USA,NA,NA,NA,NA,NA,1960 Winter Olympics,Winter Olympic Games edition,http://www.wikidata.org/entity/Q9634,1960 Winter Olympics,NA,NA,NA,NA,NA,66,NA,NA,NA,NA,NA,NA
McKinney Creek Stadium,Temporary,"Cross-country skiing,
Nordic combined",Dismantled (temporary),1960,Squaw Valley,NA,United States,1955,exact,USA,NA,NA,NA,NA,NA,McKinney Creek Stadium,sports venue,http://www.wikidata.org/entity/Q6801970,McKinney Creek Stadium,Point(-120.114 39.0511),NA,1960,P1619,0,66,66,-120.114,39.0511,NA,NA,NA
Corinthians Arena,New build,Football,In use,2016,Rio de Janeiro,NA,Brazil,2009,exact,BRA,8678.6592244676,NA,8926.759,2009,0,Arena Corinthians,association football venue,http://www.wikidata.org/entity/Q1362236,Neo Química Arena,NA,NA,NA,NA,NA,10,NA,NA,NA,-43.3666524274637,-22.8458452131082,NA
Fonte Nova Arena,New build,Football,In use,2016,Rio de Janeiro,NA,Brazil,2009,exact,BRA,8678.6592244676,NA,8926.759,2009,0,Arena Fonte Nova,stadium,http://www.wikidata.org/entity/Q6499360,Arena Fonte Nova,Point(-38.504252777 -12.978819444),47915,2013,P1619,3,10,13,-38.504252777,-12.978819444,-43.3666524274637,-22.8458452131082,753.5941974792274
Alpensia Olympic Sliding Centre,New build,"Bobsleigh, luge
and skeleton",In use,2018,PyeongChang,NA,South Korea,2011,exact,KOR,26175.2398553363,NA,NA,NA,NA,Olympic Sliding Centre,sports venue; bobsleigh track; artificial luge track,http://www.wikidata.org/entity/Q4734818,Alpensia Sliding Centre,Point(128.681389 37.6537139),7000,NA,NA,NA,8,NA,128.681389,37.6537139,NA,NA,NA
PyeongChang Olympic Village,New build,Athlete accommodation,In use,2018,PyeongChang,NA,South Korea,2011,exact,KOR,26175.2398553363,NA,NA,NA,NA,Pyeongchang County,county of South Korea,http://www.wikidata.org/entity/Q188624,Pyeongchang County,NA,NA,NA,NA,NA,8,NA,NA,NA,NA,NA,NA
PyeongChang Olympic Stadium,Temporary,"Opening and Closing
Ceremonies",Dismantled (temporary),2018,PyeongChang,NA,South Korea,2011,exact,KOR,26175.2398553363,NA,NA,NA,NA,Pyeongchang County,county of South Korea,http://www.wikidata.org/entity/Q188624,Pyeongchang County,NA,NA,NA,NA,NA,8,NA,NA,NA,NA,NA,NA
Gangneung Curling Centre,Existing,Curling,In use,2018,PyeongChang,NA,South Korea,2011,exact,KOR,26175.2398553363,NA,NA,NA,NA,2018 Winter Olympics,Winter Olympic Games edition,http://www.wikidata.org/entity/Q9680,2018 Winter Olympics,NA,NA,NA,NA,NA,8,NA,NA,NA,NA,NA,NA
Gangneung Oval,New build,Speed skating,In use (repurposed),2018,PyeongChang,NA,South Korea,2011,exact,KOR,26175.2398553363,NA,NA,NA,NA,Gangneung Oval,ice rink,http://www.wikidata.org/entity/Q13099333,Gangneung Science Oval,Point(128.897629 37.773708),8000,2017,P1619,1,8,9,128.897629,37.773708,NA,NA,NA
Gangneung Ice Arena,New build,Figure skating,In use,2018,PyeongChang,NA,South Korea,2011,exact,KOR,26175.2398553363,NA,NA,NA,NA,Gangneung Ice Arena,indoor ice rink,http://www.wikidata.org/entity/Q5624072,Gangneung Ice Arena,Point(128.896953 37.7785056),12000,2016,P1619,2,8,10,128.896953,37.7785056,NA,NA,NA
Gangneung Hockey Centre,New build,Ice hockey,In use,2018,PyeongChang,NA,South Korea,2011,exact,KOR,26175.2398553363,NA,NA,NA,NA,Gangneung Hockey Centre,sports venue,http://www.wikidata.org/entity/Q7885767,Gangneung Hockey Centre,Point(128.901 37.7749),NA,2016,P1619,2,8,10,128.901,37.7749,NA,NA,NA
Kwandong Hockey Centre,New build,Ice hockey,In use,2018,PyeongChang,NA,South Korea,2011,exact,KOR,26175.2398553363,NA,NA,NA,NA,2018 Winter Olympics,Winter Olympic Games edition,http://www.wikidata.org/entity/Q9680,2018 Winter Olympics,NA,NA,NA,NA,NA,8,NA,NA,NA,NA,NA,NA
Gangneung Olympic Village,New build,Athlete accommodation,In use,2018,PyeongChang,NA,South Korea,2011,exact,KOR,26175.2398553363,NA,NA,NA,NA,2018 Winter Olympics,Winter Olympic Games edition,http://www.wikidata.org/entity/Q9680,2018 Winter Olympics,NA,NA,NA,NA,NA,8,NA,NA,NA,NA,NA,NA
National Stadium,Existing,"Athletics, equestrian
(jumping), football,
Opening and Closing
Ceremonies",In use (rebuilt),1964,Tokyo,NA,Japan,1959,exact,JPN,NA,NA,24281.618,1975,16,Japan National Stadium,Olympic stadium; multi-purpose sports venue; national stadium,http://www.wikidata.org/entity/Q14862239,Japan National Stadium,NA,NA,NA,NA,NA,62,NA,NA,NA,139.655776246888,35.6661787766663,NA
Baji Koen Equestrian Park,Existing,Equestrian (dressage),In use (rebuilt),1964,Tokyo,NA,Japan,1959,exact,JPN,NA,NA,24281.618,1975,16,Tokyo Equestrian Park,urban park; equestrian facility,http://www.wikidata.org/entity/Q11667807,Equestrian Park,NA,NA,NA,NA,NA,62,NA,NA,NA,139.655776246888,35.6661787766663,NA
Tokyo Metropolitan Gymnasium,Existing,Artistic gymnastics,In use,1964,Tokyo,NA,Japan,1959,exact,JPN,NA,NA,24281.618,1975,16,Tokyo Metropolitan Gymnasium,sports venue,http://www.wikidata.org/entity/Q1066903,Tokyo Metropolitan Gymnasium,NA,NA,NA,NA,NA,62,NA,NA,NA,139.655776246888,35.6661787766663,NA
Toda Rowing Course,Existing,Rowing,In use,1964,Tokyo,NA,Japan,1959,exact,JPN,NA,NA,24281.618,1975,16,Toda Rowing Course,rowing and canoeing venue,http://www.wikidata.org/entity/Q7812115,Toda Rowing Course,NA,NA,NA,NA,NA,62,NA,NA,NA,139.655776246888,35.6661787766663,NA
Tokyo Metropolitan Indoor Swimming Pool,Existing,Water polo,In use,1964,Tokyo,NA,Japan,1959,exact,JPN,NA,NA,24281.618,1975,16,Tokyo Metropolitan Gymnasium,sports venue,http://www.wikidata.org/entity/Q1066903,Tokyo Metropolitan Gymnasium,NA,NA,NA,NA,NA,62,NA,NA,NA,139.655776246888,35.6661787766663,NA
Korakuen Ice Palace,Existing,Boxing,In use,1964,Tokyo,NA,Japan,1959,exact,JPN,NA,NA,24281.618,1975,16,Boxing at the 1958 Asian Games – Men's 81 kg,sporting event,http://www.wikidata.org/entity/Q125292506,Boxing at the 1958 Asian Games – Men's 81 kg,NA,NA,NA,NA,NA,62,NA,NA,NA,139.655776246888,35.6661787766663,NA
Prince Chichibu Memorial Football Field,Existing,Football,In use,1964,Tokyo,NA,Japan,1959,exact,JPN,NA,NA,24281.618,1975,16,Chichibunomiya Rugby Stadium,stadium; rugby union venue,http://www.wikidata.org/entity/Q631237,Chichibunomiya Rugby Stadium,Point(139.718169 35.672603),24871,1947,P1619,17,62,79,139.718169,35.672603,139.655776246888,35.6661787766663,3.53415247796557
Waseda Memorial Hall,Existing,"Fencing, modern
pentathlon (fencing)",In use,1964,Tokyo,NA,Japan,1959,exact,JPN,NA,NA,24281.618,1975,16,Waseda University,higher education institution; private university; academic publisher,http://www.wikidata.org/entity/Q274486,Waseda University,NA,NA,NA,NA,NA,62,NA,NA,NA,139.655776246888,35.6661787766663,NA
Yokohama Cultural Gymnasium,Existing,Volleyball,In use,1964,Tokyo,NA,Japan,1959,exact,JPN,NA,NA,24281.618,1975,16,Kanagawa Prefecture,prefecture of Japan,http://www.wikidata.org/entity/Q127513,Kanagawa Prefecture,NA,NA,NA,NA,NA,62,NA,NA,NA,139.655776246888,35.6661787766663,NA
Flaminio Stadium,New build,Football,Not in use (reconstruction),1960,Rome,urban redevelopment - not a failure,Italy,1955,exact,ITA,NA,NA,1938.676,1975,20,Stadio Flaminio,association football venue; rugby union venue,http://www.wikidata.org/entity/Q1348100,Stadio Flaminio,NA,NA,NA,NA,NA,66,NA,NA,NA,12.5140259735732,41.8887035629011,NA
Komazawa First Hockey Fields,New build,Hockey,In use,1964,Tokyo,NA,Japan,1959,exact,JPN,NA,NA,24281.618,1975,16,Komazawa Hockey Field,sports venue,http://www.wikidata.org/entity/Q6428226,Komazawa Hockey Field,NA,NA,NA,NA,NA,62,NA,NA,NA,139.655776246888,35.6661787766663,NA
Komazawa Second Hockey Fields,New build,Hockey,In use,1964,Tokyo,NA,Japan,1959,exact,JPN,NA,NA,24281.618,1975,16,Komazawa Hockey Field,sports venue,http://www.wikidata.org/entity/Q6428226,Komazawa Hockey Field,NA,NA,NA,NA,NA,62,NA,NA,NA,139.655776246888,35.6661787766663,NA
Komazawa Third Hockey Fields,New build,Hockey,In use,1964,Tokyo,NA,Japan,1959,exact,JPN,NA,NA,24281.618,1975,16,Komazawa Hockey Field,sports venue,http://www.wikidata.org/entity/Q6428226,Komazawa Hockey Field,NA,NA,NA,NA,NA,62,NA,NA,NA,139.655776246888,35.6661787766663,NA
Asaka Shooting Range,New build,"Shooting, modern
pentathlon (shooting)",In use,1964,Tokyo,NA,Japan,1959,exact,JPN,NA,NA,24281.618,1975,16,Camp Asaka,garrison,http://www.wikidata.org/entity/Q4803412,Camp Asaka,NA,NA,NA,NA,NA,62,NA,NA,NA,139.655776246888,35.6661787766663,NA
Enoshima Yacht Harbour,New build,Sailing,In use,1964,Tokyo,NA,Japan,1959,exact,JPN,NA,NA,24281.618,1975,16,Sailing at the 2020 Summer Olympics – Laser,Olympic sporting event,http://www.wikidata.org/entity/Q65229879,sailing at the 2020 Summer Olympics – Laser,NA,NA,NA,NA,NA,62,NA,NA,NA,139.655776246888,35.6661787766663,NA
Komazawa Gymnasium,New build,Wrestling,In use,1964,Tokyo,NA,Japan,1959,exact,JPN,NA,NA,24281.618,1975,16,Komazawa Gymnasium,gym,http://www.wikidata.org/entity/Q6428225,Komazawa Gymnasium,NA,NA,NA,NA,NA,62,NA,NA,NA,139.655776246888,35.6661787766663,NA
Komazawa Stadium,New build,Football,In use,1964,Tokyo,NA,Japan,1959,exact,JPN,NA,NA,24281.618,1975,16,Komazawa Olympic Park Stadium,Q121072018,http://www.wikidata.org/entity/Q4229116,Komazawa Olympic Park Stadium,NA,NA,NA,NA,NA,62,NA,NA,NA,139.655776246888,35.6661787766663,NA
Komazawa Volleyball,New build,Volleyball,In use,1964,Tokyo,NA,Japan,1959,exact,JPN,NA,NA,24281.618,1975,16,Komazawa Volleyball Courts,arena,http://www.wikidata.org/entity/Q6428229,Komazawa Volleyball Courts,Point(139.662867 35.623043),NA,NA,NA,NA,62,NA,139.662867,35.623043,139.655776246888,35.6661787766663,3.010244871361574
Mitsuzawa Football Field,New build,Football,In use,1964,Tokyo,NA,Japan,1959,exact,JPN,NA,NA,24281.618,1975,16,NHK Spring Mitsuzawa Football Stadium,association football venue; rugby union venue,http://www.wikidata.org/entity/Q1749770,Nippatsu Mitsuzawa Stadium,NA,NA,NA,NA,NA,62,NA,NA,NA,139.655776246888,35.6661787766663,NA
National Gymnasium Annex,New build,Basketball,In use (repurposed),1964,Tokyo,NA,Japan,1959,exact,JPN,NA,NA,24281.618,1975,16,Yoyogi National Stadium,multi-purpose hall; music venue; indoor arena,http://www.wikidata.org/entity/Q1069457,Yoyogi National Gymnasium,NA,NA,NA,NA,NA,62,NA,NA,NA,139.655776246888,35.6661787766663,NA
Nippon Budokan Hall,New build,Judo,In use,1964,Tokyo,NA,Japan,1959,exact,JPN,NA,NA,24281.618,1975,16,Nippon Budokan,arena; multi-purpose hall; budōkan,http://www.wikidata.org/entity/Q386246,Nippon Budōkan,NA,NA,NA,NA,NA,62,NA,NA,NA,139.655776246888,35.6661787766663,NA
Omiya Football Field,New build,Football,In use,1964,Tokyo,NA,Japan,1959,exact,JPN,NA,NA,24281.618,1975,16,NACK5 Stadium Omiya,association football venue,http://www.wikidata.org/entity/Q1189715,NACK5 Stadium Omiya,NA,NA,NA,NA,NA,62,NA,NA,NA,139.655776246888,35.6661787766663,NA
Shibuya Public Hall,New build,Weightlifting,In use (rebuilt),1964,Tokyo,NA,Japan,1959,exact,JPN,NA,NA,24281.618,1975,16,Shibuya Public Hall,music venue,http://www.wikidata.org/entity/Q1634356,Shibuya Public Hall,NA,NA,NA,NA,NA,62,NA,NA,NA,139.655776246888,35.6661787766663,NA
National Gymnasium,New build,"Swimming, diving, water
polo, modern pentathlon
(swimming)",In use (repurposed),1964,Tokyo,NA,Japan,1959,exact,JPN,NA,NA,24281.618,1975,16,Tokyo Metropolitan Gymnasium,sports venue,http://www.wikidata.org/entity/Q1066903,Tokyo Metropolitan Gymnasium,NA,NA,NA,NA,NA,62,NA,NA,NA,139.655776246888,35.6661787766663,NA
Small Sports Palace,New build,"Basketball, weightlifting",Not in use (reconstruction),1960,Rome,urban redevelopment - not a failure,Italy,1955,exact,ITA,NA,NA,1938.676,1975,20,Rome,metropolis; comune of Italy; border city; college town; tourist destination; big city; abolished municipality in Italy; largest city; national capital,http://www.wikidata.org/entity/Q220,Rome,NA,NA,NA,NA,NA,66,NA,NA,NA,12.5140259735732,41.8887035629011,NA
Hachioji Cycling Road Race Course,Temporary,Cycling (road),Dismantled (temporary),1964,Tokyo,NA,Japan,1959,exact,JPN,NA,NA,24281.618,1975,16,Cycling at the 1964 Summer Olympics – Men's individual road race,Olympic sporting event; cycling at the Summer Olympics – men's individual road race,http://www.wikidata.org/entity/Q5198354,cycling at the 1964 Summer Olympics – men's individual road race,NA,NA,NA,NA,NA,62,NA,NA,NA,139.655776246888,35.6661787766663,NA
Hachioji Velodrome,Temporary,Cycling (track),Dismantled (temporary),1964,Tokyo,NA,Japan,1959,exact,JPN,NA,NA,24281.618,1975,16,Hachioji Velodrome,velodrome,http://www.wikidata.org/entity/Q5637081,Hachioji Velodrome,Point(139.288745 35.649354),NA,1964,P571,0,62,62,139.288745,35.649354,139.655776246888,35.6661787766663,20.66078498356861
Asaka Nezu Park,Temporary,"Modern pentathlon
(equestrian)",Dismantled (temporary),1964,Tokyo,NA,Japan,1959,exact,JPN,NA,NA,24281.618,1975,16,Tokyo,prefecture of Japan; megacity; metropolis; global city; capital of Japan; financial center; tourist destination; big city; largest city; metropolitan prefecture,http://www.wikidata.org/entity/Q1490,Tokyo,NA,NA,NA,NA,NA,62,NA,NA,NA,139.655776246888,35.6661787766663,NA
Tokyo University Kemigawa Playing Grounds,Temporary,"Modern pentathlon
(running)",Dismantled (temporary),1964,Tokyo,NA,Japan,1959,exact,JPN,NA,NA,24281.618,1975,16,NA,NA,NA,NA,NA,NA,NA,NA,NA,62,NA,NA,NA,139.655776246888,35.6661787766663,NA
Lake Sagami,New build,Canoe sprint,In use,1964,Tokyo,NA,Japan,1959,exact,JPN,NA,NA,24281.618,1975,16,Lake Sagami,reservoir,http://www.wikidata.org/entity/Q720883,Lake Sagami,NA,NA,NA,NA,NA,62,NA,NA,NA,139.655776246888,35.6661787766663,NA
"Karuizawa Equestrian Venue, Nagano",Temporary,Equestrian (eventing),Dismantled (temporary),1964,Tokyo,NA,Japan,1959,exact,JPN,NA,NA,24281.618,1975,16,"Karuizawa, Nagano",town of Japan,http://www.wikidata.org/entity/Q1012064,Karuizawa,NA,NA,NA,NA,NA,62,NA,NA,NA,139.655776246888,35.6661787766663,NA
Seefeld,Existing,"Biathlon, cross-country
skiing, Nordic
combined",In use,1964,Innsbruck,NA,Austria,1959,exact,AUT,NA,NA,111.144,1975,16,Innsbruck,city; statutory city of Austria; municipality of Austria; district of Austria; big city; place with town rights and privileges,http://www.wikidata.org/entity/Q1735,Innsbruck,NA,NA,NA,NA,NA,62,NA,NA,NA,11.4045829127392,47.2679876615107,NA
Toni Seelos Schanze (Olympiaschanze),Existing,Nordic combined,In use,1964,Innsbruck,NA,Austria,1959,exact,AUT,NA,NA,111.144,1975,16,List of ski jumping hills,Wikimedia list article,http://www.wikidata.org/entity/Q128778915,list of ski jumping hills,NA,NA,NA,NA,NA,62,NA,NA,NA,11.4045829127392,47.2679876615107,NA
Youth Arena,New build,"Basketball, modern
pentathlon (fencing)",In use,2016,Rio de Janeiro,NA,Brazil,2009,exact,BRA,8678.6592244676,NA,8926.759,2009,0,Youth Arena,arena,http://www.wikidata.org/entity/Q2893454,Deodoro Arena,Point(-43.404064 -22.859468),5000,2016,P1619,0,10,10,-43.404064,-22.859468,-43.3666524274637,-22.8458452131082,2.56409222722923
Rio Olympic BMX Centre,New build,Cycling BMX,In use,2016,Rio de Janeiro,NA,Brazil,2009,exact,BRA,8678.6592244676,NA,8926.759,2009,0,2016 Summer Olympics,Summer Olympic Games edition,http://www.wikidata.org/entity/Q8613,2016 Summer Olympics,NA,NA,NA,NA,NA,10,NA,NA,NA,-43.3666524274637,-22.8458452131082,NA
Rio Olympic Village,New build,Athlete accommodation,In use (repurposed),2016,Rio de Janeiro,NA,Brazil,2009,exact,BRA,8678.6592244676,NA,8926.759,2009,0,"Maracanã, Rio de Janeiro",neighbourhood in Rio de Janeiro,http://www.wikidata.org/entity/Q2712903,Maracanã District,NA,NA,NA,NA,NA,10,NA,NA,NA,-43.3666524274637,-22.8458452131082,NA
Future Arena,Temporary,Handball,Dismantled (temporary),2016,Rio de Janeiro,NA,Brazil,2009,exact,BRA,8678.6592244676,NA,8926.759,2009,0,United States men's national goalball team,national sports team,http://www.wikidata.org/entity/Q16969297,United States men's national goalball team,NA,NA,NA,NA,NA,10,NA,NA,NA,-43.3666524274637,-22.8458452131082,NA
Mountain Bike Centre,Temporary,Mountain bike,In use,2016,Rio de Janeiro,NA,Brazil,2009,exact,BRA,8678.6592244676,NA,8926.759,2009,0,Mountain Bike Centre,stadium; event venue,http://www.wikidata.org/entity/Q7089100,Olympic Mountain Bike Park,Point(-43.4125 -22.85833333),NA,NA,NA,NA,10,NA,-43.4125,-22.85833333,-43.3666524274637,-22.8458452131082,3.047394144690072
Panthessaliko Stadium,New build,Football,In use,2004,Athens,NA,Greece,1997,exact,GRC,13015.9175046854,NA,3278.09,1997,0,Olympic Stadium (Athens),Olympic stadium,http://www.wikidata.org/entity/Q189663,Olympic Stadium in Athens,NA,NA,NA,NA,NA,22,NA,NA,NA,23.7294821422573,37.9900827844442,NA
Pankritio Stadium,New build,Football,In use,2004,Athens,NA,Greece,1997,exact,GRC,13015.9175046854,NA,3278.09,1997,0,Football at the 2004 Summer Olympics – Men's tournament,Olympic sporting event,http://www.wikidata.org/entity/Q565645,football at the 2004 Summer Olympics – men's tournament,NA,NA,NA,NA,NA,22,NA,NA,NA,23.7294821422573,37.9900827844442,NA
Pinerolo Palaghiaccio,Existing,Curling,In use,2006,Torino,NA,Italy,1999,exact,ITA,22049.9990620261,NA,1147.227,1999,0,Ice hockey at the 2025 Winter World University Games,sport competition at a multi-sport event,http://www.wikidata.org/entity/Q131418934,Ice hockey at the 2025 Winter World University Games,NA,NA,NA,NA,NA,20,NA,NA,NA,7.64722894308938,45.0661095934941,NA
Pragelato Plan,Existing,"Cross-country skiing and
Nordic combined",In use,2006,Torino,NA,Italy,1999,exact,ITA,22049.9990620261,NA,1147.227,1999,0,2006 Winter Olympics,Winter Olympic Games edition,http://www.wikidata.org/entity/Q9672,2006 Winter Olympics,NA,NA,NA,NA,NA,20,NA,NA,NA,7.64722894308938,45.0661095934941,NA
San Sicario Fraiteve,Existing,Alpine skiing,In use,2006,Torino,NA,Italy,1999,exact,ITA,22049.9990620261,NA,1147.227,1999,0,Cesana San Sicario,stadium; sports park,http://www.wikidata.org/entity/Q1992061,Cesana San Sicario,NA,NA,NA,NA,NA,20,NA,NA,NA,7.64722894308938,45.0661095934941,NA
Sestriere Borgata and Sestriere Colle,Existing,Alpine skiing,In use,2006,Torino,NA,Italy,1999,exact,ITA,22049.9990620261,NA,1147.227,1999,0,2006 Winter Olympics,Winter Olympic Games edition,http://www.wikidata.org/entity/Q9672,2006 Winter Olympics,NA,NA,NA,NA,NA,20,NA,NA,NA,7.64722894308938,45.0661095934941,NA
Bardonecchia,New build,Snowboard,In use,2006,Torino,NA,Italy,1999,exact,ITA,22049.9990620261,NA,1147.227,1999,0,Bardonecchia railway station,railway station; border train station,http://www.wikidata.org/entity/Q2579603,Bardonecchia railway station,NA,NA,NA,NA,NA,20,NA,NA,NA,7.64722894308938,45.0661095934941,NA
Cesana San Sicario,New build,Biathlon,In use,2006,Torino,NA,Italy,1999,exact,ITA,22049.9990620261,NA,1147.227,1999,0,Cesana San Sicario,stadium; sports park,http://www.wikidata.org/entity/Q1992061,Cesana San Sicario,NA,NA,NA,NA,NA,20,NA,NA,NA,7.64722894308938,45.0661095934941,NA
Trampolino Olimpico Pragelato,New build,"Ski jumping and Nordic
combined",Dismantled (temporary),2006,Torino,NA,Italy,1999,exact,ITA,22049.9990620261,NA,1147.227,1999,0,Stadio del Trampolino,ski jumping complex,http://www.wikidata.org/entity/Q430461,Stadio del Trampolino,NA,NA,NA,NA,NA,20,NA,NA,NA,7.64722894308938,45.0661095934941,NA
Indoor Stadium,New build,"Basketball, boxing",Not in use (demolished),1980,Moscow,replaced by successor stadium - not a failure,Soviet Union,1974,exact,NA,NA,NA,NA,NA,NA,Olympic Stadium (Moscow),stadium; sports complex,http://www.wikidata.org/entity/Q32960,Olympiysky Sports Complex,Point(37.626425 55.781044444),25000,1980,P1619,0,46,46,37.626425,55.781044444,NA,NA,NA
Kanthaugen Freestyle Arena,New build,Freestyle skiing,In use,1994,Lillehammer,NA,Norway,1988,exact,NOR,24111.6310594146,NA,NA,NA,NA,Kanthaugen Freestyle Arena,stadium,http://www.wikidata.org/entity/Q6365428,Kanthaugen Freestyle Arena,Point(10.49 61.124),15000,1992,P1619,2,32,34,10.49,61.124,NA,NA,NA
Lillehammer Olympic Village,New build,Athlete accommodation,In use,1994,Lillehammer,NA,Norway,1988,exact,NOR,24111.6310594146,NA,NA,NA,NA,Lillehammer affair,attempted murder; murder; state terrorism; covert operation; fusillade,http://www.wikidata.org/entity/Q1538940,Lillehammer affair,NA,NA,NA,NA,NA,32,NA,NA,NA,NA,NA,NA
Clark Atlanta University Stadium,Existing,Hockey,In use,1996,Atlanta,NA,United States,1990,exact,USA,23888.6000088133,NA,56.211,1995,5,Clark Atlanta University,private university; historically black college or university; private not-for-profit educational institution,http://www.wikidata.org/entity/Q4572296,Clark Atlanta University,NA,NA,NA,NA,NA,30,NA,NA,NA,-84.3638559949554,33.7897001713732,NA
Alexander Memorial Coliseum,Existing,Boxing,In use,1996,Atlanta,NA,United States,1990,exact,USA,23888.6000088133,NA,56.211,1995,5,Memorial Coliseum,Wikimedia disambiguation page,http://www.wikidata.org/entity/Q3305508,Memorial Coliseum,NA,NA,NA,NA,NA,30,NA,NA,NA,-84.3638559949554,33.7897001713732,NA
Georgia State University Gymnasium,Existing,Badminton,In use,1996,Atlanta,NA,United States,1990,exact,USA,23888.6000088133,NA,56.211,1995,5,Georgia State University,set; public educational institution of the United States; open-access publisher; public research university,http://www.wikidata.org/entity/Q1509333,Georgia State University,NA,NA,NA,NA,NA,30,NA,NA,NA,-84.3638559949554,33.7897001713732,NA
"Georgia World Congress Center (Halls D, E, F, G, H)",Existing,"Table tennis, weightlifting,
fencing, handball, wrestling, judo, modern
pentathlon (fencing)",In use,1996,Atlanta,NA,United States,1990,exact,USA,23888.6000088133,NA,56.211,1995,5,Georgia World Congress Center,convention center,http://www.wikidata.org/entity/Q3103783,Georgia World Congress Center,NA,NA,NA,NA,NA,30,NA,NA,NA,-84.3638559949554,33.7897001713732,NA
Young Pioneers Stadium,Existing,Hockey,Not in use (demolished),1980,Moscow,urban redevelopment - not a failure,Soviet Union,1974,exact,NA,NA,NA,NA,NA,NA,Young Pioneers Stadium,stadium; sports complex; destroyed building or structure,http://www.wikidata.org/entity/Q8058369,Young Pioneers Stadium,Point(37.5623 55.7845),NA,NA,NA,NA,46,NA,37.5623,55.7845,NA,NA,NA
Omni Coliseum,Existing,Volleyball,In use (rebuilt),1996,Atlanta,NA,United States,1990,exact,USA,23888.6000088133,NA,56.211,1995,5,Omni Coliseum,arena; multi-purpose hall; destroyed building or structure,http://www.wikidata.org/entity/Q1970067,Omni Coliseum,NA,NA,NA,NA,NA,30,NA,NA,NA,-84.3638559949554,33.7897001713732,NA
Swimming Pool (OlimpiyskiySports Complex),New build,"Swimming, diving, water
polo, modern pentathlon
(swimming)",Not in use (demolished),1980,Moscow,replaced by successor stadium - not a failure,Soviet Union,1974,exact,NA,NA,NA,NA,NA,NA,Swimming Pool at the Olimpiysky Sports Complex,swimming center,http://www.wikidata.org/entity/Q7656228,Swimming Pool at the Olimpiysky Sports Complex,Point(37.6264 55.7811),NA,NA,NA,NA,46,NA,37.6264,55.7811,NA,NA,NA
Parnitha Olympic Mountain Bike Venue,Temporary,Mountain bike,Dismantled (temporary),2004,Athens,NA,Greece,1997,exact,GRC,13015.9175046854,NA,3278.09,1997,0,Parnitha Olympic Mountain Bike Venue,championship,http://www.wikidata.org/entity/Q991969,Parnitha Olympic Mountain Bike Venue,NA,NA,NA,NA,NA,22,NA,NA,NA,23.7294821422573,37.9900827844442,NA
Ancient Stadium,Existing,Athletics,In use,2004,Athens,NA,Greece,1997,exact,GRC,13015.9175046854,NA,3278.09,1997,0,Panathenaic Stadium,Olympic stadium; multi-purpose sports venue; pitch; all-seater stadium; monument; Ancient Greek stadium,http://www.wikidata.org/entity/Q208811,Panathenaic Stadium,NA,NA,NA,NA,NA,22,NA,NA,NA,23.7294821422573,37.9900827844442,NA
Pampeloponnisiako Stadium,Existing,Football,In use,2004,Athens,NA,Greece,1997,exact,GRC,13015.9175046854,NA,3278.09,1997,0,Olympic Stadium (Athens),Olympic stadium,http://www.wikidata.org/entity/Q189663,Olympic Stadium in Athens,NA,NA,NA,NA,NA,22,NA,NA,NA,23.7294821422573,37.9900827844442,NA
Kaftantzoglio Stadium,Existing,Football,In use,2004,Athens,NA,Greece,1997,exact,GRC,13015.9175046854,NA,3278.09,1997,0,Panionios F.C.,association football club,http://www.wikidata.org/entity/Q460494,Panionios F.C.,NA,NA,NA,NA,NA,22,NA,NA,NA,23.7294821422573,37.9900827844442,NA
Rio Olympic Aquatics Stadium,Temporary,"Swimming, water polo",Dismantled (temporary),2016,Rio de Janeiro,NA,Brazil,2009,exact,BRA,8678.6592244676,NA,8926.759,2009,0,Barra Olympic Park,Olympic Park,http://www.wikidata.org/entity/Q10345278,Barra Olympic Park,NA,NA,NA,NA,NA,10,NA,NA,NA,-43.3666524274637,-22.8458452131082,NA
Beach Volleyball Arena,Temporary,Beach volleyball,Dismantled (temporary),2016,Rio de Janeiro,NA,Brazil,2009,exact,BRA,8678.6592244676,NA,8926.759,2009,0,Copacabana Stadium,stadium,http://www.wikidata.org/entity/Q5168265,Copacabana Stadium,Point(-43.1724072 -22.965585),NA,NA,NA,NA,10,NA,-43.1724072,-22.965585,-43.3666524274637,-22.8458452131082,14.892309421808308
Deodoro Stadium,Temporary,"Rugby, modern pentathlon
(running, shooting,
equestrian)",Dismantled (temporary),2016,Rio de Janeiro,NA,Brazil,2009,exact,BRA,8678.6592244676,NA,8926.759,2009,0,Deodoro Stadium,stadium,http://www.wikidata.org/entity/Q23688674,Deodoro Stadium,Point(-43.406619 -22.860911),15000,2016,P1619,0,10,10,-43.406619,-22.860911,-43.3666524274637,-22.8458452131082,2.752421786471859
Fort Copacabana,Temporary,"Cycling (road), triathlon,
marathon swimming",Dismantled (temporary),2016,Rio de Janeiro,NA,Brazil,2009,exact,BRA,8678.6592244676,NA,8926.759,2009,0,"Copacabana, Rio de Janeiro",beach; neighbourhood in Rio de Janeiro,http://www.wikidata.org/entity/Q202730,Copacabana,NA,NA,NA,NA,NA,10,NA,NA,NA,-43.3666524274637,-22.8458452131082,NA
Pontal,Temporary,"Cycling (road), race walk",Dismantled (temporary),2016,Rio de Janeiro,NA,Brazil,2009,exact,BRA,8678.6592244676,NA,8926.759,2009,0,Pontal (Rio de Janeiro),beach,http://www.wikidata.org/entity/Q10353082,Pontal,NA,NA,NA,NA,NA,10,NA,NA,NA,-43.3666524274637,-22.8458452131082,NA
Mané Garrincha Stadium,Existing,Football,In use,2016,Rio de Janeiro,NA,Brazil,2009,exact,BRA,8678.6592244676,NA,8926.759,2009,0,Estádio Nacional Mané Garrincha,stadium,http://www.wikidata.org/entity/Q336088,Estádio Nacional de Brasília,Point(-47.899164 -15.7835),69910,1974,P1619,42,10,52,-47.899164,-15.7835,-43.3666524274637,-22.8458452131082,570.985310704438
Mineirão,Existing,Football,In use,2016,Rio de Janeiro,NA,Brazil,2009,exact,BRA,8678.6592244676,NA,8926.759,2009,0,Mineirão,stadium; historic site,http://www.wikidata.org/entity/Q910370,Mineirão,Point(-43.970833 -19.865833),66658,1965,P1619,51,10,61,-43.970833,-19.865833,-43.3666524274637,-22.8458452131082,209.77144553058997
Amazônia Arena,New build,Football,In use,2016,Rio de Janeiro,NA,Brazil,2009,exact,BRA,8678.6592244676,NA,8926.759,2009,0,2016 Summer Olympics,Summer Olympic Games edition,http://www.wikidata.org/entity/Q8613,2016 Summer Olympics,NA,NA,NA,NA,NA,10,NA,NA,NA,-43.3666524274637,-22.8458452131082,NA
Patscherkofel,New build,Alpine skiing,In use,1964,Innsbruck,NA,Austria,1959,exact,AUT,NA,NA,111.144,1975,16,Innsbruck,city; statutory city of Austria; municipality of Austria; district of Austria; big city; place with town rights and privileges,http://www.wikidata.org/entity/Q1735,Innsbruck,NA,NA,NA,NA,NA,62,NA,NA,NA,11.4045829127392,47.2679876615107,NA
Axamer Lizum,New build,Alpine skiing,In use,1964,Innsbruck,NA,Austria,1959,exact,AUT,NA,NA,111.144,1975,16,Axamer Lizum,ski resort; Ortschaft,http://www.wikidata.org/entity/Q364061,Axamer Lizum,NA,NA,NA,NA,NA,62,NA,NA,NA,11.4045829127392,47.2679876615107,NA
Bobbahn und Rodelbahn Igls,New build,"Bobsleigh, luge",In use,1964,Innsbruck,NA,Austria,1959,exact,AUT,NA,NA,111.144,1975,16,NA,NA,NA,NA,NA,NA,NA,NA,NA,62,NA,NA,NA,11.4045829127392,47.2679876615107,NA
Bergisel Ski Jump (Bergiselschanze),Existing,"Ski jumping, Opening
Ceremony",In use,1964,Innsbruck,NA,Austria,1959,exact,AUT,NA,NA,111.144,1975,16,Bergisel Ski Jump,ski jumping hill,http://www.wikidata.org/entity/Q672833,Bergiselschanze,NA,NA,NA,NA,NA,62,NA,NA,NA,11.4045829127392,47.2679876615107,NA
Messehalle (Indoor Skating Rink),Existing,Ice hockey,In use,1964,Innsbruck,NA,Austria,1959,exact,AUT,NA,NA,111.144,1975,16,1964 Winter Olympics,Winter Olympic Games edition,http://www.wikidata.org/entity/Q9636,1964 Winter Olympics,NA,NA,NA,NA,NA,62,NA,NA,NA,11.4045829127392,47.2679876615107,NA
Olympic Speed Skating Oval (Olympia Eisschnellaufbahn),New build,Speed skating,In use,1964,Innsbruck,NA,Austria,1959,exact,AUT,NA,NA,111.144,1975,16,NA,NA,NA,NA,NA,NA,NA,NA,NA,62,NA,NA,NA,11.4045829127392,47.2679876615107,NA
Olympic Ice Stadium,New build,"Figure skating,
ice hockey, Closing
Ceremony",In use,1964,Innsbruck,NA,Austria,1959,exact,AUT,NA,NA,111.144,1975,16,2012 Winter Youth Olympics,international sporting event; Winter Youth Olympic Games edition,http://www.wikidata.org/entity/Q192554,2012 Winter Youth Olympics,NA,NA,NA,NA,NA,62,NA,NA,NA,11.4045829127392,47.2679876615107,NA
Innsbruck Olympic Village,New build,Athlete accommodation,In use,1964,Innsbruck,NA,Austria,1959,exact,AUT,NA,NA,111.144,1975,16,Innsbruck,city; statutory city of Austria; municipality of Austria; district of Austria; big city; place with town rights and privileges,http://www.wikidata.org/entity/Q1735,Innsbruck,NA,NA,NA,NA,NA,62,NA,NA,NA,11.4045829127392,47.2679876615107,NA
Campo Marte,Existing,"Equestrian (jumping,
dressage)",In use,1968,Mexico City,NA,Mexico,1963,exact,MEX,419.552066324849,NA,11119.402,1975,12,Mexico City Metrobús Line 7,bus rapid transit route,http://www.wikidata.org/entity/Q55074771,Line 7,NA,NA,NA,NA,NA,58,NA,NA,NA,-99.1049386818456,19.4448241307528,NA
Municipal Stadium,Existing,Hockey,In use,1968,Mexico City,NA,Mexico,1963,exact,MEX,419.552066324849,NA,11119.402,1975,12,"Estadio Jesús Martínez ""Palillo""",stadium,http://www.wikidata.org/entity/Q1369443,Municipal Stadium,Point(-99.09493893 19.40764085),6160,1964,P1619,4,58,62,-99.09493893,19.40764085,-99.1049386818456,19.4448241307528,2.6534321479086582
University Olympic Stadium,Existing,"Athletics, equestrian
(jumping), Opening and
Closing Ceremonies",In use,1968,Mexico City,NA,Mexico,1963,exact,MEX,419.552066324849,NA,11119.402,1975,12,Estadio Azteca,association football venue,http://www.wikidata.org/entity/Q320454,Estadio Azteca,NA,NA,NA,NA,NA,58,NA,NA,NA,-99.1049386818456,19.4448241307528,NA
Arena México,Existing,Boxing,In use,1968,Mexico City,NA,Mexico,1963,exact,MEX,419.552066324849,NA,11119.402,1975,12,Arena México,arena,http://www.wikidata.org/entity/Q641374,Arena México,Point(-99.151944 19.424722),16500,1956,P1619,12,58,70,-99.151944,19.424722,-99.1049386818456,19.4448241307528,3.366696336482336
Azteca Stadium,Existing,Football,In use,1968,Mexico City,NA,Mexico,1963,exact,MEX,419.552066324849,NA,11119.402,1975,12,Estadio Azteca,association football venue,http://www.wikidata.org/entity/Q320454,Estadio Azteca,NA,NA,NA,NA,NA,58,NA,NA,NA,-99.1049386818456,19.4448241307528,NA
Military Camp No. 1,Existing,"Modern pentathlon
(equestrian)",In use,1968,Mexico City,NA,Mexico,1963,exact,MEX,419.552066324849,NA,11119.402,1975,12,New Mexico Military Institute,high school; campus; community college; public educational institution of the United States,http://www.wikidata.org/entity/Q7010214,New Mexico Military Institute,NA,NA,NA,NA,NA,58,NA,NA,NA,-99.1049386818456,19.4448241307528,NA
National Auditorium,Existing,Gymnastics,In use,1968,Mexico City,NA,Mexico,1963,exact,MEX,419.552066324849,NA,11119.402,1975,12,Auditorio Nacional (Mexico),concert hall; multi-purpose hall,http://www.wikidata.org/entity/Q286179,Auditorio Nacional,NA,NA,NA,NA,NA,58,NA,NA,NA,-99.1049386818456,19.4448241307528,NA
Ciudad Universitaria Swimming Pool,Existing,Water polo,In use,1968,Mexico City,NA,Mexico,1963,exact,MEX,419.552066324849,NA,11119.402,1975,12,Mexico City,city; megacity; metropolis; federal capital; primate city; big city; federative entity of Mexico; largest city,http://www.wikidata.org/entity/Q1489,Mexico City,NA,NA,NA,NA,NA,58,NA,NA,NA,-99.1049386818456,19.4448241307528,NA
Insurgentes Theatre,Existing,Weightlifting,In use,1968,Mexico City,NA,Mexico,1963,exact,MEX,419.552066324849,NA,11119.402,1975,12,Mexico City,city; megacity; metropolis; federal capital; primate city; big city; federative entity of Mexico; largest city,http://www.wikidata.org/entity/Q1489,Mexico City,NA,NA,NA,NA,NA,58,NA,NA,NA,-99.1049386818456,19.4448241307528,NA
Rome Olympic Velodrome,New build,"Cycling (track), hockey",Not in use (demolished),1960,Rome,urban redevelopment - not a failure,Italy,1955,exact,ITA,NA,NA,1938.676,1975,20,"Olympic Velodrome, Rome",velodrome; defunct sports venue,http://www.wikidata.org/entity/Q4009428,"Olympic Velodrome, Rome",Point(12.456897 41.826647),17660,1960,P1619,0,66,66,12.456897,41.826647,12.5140259735732,41.8887035629011,5.204627399349367
Cesano Shooting Range,New build,Shooting,Not in use (demolished),1960,Rome,urban redevelopment - not a failure,Italy,1955,exact,ITA,NA,NA,1938.676,1975,20,Cesano Infantry School Range,NA,http://www.wikidata.org/entity/Q5065401,Cesano Infantry School Range,NA,NA,NA,NA,NA,66,NA,NA,NA,12.5140259735732,41.8887035629011,NA
Virgilio Uribe Rowing and Canoeing Course,New build,"Rowing, canoe sprint",In use,1968,Mexico City,NA,Mexico,1963,exact,MEX,419.552066324849,NA,11119.402,1975,12,Rowing at the 1968 Summer Olympics – Men's eight,Olympic sporting event; rowing event,http://www.wikidata.org/entity/Q22968940,rowing at the 1968 Summer Olympics – men's eight,NA,NA,NA,NA,NA,58,NA,NA,NA,-99.1049386818456,19.4448241307528,NA
Francisco Márquez Olympic Pool,New build,"Swimming, diving, water
polo, modern pentathlon
(swimming)",In use,1968,Mexico City,NA,Mexico,1963,exact,MEX,419.552066324849,NA,11119.402,1975,12,Alberca Olímpica Francisco Márquez,sports venue,http://www.wikidata.org/entity/Q2484285,Alberca Olímpica Francisco Márquez,Point(-99.15479243 19.35892729),4300,NA,NA,NA,58,NA,-99.15479243,19.35892729,-99.1049386818456,19.4448241307528,6.773591828811946
Agustín Melgar Olympic Velodrome,New build,Cycling (track),In use,1968,Mexico City,NA,Mexico,1963,exact,MEX,419.552066324849,NA,11119.402,1975,12,Agustín Melgar Olympic Velodrome,velodrome,http://www.wikidata.org/entity/Q399314,Agustín Melgar Olympic Velodrome,Point(-99.10338655 19.40981014),6800,1968,P571,0,58,58,-99.10338655,19.40981014,-99.1049386818456,19.4448241307528,2.424064580868508
Fernando Montes de Oca Fencing Hall,New build,"Fencing, modern
pentathlon (fencing)",In use,1968,Mexico City,NA,Mexico,1963,exact,MEX,419.552066324849,NA,11119.402,1975,12,Fernando Montes de Oca Fencing Hall,arena; sports venue,http://www.wikidata.org/entity/Q1406768,Fernando Montes de Oca Fencing Hall,Point(-99.09155533 19.40759531),NA,NA,NA,NA,58,NA,-99.09155533,19.40759531,-99.1049386818456,19.4448241307528,2.719116640958552
Olympic Oval (Anneau de vitesse),New build,Speed skating,In use,1992,Albertville,NA,France,1986,exact,FRA,13430.4824599685,NA,NA,NA,NA,L'anneau de vitesse,stadium; sports venue,http://www.wikidata.org/entity/Q2343868,L'anneau de vitesse,Point(6.3709 45.6641),10000,1991,P1619,1,34,35,6.3709,45.6641,NA,NA,NA
Olympic Stadium (Théâtre des Cérémonies),Temporary,"Opening and Closing
Ceremonies",Dismantled (temporary),1992,Albertville,NA,France,1986,exact,FRA,13430.4824599685,NA,NA,NA,NA,Théâtre des Cérémonies,temporary sports venue,http://www.wikidata.org/entity/Q2698412,Théâtre des Cérémonies,Point(6.369367 45.661592),30000,1992,P1619,0,34,34,6.369367,45.661592,NA,NA,NA
Les Ménuires - Slalom Stadium (Stade de Slalom),Existing,Alpine skiing,In use,1992,Albertville,NA,France,1986,exact,FRA,13430.4824599685,NA,NA,NA,NA,List of Winter Olympics venues: L,Wikimedia list article,http://www.wikidata.org/entity/Q6604183,list of Winter Olympics venues: L,NA,NA,NA,NA,NA,34,NA,NA,NA,NA,NA,NA
Méribel - Massif du Roc de Fer or Stade du Corbey,Existing,Alpine skiing,In use,1992,Albertville,NA,France,1986,exact,FRA,13430.4824599685,NA,NA,NA,NA,NA,NA,NA,NA,NA,NA,NA,NA,NA,34,NA,NA,NA,NA,NA,NA
Val d’Isère - Massif de Bellevarde,Existing,Alpine skiing,In use,1992,Albertville,NA,France,1986,exact,FRA,13430.4824599685,NA,NA,NA,NA,NA,NA,NA,NA,NA,NA,NA,NA,NA,34,NA,NA,NA,NA,NA,NA
"Lillehammer Olympic Alpine Centre, Hafjell",Existing,Alpine skiing,In use,1994,Lillehammer,NA,Norway,1988,exact,NOR,24111.6310594146,NA,NA,NA,NA,2016 Winter Youth Olympics,Winter Youth Olympic Games edition,http://www.wikidata.org/entity/Q370745,2016 Winter Youth Olympics,NA,NA,NA,NA,NA,32,NA,NA,NA,NA,NA,NA
Hamar Olympic Subsite Village,Existing,Athlete accommodation,In use,1994,Lillehammer,NA,Norway,1988,exact,NOR,24111.6310594146,NA,NA,NA,NA,Lillehammer Olympic Village,Olympic Village,http://www.wikidata.org/entity/Q6548012,Lillehammer Olympic Village,NA,NA,NA,NA,NA,32,NA,NA,NA,NA,NA,NA
Gjøvik Olympic Cavern Hall,New build,Ice hockey,In use,1994,Lillehammer,NA,Norway,1988,exact,NOR,24111.6310594146,NA,NA,NA,NA,Gjøvik Olympic Cavern Hall,indoor ice rink,http://www.wikidata.org/entity/Q3353373,Gjøvik Olympic Cavern Hall,Point(10.6844 60.7932),5500,1993,P1619,1,32,33,10.6844,60.7932,NA,NA,NA
Hamar Olympic Hall (Vikingskipet),New build,Speed skating,In use,1994,Lillehammer,NA,Norway,1988,exact,NOR,24111.6310594146,NA,NA,NA,NA,Vikingskipet,stadium; indoor ice rink,http://www.wikidata.org/entity/Q1782828,Vikingskipet,Point(11.1009 60.793),10600,1992,P1619,2,32,34,11.1009,60.793,NA,NA,NA
Lillehammer Olympic Bobsleigh and Luge Track,New build,"Bobsleigh, luge",In use,1994,Lillehammer,NA,Norway,1988,exact,NOR,24111.6310594146,NA,NA,NA,NA,Lillehammer Olympic Bobsleigh and Luge Track,bobsleigh track; artificial luge track,http://www.wikidata.org/entity/Q3143296,Lillehammer Olympic Bobsleigh and Luge Track,NA,NA,NA,NA,NA,32,NA,NA,NA,NA,NA,NA
Hamar Olympic Amphitheatre,New build,"Figure skating, short track
speed skating",In use,1994,Lillehammer,NA,Norway,1988,exact,NOR,24111.6310594146,NA,NA,NA,NA,2016 Winter Youth Olympics,Winter Youth Olympic Games edition,http://www.wikidata.org/entity/Q370745,2016 Winter Youth Olympics,NA,NA,NA,NA,NA,32,NA,NA,NA,NA,NA,NA
"Lillehammer Olympic Alpine Centre, Kvitfjell",New build,Alpine skiing,In use,1994,Lillehammer,NA,Norway,1988,exact,NOR,24111.6310594146,NA,NA,NA,NA,2016 Winter Youth Olympics,Winter Youth Olympic Games edition,http://www.wikidata.org/entity/Q370745,2016 Winter Youth Olympics,NA,NA,NA,NA,NA,32,NA,NA,NA,NA,NA,NA
Håkon Hall,New build,Ice hockey,In use,1994,Lillehammer,NA,Norway,1988,exact,NOR,24111.6310594146,NA,NA,NA,NA,"Håkon, Kristin and Sondre",Olympic mascot; fictional duo,http://www.wikidata.org/entity/Q5890847,Håkon and Kristin,NA,NA,NA,NA,NA,32,NA,NA,NA,NA,NA,NA
Lysgårdsbakkene Ski Jumping Arena,New build,"Ski jumping, Nordic
combined, Opening and
Closing Ceremonies",In use,1994,Lillehammer,NA,Norway,1988,exact,NOR,24111.6310594146,NA,NA,NA,NA,Lysgårdsbakken,ski jumping complex,http://www.wikidata.org/entity/Q632041,Lysgårdsbakken,NA,NA,NA,NA,NA,32,NA,NA,NA,NA,NA,NA
Birkebeineren Ski Stadium,New build,"Biathlon, cross-country
skiing, Nordic combined",In use,1994,Lillehammer,NA,Norway,1988,exact,NOR,24111.6310594146,NA,NA,NA,NA,Birkebeineren Ski Stadium,stadium,http://www.wikidata.org/entity/Q3824486,Birkebeineren Ski Stadium,Point(10.506368 61.134107),31000,1992,P1619,2,32,34,10.506368,61.134107,NA,NA,NA
Juan de la Barrera Olympic Gymnasium,New build,Volleyball,In use,1968,Mexico City,NA,Mexico,1963,exact,MEX,419.552066324849,NA,11119.402,1975,12,Gimnasio Olímpico Juan de la Barrera,arena,http://www.wikidata.org/entity/Q1524795,Gimnasio Olímpico Juan de la Barrera,Point(-99.15473074 19.35986612),NA,1968,P1619,0,58,58,-99.15473074,19.35986612,-99.1049386818456,19.4448241307528,6.71474868447405
Juan Escutia Sports Palace,New build,Basketball,In use,1968,Mexico City,NA,Mexico,1963,exact,MEX,419.552066324849,NA,11119.402,1975,12,Palacio de los Deportes,indoor arena,http://www.wikidata.org/entity/Q301937,Palacio de los Deportes,Point(-99.099722 19.405278),20000,1968,P1619,0,58,58,-99.099722,19.405278,-99.1049386818456,19.4448241307528,2.7565277026646293
Maracanãzinho,Existing,Volleyball,In use,2016,Rio de Janeiro,NA,Brazil,2009,exact,BRA,8678.6592244676,NA,8926.759,2009,0,Ginásio do Maracanãzinho,indoor arena,http://www.wikidata.org/entity/Q1300456,Ginásio do Maracanãzinho,Point(-43.229333 -22.913911),11800,1954,P1619,62,10,72,-43.229333,-22.913911,-43.3666524274637,-22.8458452131082,9.937307866258209
Marina da Glória,Existing,Sailing,In use,2016,Rio de Janeiro,NA,Brazil,2009,exact,BRA,8678.6592244676,NA,8926.759,2009,0,"Glória, Rio de Janeiro",neighbourhood in Rio de Janeiro,http://www.wikidata.org/entity/Q1532671,Glória,NA,NA,NA,NA,NA,10,NA,NA,NA,-43.3666524274637,-22.8458452131082,NA
Rio Olympic Hockey Centre,New build,Hockey,In use,2016,Rio de Janeiro,NA,Brazil,2009,exact,BRA,8678.6592244676,NA,8926.759,2009,0,Olympic Hockey Centre (Rio de Janeiro),sports venue,http://www.wikidata.org/entity/Q7089085,Olympic Hockey Center,Point(-43.402447222 -22.860741666),NA,2007,P1619,9,10,19,-43.402447222,-22.860741666,-43.3666524274637,-22.8458452131082,2.503483464648155
Rio Olympic Tennis Centre,New build,Tennis,In use,2016,Rio de Janeiro,NA,Brazil,2009,exact,BRA,8678.6592244676,NA,8926.759,2009,0,Olympic Tennis Centre (Rio de Janeiro),tennis venue,http://www.wikidata.org/entity/Q7089145,Olympic Tennis Center,Point(-43.396382 -22.978822),18250,2015,P1619,1,10,11,-43.396382,-22.978822,-43.3666524274637,-22.8458452131082,9.391132299413064
Rio Olympic Velodrome,New build,Cycling (track),In use,2016,Rio de Janeiro,NA,Brazil,2009,exact,BRA,8678.6592244676,NA,8926.759,2009,0,Rio Olympic Velodrome,velodrome,http://www.wikidata.org/entity/Q63999,Barra Velodrome,Point(-43.392405555 -22.975225),5000,2007,P1619,9,10,19,-43.392405555,-22.975225,-43.3666524274637,-22.8458452131082,9.098495165819159
Whitewater Stadium,New build,Canoe slalom,In use,2016,Rio de Janeiro,NA,Brazil,2009,exact,BRA,8678.6592244676,NA,8926.759,2009,0,Artificial whitewater,NA,http://www.wikidata.org/entity/Q182886,artificial whitewater,NA,NA,NA,NA,NA,10,NA,NA,NA,-43.3666524274637,-22.8458452131082,NA
Carioca Arena 1,New build,Basketball,In use,2016,Rio de Janeiro,NA,Brazil,2009,exact,BRA,8678.6592244676,NA,8926.759,2009,0,Carioca Arena 1,arena,http://www.wikidata.org/entity/Q7089149,Carioca Arena 1,Point(-43.395953 -22.973883),48000,2016,P1619,0,10,10,-43.395953,-22.973883,-43.3666524274637,-22.8458452131082,9.051110685424566
Carioca Arena 2,New build,"Judo, wrestling",In use,2016,Rio de Janeiro,NA,Brazil,2009,exact,BRA,8678.6592244676,NA,8926.759,2009,0,Carioca Arena 2,sports competition,http://www.wikidata.org/entity/Q23589938,Carioca Arena 2,NA,NA,NA,NA,NA,10,NA,NA,NA,-43.3666524274637,-22.8458452131082,NA
Carioca Arena 3,New build,"Fencing, taekwondo",In use,2016,Rio de Janeiro,NA,Brazil,2009,exact,BRA,8678.6592244676,NA,8926.759,2009,0,Carioca Arena 2,sports competition,http://www.wikidata.org/entity/Q23589938,Carioca Arena 2,NA,NA,NA,NA,NA,10,NA,NA,NA,-43.3666524274637,-22.8458452131082,NA
Rio Olympic Golf Course,New build,Golf,In use,2016,Rio de Janeiro,NA,Brazil,2009,exact,BRA,8678.6592244676,NA,8926.759,2009,0,Olympic Golf Course,golf course,http://www.wikidata.org/entity/Q6617188,Olympic golf course,Point(-43.405772222 -23.006461111),NA,2015,P1619,1,10,11,-43.405772222,-23.006461111,-43.3666524274637,-22.8458452131082,11.386042199355252
Vicente Suárez Shooting Range,New build,"Shooting, modern
pentathlon (shooting)",In use,1968,Mexico City,NA,Mexico,1963,exact,MEX,419.552066324849,NA,11119.402,1975,12,1968 Summer Olympics,international sporting event; Summer Olympic Games edition,http://www.wikidata.org/entity/Q8429,1968 Summer Olympics,NA,NA,NA,NA,NA,58,NA,NA,NA,-99.1049386818456,19.4448241307528,NA
Miguel Hidalgo Olympic Village,New build,Athlete accommodation,In use,1968,Mexico City,NA,Mexico,1963,exact,MEX,419.552066324849,NA,11119.402,1975,12,Villa Olímpica (Mexico City),NA,http://www.wikidata.org/entity/Q6162315,Villa Olímpica (Mexico City),NA,NA,NA,NA,NA,58,NA,NA,NA,-99.1049386818456,19.4448241307528,NA
Jalisco Stadium,Existing,Football,In use,1968,Mexico City,NA,Mexico,1963,exact,MEX,419.552066324849,NA,11119.402,1975,12,Estadio Jalisco,association football venue,http://www.wikidata.org/entity/Q1346716,Jalisco Stadium,NA,NA,NA,NA,NA,58,NA,NA,NA,-99.1049386818456,19.4448241307528,NA
León Stadium,Existing,Football,In use,1968,Mexico City,NA,Mexico,1963,exact,MEX,419.552066324849,NA,11119.402,1975,12,Estadio León,association football venue,http://www.wikidata.org/entity/Q1369510,León Stadium,NA,NA,NA,NA,NA,58,NA,NA,NA,-99.1049386818456,19.4448241307528,NA
Yacht Club,Existing,Sailing,In use,1968,Mexico City,NA,Mexico,1963,exact,MEX,419.552066324849,NA,11119.402,1975,12,List of yacht clubs,Wikimedia list article,http://www.wikidata.org/entity/Q17156778,list of yacht clubs,NA,NA,NA,NA,NA,58,NA,NA,NA,-99.1049386818456,19.4448241307528,NA
Avándaro Golf Club,Existing,Eventing,In use,1968,Mexico City,NA,Mexico,1963,exact,MEX,419.552066324849,NA,11119.402,1975,12,Avándaro Golf Club,golf club,http://www.wikidata.org/entity/Q4829585,Avándaro Golf Club,Point(-100.131388888 19.159444444),NA,1959,P571,9,58,67,-100.131388888,19.159444444,-99.1049386818456,19.4448241307528,69.85632823626862
Cuauhtémoc Stadium,New build,Football,In use,1968,Mexico City,NA,Mexico,1963,exact,MEX,419.552066324849,NA,11119.402,1975,12,Estadio Cuauhtémoc,stadium; association football venue,http://www.wikidata.org/entity/Q124769,Estadio Cuauhtémoc,Point(-98.164444 19.078056),47417,1968,P1619,0,58,58,-98.164444,19.078056,-99.1049386818456,19.4448241307528,66.44687180139617
Chamrousse,New build,Alpine skiing,In use,1968,Grenoble,NA,France,1964,exact,FRA,1891.12061521027,NA,280.727,1975,11,Chamrousse,ski resort; commune of France,http://www.wikidata.org/entity/Q696634,Chamrousse,NA,NA,NA,NA,NA,58,NA,NA,NA,5.72387810164488,45.1803677865258,NA
Helliniko Indoor Arena,New build,Basketball,Not in use (demolished),2004,Athens,abandoned before demolition - this is the white elephant,Greece,1997,exact,GRC,13015.9175046854,NA,3278.09,1997,0,Basketball at the 2004 Summer Olympics – Men's tournament,Olympic sporting event,http://www.wikidata.org/entity/Q80385,basketball at the 2004 Summer Olympics – men's tournament,NA,NA,NA,NA,NA,22,NA,NA,NA,23.7294821422573,37.9900827844442,NA
Tremplin de saut à ski de Saint Nizier/Tremplin du Dauphiné,New build,Ski jumping,In use (repurposed),1968,Grenoble,NA,France,1964,exact,FRA,1891.12061521027,NA,280.727,1975,11,NA,NA,NA,NA,NA,NA,NA,NA,NA,58,NA,NA,NA,5.72387810164488,45.1803677865258,NA
Piste de Luge,New build,Luge,In use (limited),1968,Grenoble,NA,France,1964,exact,FRA,1891.12061521027,NA,280.727,1975,11,List of Olympic venues in luge,Wikimedia list article,http://www.wikidata.org/entity/Q6592945,list of Olympic venues in luge,NA,NA,NA,NA,NA,58,NA,NA,NA,5.72387810164488,45.1803677865258,NA
Patinoire Municipale,Existing,Ice hockey,In use,1968,Grenoble,NA,France,1964,exact,FRA,1891.12061521027,NA,280.727,1975,11,La Patinoire Municipale,gym; sports venue; ice rink; facility,http://www.wikidata.org/entity/Q3126056,Halle Clémenceau,Point(5.73417 45.15707),2042,1963,P1619,5,58,63,5.73417,45.15707,5.72387810164488,45.1803677865258,1.6878783504284411
Autrans,New build,"Biathlon, cross-country
skiing, Nordic combined",In use,1968,Grenoble,NA,France,1964,exact,FRA,1891.12061521027,NA,280.727,1975,11,Autrans,commune of France; delegated commune,http://www.wikidata.org/entity/Q475938,Autrans,NA,NA,NA,NA,NA,58,NA,NA,NA,5.72387810164488,45.1803677865258,NA
Tremplin du Claret,New build,"Ski jumping, Nordic
combined",In use,1968,Grenoble,NA,France,1964,exact,FRA,1891.12061521027,NA,280.727,1975,11,Anthony Knockaert,human,http://www.wikidata.org/entity/Q326365,Anthony Knockaert,NA,NA,NA,NA,NA,58,NA,NA,NA,5.72387810164488,45.1803677865258,NA
Stade de Glace,New build,"Ice hockey, figure skating,
Closing Ceremony",In use,1968,Grenoble,NA,France,1964,exact,FRA,1891.12061521027,NA,280.727,1975,11,Palais des Sports (Grenoble),arena; velodrome; sports venue; facility,http://www.wikidata.org/entity/Q644431,Palais des Sports Pierre Mendès France,Point(5.7415 45.1851),12000,1967,P1619,1,58,59,5.7415,45.1851,5.72387810164488,45.1803677865258,0.9193983698167193
Anneau de Vitesse de Grenoble,New build,Speed skating,In use,1968,Grenoble,NA,France,1964,exact,FRA,1891.12061521027,NA,280.727,1975,11,Pôle sportif et culturel Chamonix Nord,venue,http://www.wikidata.org/entity/Q111181534,Pôle sportif et culturel Chamonix Nord,NA,NA,NA,NA,NA,58,NA,NA,NA,5.72387810164488,45.1803677865258,NA
Grenoble Olympic Village,New build,Athlete accommodation,In use,1968,Grenoble,NA,France,1964,exact,FRA,1891.12061521027,NA,280.727,1975,11,Grenoble,commune of France; big city,http://www.wikidata.org/entity/Q1289,Grenoble,NA,NA,NA,NA,NA,58,NA,NA,NA,5.72387810164488,45.1803677865258,NA
Stade Olympique de Grenoble,Temporary,Opening Ceremony,Dismantled (temporary),1968,Grenoble,NA,France,1964,exact,FRA,1891.12061521027,NA,280.727,1975,11,Grenoble Foot 38,association football club,http://www.wikidata.org/entity/Q209509,Grenoble Foot 38,NA,NA,NA,NA,NA,58,NA,NA,NA,5.72387810164488,45.1803677865258,NA
"Reitstadion, Riem/ Riding Stadium",Existing,"Eventing, jumping,
modern pentathlon
(equestrian)",In use,1972,Munich,NA,West Germany,1966,exact,DEU,1870.80540291774,NA,1376.229,1975,9,"Riding Facility, Riem",sports venue,http://www.wikidata.org/entity/Q7332935,"Riding Facility, Riem",Point(11.6693 48.1454),NA,1940,P1619,32,54,86,11.6693,48.1454,11.5576103090309,48.1396053528052,5.1707490885552385
Dante Bath,Existing,Water polo,In use,1972,Munich,NA,West Germany,1966,exact,DEU,1870.80540291774,NA,1376.229,1975,9,Fritz Beblo,human,http://www.wikidata.org/entity/Q88522,Q88522,NA,NA,NA,NA,NA,54,NA,NA,NA,11.5576103090309,48.1396053528052,NA
Weightlifting Hall,Existing,Weightlifting,In use,1972,Munich,NA,West Germany,1966,exact,DEU,1870.80540291774,NA,1376.229,1975,9,Weightlifting at the 1972 Summer Olympics – Men's 110 kg,Olympic sporting event,http://www.wikidata.org/entity/Q7979954,weightlifting at the 1972 Summer Olympics – men's 110 kg,NA,NA,NA,NA,NA,54,NA,NA,NA,11.5576103090309,48.1396053528052,NA
Boxing Hall,Existing,"Boxing, judo",In use,1972,Munich,NA,West Germany,1966,exact,DEU,1870.80540291774,NA,1376.229,1975,9,Boxing at the 1972 Summer Olympics – Heavyweight,Olympic sporting event,http://www.wikidata.org/entity/Q10706343,boxing at the 1972 Summer Olympics – heavyweight,NA,NA,NA,NA,NA,54,NA,NA,NA,11.5576103090309,48.1396053528052,NA
Nymphenburg Palace,Existing,Dressage,In use,1972,Munich,NA,West Germany,1966,exact,DEU,1870.80540291774,NA,1376.229,1975,9,Nymphenburg Palace,museum; street; secular building; château; cultural heritage ensemble; summer residence,http://www.wikidata.org/entity/Q131631,Nymphenburg Palace,NA,NA,NA,NA,NA,54,NA,NA,NA,11.5576103090309,48.1396053528052,NA
"Military-Gelände Poing, Poing/Riem",Existing,Eventing,In use,1972,Munich,NA,West Germany,1966,exact,DEU,1870.80540291774,NA,1376.229,1975,9,NA,NA,NA,NA,NA,NA,NA,NA,NA,54,NA,NA,NA,11.5576103090309,48.1396053528052,NA
Papoose Peak Olympic Jumping Hill,New build,"Ski jumping, Nordic
combined",Not in use (demolished),1960,Squaw Valley,abandoned before demolition - this is the white elephant,United States,1955,exact,USA,NA,NA,NA,NA,NA,1960 Winter Olympics,Winter Olympic Games edition,http://www.wikidata.org/entity/Q9634,1960 Winter Olympics,NA,NA,NA,NA,NA,66,NA,NA,NA,NA,NA,NA
Munich Olympic Stadium,New build,"Athletics, football,
equestrian (jumping),
modern pentathlon
(running), Opening and
Closing Ceremonies",In use,1972,Munich,NA,West Germany,1966,exact,DEU,1870.80540291774,NA,1376.229,1975,9,Munich massacre,mass murder; hostage taking; terrorist attack,http://www.wikidata.org/entity/Q229007,Munich massacre,NA,NA,NA,NA,NA,54,NA,NA,NA,11.5576103090309,48.1396053528052,NA
Turin Olympic Village,"Mixed new
build/Existing",Athlete accommodation,In use,2006,Torino,NA,Italy,1999,exact,ITA,22049.9990620261,NA,1147.227,1999,0,2006 Winter Olympics,Winter Olympic Games edition,http://www.wikidata.org/entity/Q9672,2006 Winter Olympics,NA,NA,NA,NA,NA,20,NA,NA,NA,7.64722894308938,45.0661095934941,NA
Palasport Olimpico,New build,Ice hockey,In use,2006,Torino,NA,Italy,1999,exact,ITA,22049.9990620261,NA,1147.227,1999,0,Inalpi Arena,arena,http://www.wikidata.org/entity/Q1393382,Torino Palasport Olimpico,Point(7.652222 45.041667),15657,2005,P1619,1,20,21,7.652222,45.041667,7.64722894308938,45.0661095934941,1.7082302076755935
Oval Lingotto,New build,Speed skating,In use,2006,Torino,NA,Italy,1999,exact,ITA,22049.9990620261,NA,1147.227,1999,0,Oval Lingotto,arena; event venue,http://www.wikidata.org/entity/Q978030,Oval Lingotto,Point(7.660833 45.0275),8500,2005,P1619,1,20,21,7.660833,45.0275,7.64722894308938,45.0661095934941,2.752171418286253
Fengtai Sports Centre Softball Field,Existing,Softball,In use,2008,Beijing,NA,China,2001,exact,CHN,1065.40597574519,NA,10054.678,2001,0,Venues of the 2008 Summer Olympics,Wikimedia list article,http://www.wikidata.org/entity/Q508436,Venues of the 2008 Summer Olympics,NA,NA,NA,NA,NA,18,NA,NA,NA,116.372224957549,39.9274890692239,NA
Yingdong Natatorium of National Olympic Sports Centre,Existing,"Water polo, modern pentathlon (swimming)",In use,2008,Beijing,NA,China,2001,exact,CHN,1065.40597574519,NA,10054.678,2001,0,Ying Tung Natatorium,swimming center,http://www.wikidata.org/entity/Q2036042,Ying Tung Natatorium,Point(116.39583333 39.98444444),NA,NA,NA,NA,18,NA,116.39583333,39.98444444,116.372224957549,39.9274890692239,4.133738341693153
La Plagne - Olympic Bobsleigh and Luge Track (Piste Olympique de bobsleigh et de luge),New build,"Bobsleigh, luge",In use,1992,Albertville,NA,France,1986,exact,FRA,13430.4824599685,NA,NA,NA,NA,2030 Winter Olympics,Winter Olympic Games edition,http://www.wikidata.org/entity/Q29389034,2030 Winter Olympics,NA,NA,NA,NA,NA,34,NA,NA,NA,NA,NA,NA
Courchevel - Cross-Country Stadium (Stade de ski de fond),New build,Nordic combined,In use,1992,Albertville,NA,France,1986,exact,FRA,13430.4824599685,NA,NA,NA,NA,NA,NA,NA,NA,NA,NA,NA,NA,NA,34,NA,NA,NA,NA,NA,NA
Ski Jumping Stadium (Stade de saut),New build,"Nordic combined,
ski jumping",In use,1992,Albertville,NA,France,1986,exact,FRA,13430.4824599685,NA,NA,NA,NA,Côte Feuillée stadium,sports venue; ski jumping complex,http://www.wikidata.org/entity/Q591692,La Côte Feuillée,Point(6.13522 46.67241),NA,1989,P571,3,34,37,6.13522,46.67241,NA,NA,NA
Les Arcs - Speed Skiing Slope (Piste de Ski de Vitesse des Arcs),Existing,Speed skiing (demonstration sport),In use,1992,Albertville,NA,France,1986,exact,FRA,13430.4824599685,NA,NA,NA,NA,NA,NA,NA,NA,NA,NA,NA,NA,NA,34,NA,NA,NA,NA,NA,NA
Tignes - Freestyle Skiing Stadium or Stade de Lognan (Stade de ski artistique et acrobatique),New build,"Freestyle skiing
(demonstration sport)",In use,1992,Albertville,NA,France,1986,exact,FRA,13430.4824599685,NA,NA,NA,NA,NA,NA,NA,NA,NA,NA,NA,NA,NA,34,NA,NA,NA,NA,NA,NA
Pralognan-la-Vanoise - Ice Rink (Patinoire de Pralognan-la-Vanoise),New build,"Curling
(demonstration sport)",In use,1992,Albertville,NA,France,1986,exact,FRA,13430.4824599685,NA,NA,NA,NA,Patinoire olympique de Pralognan-la-Vanoise,indoor ice rink,http://www.wikidata.org/entity/Q15265667,Patinoire olympique de Pralognan-la-Vanoise,Point(6.72221667 45.3770056),NA,NA,NA,NA,34,NA,6.72221667,45.3770056,NA,NA,NA
Olympic Ice Hall (Halle Olympique),New build,"Figure skating, short
track speed skating",In use,1992,Albertville,NA,France,1986,exact,FRA,13430.4824599685,NA,NA,NA,NA,Albertville,commune of France,http://www.wikidata.org/entity/Q159469,Albertville,NA,NA,NA,NA,NA,34,NA,NA,NA,NA,NA,NA
Sports Hall,New build,"Artistic gymnastics,
handball",In use,1972,Munich,NA,West Germany,1966,exact,DEU,1870.80540291774,NA,1376.229,1975,9,Olympiapark (Munich),park; cultural heritage ensemble; Olympic Park,http://www.wikidata.org/entity/Q383296,Olympiapark,NA,NA,NA,NA,NA,54,NA,NA,NA,11.5576103090309,48.1396053528052,NA
Rio Olympic Arena,Existing,"Artistic gymnastics,
rhythmic gymnastics,
trampoline gymnastics",In use,2016,Rio de Janeiro,NA,Brazil,2009,exact,BRA,8678.6592244676,NA,8926.759,2009,0,Rio de Janeiro,megacity; big city; municipality of Brazil; former national capital,http://www.wikidata.org/entity/Q8678,Rio de Janeiro,NA,NA,NA,NA,NA,10,NA,NA,NA,-43.3666524274637,-22.8458452131082,NA
Maracanã Stadium,Existing,"Football, Opening and
Closing Ceremonies",In use,2016,Rio de Janeiro,NA,Brazil,2009,exact,BRA,8678.6592244676,NA,8926.759,2009,0,"Maracanã, Rio de Janeiro",neighbourhood in Rio de Janeiro,http://www.wikidata.org/entity/Q2712903,Maracanã District,NA,NA,NA,NA,NA,10,NA,NA,NA,-43.3666524274637,-22.8458452131082,NA
Rio Olympic Stadium,Existing,"Athletics, football",In use,2016,Rio de Janeiro,NA,Brazil,2009,exact,BRA,8678.6592244676,NA,8926.759,2009,0,"Maracanã, Rio de Janeiro",neighbourhood in Rio de Janeiro,http://www.wikidata.org/entity/Q2712903,Maracanã District,NA,NA,NA,NA,NA,10,NA,NA,NA,-43.3666524274637,-22.8458452131082,NA
Lagoa Stadium,Existing,"Rowing, canoe sprint",In use,2016,Rio de Janeiro,NA,Brazil,2009,exact,BRA,8678.6592244676,NA,8926.759,2009,0,Rio de Janeiro,megacity; big city; municipality of Brazil; former national capital,http://www.wikidata.org/entity/Q8678,Rio de Janeiro,NA,NA,NA,NA,NA,10,NA,NA,NA,-43.3666524274637,-22.8458452131082,NA
Maria Lenk Aquatics Centre,Existing,"Diving, artistic
swimming, water polo",In use,2016,Rio de Janeiro,NA,Brazil,2009,exact,BRA,8678.6592244676,NA,8926.759,2009,0,Maria Lenk Aquatics Centre,architectural structure,http://www.wikidata.org/entity/Q64136,Maria Lenk Aquatic Center,NA,NA,NA,NA,NA,10,NA,NA,NA,-43.3666524274637,-22.8458452131082,NA
Deodoro Aquatics Centre,Existing,"Modern pentathlon
(swimming)",In use,2016,Rio de Janeiro,NA,Brazil,2009,exact,BRA,8678.6592244676,NA,8926.759,2009,0,Deodoro Aquatics Centre,stadium; event venue,http://www.wikidata.org/entity/Q23688724,Deodoro Aquatics Centre,Point(-43.403586111 -22.861797222),NA,2007,P1619,9,10,19,-43.403586111,-22.861797222,-43.3666524274637,-22.8458452131082,2.599945324289725
Rio Olympic Shooting Centre,Existing,Shooting,In use,2016,Rio de Janeiro,NA,Brazil,2009,exact,BRA,8678.6592244676,NA,8926.759,2009,0,Rio de Janeiro bid for the 2016 Summer Olympics,bid for the Olympic Games,http://www.wikidata.org/entity/Q4246875,Rio de Janeiro bid for the 2016 Summer Olympics,NA,NA,NA,NA,NA,10,NA,NA,NA,-43.3666524274637,-22.8458452131082,NA
Riocentro - Pavilion 2,Existing,"Weightlifting, boxing,
table tennis, badminton",In use,2016,Rio de Janeiro,NA,Brazil,2009,exact,BRA,8678.6592244676,NA,8926.759,2009,0,Riocentro,sports venue; convention center; event venue,http://www.wikidata.org/entity/Q3277433,Riocentro,Point(-43.41333333 -22.97916667),NA,1977,P1619,39,10,49,-43.41333333,-22.97916667,-43.3666524274637,-22.8458452131082,9.689709552719755
Sambódromo,Existing,"Archery, marathon",In use,2016,Rio de Janeiro,NA,Brazil,2009,exact,BRA,8678.6592244676,NA,8926.759,2009,0,Rio de Janeiro,megacity; big city; municipality of Brazil; former national capital,http://www.wikidata.org/entity/Q8678,Rio de Janeiro,NA,NA,NA,NA,NA,10,NA,NA,NA,-43.3666524274637,-22.8458452131082,NA
Swimming Stadium,New build,"Swimming, diving, water
polo, modern pentathlon
(swimming)",In use,1972,Munich,NA,West Germany,1966,exact,DEU,1870.80540291774,NA,1376.229,1975,9,Olympiastadion (Munich),stadium; Olympic stadium; association football venue; pitch,http://www.wikidata.org/entity/Q131610,Munich Olympic Stadium,NA,NA,NA,NA,NA,54,NA,NA,NA,11.5576103090309,48.1396053528052,NA
Munich Olympic Regatta Course,New build,"Rowing, canoe sprint",In use,1972,Munich,NA,West Germany,1966,exact,DEU,1870.80540291774,NA,1376.229,1975,9,1972 Summer Olympics,Summer Olympic Games edition,http://www.wikidata.org/entity/Q8438,1972 Summer Olympics,NA,NA,NA,NA,NA,54,NA,NA,NA,11.5576103090309,48.1396053528052,NA
Shooting Range,New build,"Shooting, modern
pentathlon (shooting)",In use,1972,Munich,NA,West Germany,1966,exact,DEU,1870.80540291774,NA,1376.229,1975,9,2026 ISSF World Cup,sports season,http://www.wikidata.org/entity/Q137299011,2026 ISSF World Cup,NA,NA,NA,NA,NA,54,NA,NA,NA,11.5576103090309,48.1396053528052,NA
Basketball Hall,New build,"Basketball, judo",In use,1972,Munich,NA,West Germany,1966,exact,DEU,1870.80540291774,NA,1376.229,1975,9,Munich,district capital; metropolis; financial center; residenz; college town; local government in Germany; big city; urban municipality in Germany; urban district of Bavaria,http://www.wikidata.org/entity/Q1726,Munich,NA,NA,NA,NA,NA,54,NA,NA,NA,11.5576103090309,48.1396053528052,NA
Volleyball Hall,New build,Volleyball,In use,1972,Munich,NA,West Germany,1966,exact,DEU,1870.80540291774,NA,1376.229,1975,9,1972 Summer Olympics,Summer Olympic Games edition,http://www.wikidata.org/entity/Q8438,1972 Summer Olympics,NA,NA,NA,NA,NA,54,NA,NA,NA,11.5576103090309,48.1396053528052,NA
Cycling Stadium (SAP Garden),New build,Cycling (track),In use (repurposed),1972,Munich,NA,West Germany,1966,exact,DEU,1870.80540291774,NA,1376.229,1975,9,Olympiapark (Munich),park; cultural heritage ensemble; Olympic Park,http://www.wikidata.org/entity/Q383296,Olympiapark,NA,NA,NA,NA,NA,54,NA,NA,NA,11.5576103090309,48.1396053528052,NA
Tokyo Olympic Village,"Mixed:
existing/new build",Athlete accommodation,Not in use (demolished),1964,Tokyo,urban redevelopment - not a failure,Japan,1959,exact,JPN,NA,NA,24281.618,1975,16,2020 Summer Olympics,Summer Olympic Games edition,http://www.wikidata.org/entity/Q181278,2020 Summer Olympics,NA,NA,NA,NA,NA,62,NA,NA,NA,139.655776246888,35.6661787766663,NA
Olympisches Dorf,New build,Athlete accommodation,In use,1972,Munich,NA,West Germany,1966,exact,DEU,1870.80540291774,NA,1376.229,1975,9,1972 Summer Olympics,Summer Olympic Games edition,http://www.wikidata.org/entity/Q8438,1972 Summer Olympics,NA,NA,NA,NA,NA,54,NA,NA,NA,11.5576103090309,48.1396053528052,NA
Hockey Fields,Temporary,Hockey,Dismantled (temporary),1972,Munich,NA,West Germany,1966,exact,DEU,1870.80540291774,NA,1376.229,1975,9,Field hockey at the Summer Olympics,recurring sporting event,http://www.wikidata.org/entity/Q645688,field hockey at the Summer Olympics,NA,NA,NA,NA,NA,54,NA,NA,NA,11.5576103090309,48.1396053528052,NA
Drei Flüsse Stadium,Existing,Football,In use,1972,Munich,NA,West Germany,1966,exact,DEU,1870.80540291774,NA,1376.229,1975,9,2011–12 FC Bayern Munich season,association football team season,http://www.wikidata.org/entity/Q2017710,2011–12 FC Bayern Munich season,NA,NA,NA,NA,NA,54,NA,NA,NA,11.5576103090309,48.1396053528052,NA
ESV Ingolstadt Stadium,Existing,Football,In use,1972,Munich,NA,West Germany,1966,exact,DEU,1870.80540291774,NA,1376.229,1975,9,FC Ingolstadt 04,association football club,http://www.wikidata.org/entity/Q170117,FC Ingolstadt 04,NA,NA,NA,NA,NA,54,NA,NA,NA,11.5576103090309,48.1396053528052,NA
Donauhalle,Existing,Handball,In use,1972,Munich,NA,West Germany,1966,exact,DEU,1870.80540291774,NA,1376.229,1975,9,Donauhalle Ulm,multi-purpose hall,http://www.wikidata.org/entity/Q5295457,Donauhalle Ulm,NA,NA,NA,NA,NA,54,NA,NA,NA,11.5576103090309,48.1396053528052,NA
Hohenstaufenhalle,Existing,Handball,In use,1972,Munich,NA,West Germany,1966,exact,DEU,1870.80540291774,NA,1376.229,1975,9,1972 Summer Olympics,Summer Olympic Games edition,http://www.wikidata.org/entity/Q8438,1972 Summer Olympics,NA,NA,NA,NA,NA,54,NA,NA,NA,11.5576103090309,48.1396053528052,NA
Canoe Slalom Course at the Eiskanal,New build,Canoe slalom,In use,1972,Munich,NA,West Germany,1966,exact,DEU,1870.80540291774,NA,1376.229,1975,9,Canoe slalom,sports discipline,http://www.wikidata.org/entity/Q31874,canoe slalom,NA,NA,NA,NA,NA,54,NA,NA,NA,11.5576103090309,48.1396053528052,NA
Olympia Hafen,New build,Sailing,In use,1972,Munich,NA,West Germany,1966,exact,DEU,1870.80540291774,NA,1376.229,1975,9,2026 Hamburg Olympics referendum,referendum,http://www.wikidata.org/entity/Q137830553,2026 Hamburg Olympics referendum,NA,NA,NA,NA,NA,54,NA,NA,NA,11.5576103090309,48.1396053528052,NA
Miyanomori Ski Jump,New build,"Ski jumping, Nordic
combined",In use,1972,Sapporo,NA,Japan,1966,exact,JPN,1167.69027982801,NA,1518.528,1975,9,Miyanomori Ski Jump Stadium,ski jumping hill; National Training Center; skiing stadium,http://www.wikidata.org/entity/Q1191109,Miyanomori Ski Jump Stadium,Point(141.29555556 43.03916667),NA,1970,P1619,2,54,56,141.29555556,43.03916667,141.369539272211,43.0693553937135,4.282952896596825
Mt Teine Slalom Events Site,New build,Alpine skiing,In use,1972,Sapporo,NA,Japan,1966,exact,JPN,1167.69027982801,NA,1518.528,1975,9,Sapporo Teine,ski resort; golf course,http://www.wikidata.org/entity/Q7421109,Sapporo Teine,NA,NA,NA,NA,NA,54,NA,NA,NA,141.369539272211,43.0693553937135,NA
Mt Teine Giant Slalom Events Site,New build,Alpine skiing,In use,1972,Sapporo,NA,Japan,1966,exact,JPN,1167.69027982801,NA,1518.528,1975,9,Sapporo Teine,ski resort; golf course,http://www.wikidata.org/entity/Q7421109,Sapporo Teine,NA,NA,NA,NA,NA,54,NA,NA,NA,141.369539272211,43.0693553937135,NA
Sapporo Olympic Village,New build,Athlete accommodation,In use,1972,Sapporo,NA,Japan,1966,exact,JPN,1167.69027982801,NA,1518.528,1975,9,Sapporo,city of Japan; big city; city designated by government ordinance; city for international conferences and tourism; prefectural capital of Japan,http://www.wikidata.org/entity/Q37951,Sapporo,NA,NA,NA,NA,NA,54,NA,NA,NA,141.369539272211,43.0693553937135,NA
"Palau d’Esports, Granollers",New build,Handball,In use,1992,Barcelona,NA,Spain,1986,exact,ESP,6508.8506547565,NA,2433.362,1986,0,Palau d'Esports de Granollers,sports venue,http://www.wikidata.org/entity/Q3434471,Sport Pavillion Granollers,Point(2.28777778 41.59861111),NA,1991,P1619,1,34,35,2.28777778,41.59861111,2.15510955627463,41.4251649163782,13.826025373183693
L’Hospitalet Baseball Stadium,New build,Baseball,In use,1992,Barcelona,NA,Spain,1986,exact,ESP,6508.8506547565,NA,2433.362,1986,0,Estadi Municipal de Futbol de L'Hospitalet,sports venue; association football venue,http://www.wikidata.org/entity/Q5400062,Estadi La Feixa Llarga,NA,NA,NA,NA,NA,34,NA,NA,NA,2.15510955627463,41.4251649163782,NA
"Parc del Segre, La Seu d’Urgell",New build,Canoe slalom,In use,1992,Barcelona,NA,Spain,1986,exact,ESP,6508.8506547565,NA,2433.362,1986,0,La Seu d'Urgell,municipality of Catalonia,http://www.wikidata.org/entity/Q673412,La Seu d'Urgell,NA,NA,NA,NA,NA,34,NA,NA,NA,2.15510955627463,41.4251649163782,NA
Terrassa Hockey Stadium,New build,Hockey,In use,1992,Barcelona,NA,Spain,1986,exact,ESP,6508.8506547565,NA,2433.362,1986,0,Estadi Olímpic de Terrassa,stadium,http://www.wikidata.org/entity/Q2438013,Estadi Olímpic de Terrassa,Point(2.011142 41.576133),11500,1955,P1619,37,34,71,2.011142,41.576133,2.15510955627463,41.4251649163782,12.83253521847478
Mollet Shooting Range,New build,"Shooting, modern
pentathlon (shooting)",In use,1992,Barcelona,NA,Spain,1986,exact,ESP,6508.8506547565,NA,2433.362,1986,0,Mollet del Vallès,municipality of Catalonia,http://www.wikidata.org/entity/Q15430,Mollet del Vallès,NA,NA,NA,NA,NA,34,NA,NA,NA,2.15510955627463,41.4251649163782,NA
Sant Sadurní cycling circuit,Temporary,Cycling (road),Dismantled (temporary),1992,Barcelona,NA,Spain,1986,exact,ESP,6508.8506547565,NA,2433.362,1986,0,1992 Summer Olympics,Summer Olympic Games edition,http://www.wikidata.org/entity/Q8488,1992 Summer Olympics,NA,NA,NA,NA,NA,34,NA,NA,NA,2.15510955627463,41.4251649163782,NA
Les Saisies - Olympic Nordic Skiing Stadium (Stade Olympique de ski nordique),Existing,"Biathlon, cross-country skiing",In use,1992,Albertville,NA,France,1986,exact,FRA,13430.4824599685,NA,NA,NA,NA,NA,NA,NA,NA,NA,NA,NA,NA,NA,34,NA,NA,NA,NA,NA,NA
Olympic Village (Village Olympique),Existing,"Athlete
accommodation",In use,1992,Albertville,NA,France,1986,exact,FRA,13430.4824599685,NA,NA,NA,NA,2030 Winter Olympics,Winter Olympic Games edition,http://www.wikidata.org/entity/Q29389034,2030 Winter Olympics,NA,NA,NA,NA,NA,34,NA,NA,NA,NA,NA,NA
Méribel - La Chaudanne Olympic Ice Rink (Patinoire Olympique “La Chaudanne” Méribel),New build,Ice hockey,In use,1992,Albertville,NA,France,1986,exact,FRA,13430.4824599685,NA,NA,NA,NA,NA,NA,NA,NA,NA,NA,NA,NA,NA,34,NA,NA,NA,NA,NA,NA
Cesana Torinese,New build,"Bobsleigh, luge and
skeleton",In use (repurposed),2006,Torino,NA,Italy,1999,exact,ITA,22049.9990620261,NA,1147.227,1999,0,Lake Nero (Cesana Torinese),lake,http://www.wikidata.org/entity/Q3825740,Lake Nero,NA,NA,NA,NA,NA,20,NA,NA,NA,7.64722894308938,45.0661095934941,NA
Bardonecchia Olympic Village,"Mixed new
build/Existing",Athlete accommodation,In use,2006,Torino,NA,Italy,1999,exact,ITA,22049.9990620261,NA,1147.227,1999,0,2006 Winter Olympics,Winter Olympic Games edition,http://www.wikidata.org/entity/Q9672,2006 Winter Olympics,NA,NA,NA,NA,NA,20,NA,NA,NA,7.64722894308938,45.0661095934941,NA
Sestriere Olympic Village,"Mixed new
build/Existing",Athlete accommodation,In use,2006,Torino,NA,Italy,1999,exact,ITA,22049.9990620261,NA,1147.227,1999,0,2006 Winter Olympics,Winter Olympic Games edition,http://www.wikidata.org/entity/Q9672,2006 Winter Olympics,NA,NA,NA,NA,NA,20,NA,NA,NA,7.64722894308938,45.0661095934941,NA
Sauze d’Oulx-Jouvenceaux,Temporary,Freestyle skiing,Dismantled (temporary),2006,Torino,NA,Italy,1999,exact,ITA,22049.9990620261,NA,1147.227,1999,0,NA,NA,NA,NA,NA,NA,NA,NA,NA,20,NA,NA,NA,7.64722894308938,45.0661095934941,NA
Stadio Olimpico Torino,Existing,"Opening and Closing
Ceremonies",In use,2006,Torino,NA,Italy,1999,exact,ITA,22049.9990620261,NA,1147.227,1999,0,NA,defunct sports venue,NA,Stadio delle Alpi,NA,NA,NA,P1619,NA,20,NA,NA,NA,7.64722894308938,45.0661095934941,NA
Torino Esposizioni,Existing,Ice hockey,In use,2006,Torino,NA,Italy,1999,exact,ITA,22049.9990620261,NA,1147.227,1999,0,2006 Winter Olympics,Winter Olympic Games edition,http://www.wikidata.org/entity/Q9672,2006 Winter Olympics,NA,NA,NA,NA,NA,20,NA,NA,NA,7.64722894308938,45.0661095934941,NA
Palavela,Existing,"Figure skating and short
track speed skating",In use,2006,Torino,NA,Italy,1999,exact,ITA,22049.9990620261,NA,1147.227,1999,0,Torino Palavela,indoor arena,http://www.wikidata.org/entity/Q241560,Torino Palavela,Point(7.669167 45.023333),8244,1961,P1619,45,20,65,7.669167,45.023333,7.64722894308938,45.0661095934941,3.147162097233655
Archery Range,Temporary,Archery,Dismantled (temporary),1972,Munich,NA,West Germany,1966,exact,DEU,1870.80540291774,NA,1376.229,1975,9,Englischer Garten,park,http://www.wikidata.org/entity/Q260223,Englischer Garten,NA,NA,NA,NA,NA,54,NA,NA,NA,11.5576103090309,48.1396053528052,NA
Munich-Lindau Highway,Temporary,Cycling (road),Dismantled (temporary),1972,Munich,NA,West Germany,1966,exact,DEU,1870.80540291774,NA,1376.229,1975,9,Bundesautobahn 96,road,http://www.wikidata.org/entity/Q10853,Bundesautobahn 96,NA,NA,NA,NA,NA,54,NA,NA,NA,11.5576103090309,48.1396053528052,NA
Munich-Grünwald Circuit,Temporary,Cycling (road),Dismantled (temporary),1972,Munich,NA,West Germany,1966,exact,DEU,1870.80540291774,NA,1376.229,1975,9,"Grünwald, Bavaria",resort town; municipality without town privileges in Germany,http://www.wikidata.org/entity/Q220090,Grünwald,NA,NA,NA,NA,NA,54,NA,NA,NA,11.5576103090309,48.1396053528052,NA
Tokorozawa Clay Pigeon Shooting Range,New build,Shooting,Not in use (demolished),1964,Tokyo,urban redevelopment - not a failure,Japan,1959,exact,JPN,NA,NA,24281.618,1975,16,List of Olympic venues in shooting,Wikimedia list article,http://www.wikidata.org/entity/Q16967578,list of Olympic venues in shooting,NA,NA,NA,NA,NA,62,NA,NA,NA,139.655776246888,35.6661787766663,NA
Insurgentes Ice Rink,Existing,Wrestling,Not in use (demolished),1968,Mexico City,urban redevelopment - not a failure,Mexico,1963,exact,MEX,419.552066324849,NA,11119.402,1975,12,Insurgentes Ice Rink,arena,http://www.wikidata.org/entity/Q1521381,Insurgentes Ice Rink,Point(-99.18704 19.35208),NA,NA,NA,NA,58,NA,-99.18704,19.35208,-99.1049386818456,19.4448241307528,8.357525390742415
Municipal Stadium,Existing,Football,In use,1972,Munich,NA,West Germany,1966,exact,DEU,1870.80540291774,NA,1376.229,1975,9,Olympiastadion (Munich),stadium; Olympic stadium; association football venue; pitch,http://www.wikidata.org/entity/Q131610,Munich Olympic Stadium,NA,NA,NA,NA,NA,54,NA,NA,NA,11.5576103090309,48.1396053528052,NA
Rosenau Stadium,Existing,Football,In use,1972,Munich,NA,West Germany,1966,exact,DEU,1870.80540291774,NA,1376.229,1975,9,Rosenaustadion,association football venue,http://www.wikidata.org/entity/Q672377,Rosenaustadion,NA,NA,NA,NA,NA,54,NA,NA,NA,11.5576103090309,48.1396053528052,NA
"Sports Hall, Augsburg",Existing,Handball,In use,1972,Munich,NA,West Germany,1966,exact,DEU,1870.80540291774,NA,1376.229,1975,9,FC Augsburg,association football club,http://www.wikidata.org/entity/Q15755,FC Augsburg,NA,NA,NA,NA,NA,54,NA,NA,NA,11.5576103090309,48.1396053528052,NA
Makomanai Cross-Country Events Site,Temporary,"Cross-country skiing,
Nordic combined",Dismantled (temporary),1972,Sapporo,NA,Japan,1966,exact,JPN,1167.69027982801,NA,1518.528,1975,9,Sapporo,city of Japan; big city; city designated by government ordinance; city for international conferences and tourism; prefectural capital of Japan,http://www.wikidata.org/entity/Q37951,Sapporo,NA,NA,NA,NA,NA,54,NA,NA,NA,141.369539272211,43.0693553937135,NA
Laura Cross-Country Ski and Biathlon Centre,New build,"Biathlon, cross-country
skiing and Nordic
combined",In use,2014,Sochi,NA,Russia,2007,exact,RUS,9101.2392578125,NA,184.32,2007,0,2014 Winter Olympics,international sporting event; Winter Olympic Games edition,http://www.wikidata.org/entity/Q9678,2014 Winter Olympics,NA,NA,NA,NA,NA,12,NA,NA,NA,39.731151310852,43.6008333726071,NA
Mountain Olympic Village,New build,Athlete accommodation,In use,2014,Sochi,NA,Russia,2007,exact,RUS,9101.2392578125,NA,184.32,2007,0,2014 Winter Olympics,international sporting event; Winter Olympic Games edition,http://www.wikidata.org/entity/Q9678,2014 Winter Olympics,NA,NA,NA,NA,NA,12,NA,NA,NA,39.731151310852,43.6008333726071,NA
Bolshoy Ice Dome,New build,Ice hockey,In use,2014,Sochi,NA,Russia,2007,exact,RUS,9101.2392578125,NA,184.32,2007,0,Bolshoy Ice Dome,stadium,http://www.wikidata.org/entity/Q2272937,Bolshoy Ice Dome,Point(39.949933 43.404478),12000,2012,P1619,2,12,14,39.949933,43.404478,39.731151310852,43.6008333726071,17.463201657147707
Shayba Arena,New build,Ice hockey,In use,2014,Sochi,NA,Russia,2007,exact,RUS,9101.2392578125,NA,184.32,2007,0,Shayba Arena,stadium; ice rink,http://www.wikidata.org/entity/Q2389693,Shayba Arena,Point(39.9519528 43.4023417),7000,2013,P1619,1,12,13,39.9519528,43.4023417,39.731151310852,43.6008333726071,17.64195672270488
Adler Arena Skating Centre,New build,Speed skating,In use,2014,Sochi,NA,Russia,2007,exact,RUS,9101.2392578125,NA,184.32,2007,0,Adler Arena Skating Center,stadium; speed skating rink,http://www.wikidata.org/entity/Q1981080,Sirius Arena,Point(39.9492 43.4052),8000,2012,P1619,2,12,14,39.9492,43.4052,39.731151310852,43.6008333726071,17.401202227042784
Fisht Olympic Stadium,New build,"Opening and Closing
Ceremonies",In use,2014,Sochi,NA,Russia,2007,exact,RUS,9101.2392578125,NA,184.32,2007,0,Fisht Olympic Stadium,Olympic stadium,http://www.wikidata.org/entity/Q1149601,Fisht Olympic Stadium,Point(39.955858093 43.401769445),25000,2014,P1619,0,12,12,39.955858093,43.401769445,39.731151310852,43.6008333726071,17.79629645825117
Ice Cube Curling Centre,New build,Curling,In use,2014,Sochi,NA,Russia,2007,exact,RUS,9101.2392578125,NA,184.32,2007,0,Ice Cube Curling Center,stadium,http://www.wikidata.org/entity/Q2945286,Ice Cube Curling Center,Point(39.94959444 43.4068),3000,2012,P1619,2,12,14,39.94959444,43.4068,39.731151310852,43.6008333726071,17.327694860319866
Iceberg Skating Palace,New build,"Figure skating and short
track speed skating",In use,2014,Sochi,NA,Russia,2007,exact,RUS,9101.2392578125,NA,184.32,2007,0,Iceberg Skating Palace,indoor ice rink,http://www.wikidata.org/entity/Q2272957,Iceberg Skating Palace,Point(39.95835 43.40739177),12000,2012,P1619,2,12,14,39.95835,43.40739177,39.731151310852,43.6008333726071,17.577607570318175
Coastal Olympic Village,New build,Athlete accommodation,In use,2014,Sochi,NA,Russia,2007,exact,RUS,9101.2392578125,NA,184.32,2007,0,Venues of the 2014 Winter Olympics and Paralympics,Wikimedia list article,http://www.wikidata.org/entity/Q3485490,Venues of the 2014 Winter Olympics,NA,NA,NA,NA,NA,12,NA,NA,NA,39.731151310852,43.6008333726071,NA
Rio Olympic Equestrian Centre,Existing,"Eventing, dressage,
jumping",In use,2016,Rio de Janeiro,NA,Brazil,2009,exact,BRA,8678.6592244676,NA,8926.759,2009,0,Rio de Janeiro bid for the 2016 Summer Olympics,bid for the Olympic Games,http://www.wikidata.org/entity/Q4246875,Rio de Janeiro bid for the 2016 Summer Olympics,NA,NA,NA,NA,NA,10,NA,NA,NA,-43.3666524274637,-22.8458452131082,NA
Olympic Canoe/Kayak Slalom Centre,New build,Canoe slalom,Not in use (demolished),2004,Athens,abandoned before demolition - this is the white elephant,Greece,1997,exact,GRC,13015.9175046854,NA,3278.09,1997,0,Hellinikon Olympic Canoe/Kayak Slalom Centre,artificial whitewater,http://www.wikidata.org/entity/Q5707583,Hellinikon Olympic Canoe/Kayak Slalom Centre,NA,NA,NA,NA,NA,22,NA,NA,NA,23.7294821422573,37.9900827844442,NA
Goudi Olympic Hall,New build,"Badminton, modern
pentathlon (shooting,
fencing)",Not in use (demolished),2004,Athens,abandoned before demolition - this is the white elephant,Greece,1997,exact,GRC,13015.9175046854,NA,3278.09,1997,0,Goudi Olympic Complex,sports venue,http://www.wikidata.org/entity/Q360677,Goudi Olympic Complex,NA,NA,NA,NA,NA,22,NA,NA,NA,23.7294821422573,37.9900827844442,NA
Okurayama Ski Jump,Existing,Ski jumping,In use,1972,Sapporo,NA,Japan,1966,exact,JPN,1167.69027982801,NA,1518.528,1975,9,Okurayama Ski Jump Stadium,observation deck; ski jumping hill; National Training Center; skiing stadium,http://www.wikidata.org/entity/Q385351,Okurayama Ski Jump Stadium,Point(141.28630556 43.05066667),NA,1932,P1619,40,54,94,141.28630556,43.05066667,141.369539272211,43.0693553937135,4.400696590382717
Makomanai Biathlon Course,New build,Biathlon,In use (repurposed),1972,Sapporo,NA,Japan,1966,exact,JPN,1167.69027982801,NA,1518.528,1975,9,1972 Winter Olympics,Winter Olympic Games edition,http://www.wikidata.org/entity/Q9646,1972 Winter Olympics,NA,NA,NA,NA,NA,54,NA,NA,NA,141.369539272211,43.0693553937135,NA
Makomanai Indoor Skating Rink,New build,"Figure skating, ice hockey,
Closing Ceremony",In use,1972,Sapporo,NA,Japan,1966,exact,JPN,1167.69027982801,NA,1518.528,1975,9,Makomanai Ice Arena,gym; arena; ice rink; music venue,http://www.wikidata.org/entity/Q1886406,Makomanai Ice Arena,Point(141.347344 42.999444),10770,1972,P1619,0,54,54,141.347344,42.999444,141.369539272211,43.0693553937135,4.964333575805008
Makomanai Speed Skating Rink,New build,"Speed skating, Opening
Ceremony",In use,1972,Sapporo,NA,Japan,1966,exact,JPN,1167.69027982801,NA,1518.528,1975,9,2017 Asian Winter Games,multi-sport event; recurring sporting event edition,http://www.wikidata.org/entity/Q1186151,2017 Asian Winter Games,NA,NA,NA,NA,NA,54,NA,NA,NA,141.369539272211,43.0693553937135,NA
Tsukisamu Indoor Skating Rink,New build,Ice hockey,In use,1972,Sapporo,NA,Japan,1966,exact,JPN,1167.69027982801,NA,1518.528,1975,9,Tsukisamu Gymnasium,tennis court; sports venue; ice rink; kyūdōjō,http://www.wikidata.org/entity/Q7850081,Tsukisamu Gymnasium,Point(141.399268 43.029247),NA,1972,P1619,0,54,54,141.399268,43.029247,141.369539272211,43.0693553937135,3.155169939114374
Mikaho Indoor Skating Rink,New build,Figure skating,In use,1972,Sapporo,NA,Japan,1966,exact,JPN,1167.69027982801,NA,1518.528,1975,9,Mikaho Gymnasium,arena,http://www.wikidata.org/entity/Q6845655,Mikaho Gymnasium,Point(141.357087 43.089368),NA,1970,P1619,2,54,56,141.357087,43.089368,141.369539272211,43.0693553937135,1.520545391362588
Stade Molson de l’Université McGill,Existing,Hockey,In use,1976,Montreal,NA,Canada,1970,exact,CAN,4135.82149842006,NA,1682.973,1975,5,1976 Summer Olympics,Summer Olympic Games edition,http://www.wikidata.org/entity/Q8444,1976 Summer Olympics,NA,NA,NA,NA,NA,50,NA,NA,NA,-73.6660077343496,45.5363747662468,NA
Aréna Maurice Richard,Existing,Boxing,In use,1976,Montreal,NA,Canada,1970,exact,CAN,4135.82149842006,NA,1682.973,1975,5,Maurice Richard Arena,sports venue,http://www.wikidata.org/entity/Q2866182,Maurice Richard Arena,Point(-73.54719 45.56218),4750,1962,P1619,14,50,64,-73.54719,45.56218,-73.6660077343496,45.5363747662468,6.025973010261612
Aréna Saint-Michel,Existing,Weightlifting,In use,1976,Montreal,NA,Canada,1970,exact,CAN,4135.82149842006,NA,1682.973,1975,5,"Saint-Leonard, Quebec",borough of Montreal,http://www.wikidata.org/entity/Q1325316,Saint-Leonard,NA,NA,NA,NA,NA,50,NA,NA,NA,-73.6660077343496,45.5363747662468,NA
Centre Sportif maison neuve (Centre Pierre Charbonneau),Existing,Wrestling,In use,1976,Montreal,NA,Canada,1970,exact,CAN,4135.82149842006,NA,1682.973,1975,5,NA,NA,NA,NA,NA,NA,NA,NA,NA,50,NA,NA,NA,-73.6660077343496,45.5363747662468,NA
Marathon circuit,Temporary,Marathon,Dismantled (temporary),1992,Barcelona,NA,Spain,1986,exact,ESP,6508.8506547565,NA,2433.362,1986,0,Sport in Barcelona,sport in a geographic region,http://www.wikidata.org/entity/Q4894083,sport in Barcelona,NA,NA,NA,NA,NA,34,NA,NA,NA,2.15510955627463,41.4251649163782,NA
Walking circuit,Temporary,Race walking,Dismantled (temporary),1992,Barcelona,NA,Spain,1986,exact,ESP,6508.8506547565,NA,2433.362,1986,0,Sport in Barcelona,sport in a geographic region,http://www.wikidata.org/entity/Q4894083,sport in Barcelona,NA,NA,NA,NA,NA,34,NA,NA,NA,2.15510955627463,41.4251649163782,NA
"Luis Casanova Stadium, Valencia",Existing,Football,In use,1992,Barcelona,NA,Spain,1986,exact,ESP,6508.8506547565,NA,2433.362,1986,0,Mestalla Stadium,stadium,http://www.wikidata.org/entity/Q202762,Mestalla Stadium,Point(-0.358333 39.474722),49430,1923,P1619,69,34,103,-0.358333,39.474722,2.15510955627463,41.4251649163782,188.94082203399122
A-17 cycling circuit,Existing,Cycling (road),In use,1992,Barcelona,NA,Spain,1986,exact,ESP,6508.8506547565,NA,2433.362,1986,0,Circuit de Barcelona-Catalunya,motorsport racing track,http://www.wikidata.org/entity/Q171404,Circuit de Barcelona-Catalunya,NA,NA,NA,NA,NA,34,NA,NA,NA,2.15510955627463,41.4251649163782,NA
El Montanyà Equestrian Centre,Existing,Eventing,In use,1992,Barcelona,NA,Spain,1986,exact,ESP,6508.8506547565,NA,2433.362,1986,0,1992 Summer Olympics,Summer Olympic Games edition,http://www.wikidata.org/entity/Q8488,1992 Summer Olympics,NA,NA,NA,NA,NA,34,NA,NA,NA,2.15510955627463,41.4251649163782,NA
"Pavelló Club Joventut, Badalona",Existing,Boxing,In use,1992,Barcelona,NA,Spain,1986,exact,ESP,6508.8506547565,NA,2433.362,1986,0,Joventut Badalona,basketball team,http://www.wikidata.org/entity/Q54908,Club Joventut Badalona,NA,NA,NA,NA,NA,34,NA,NA,NA,2.15510955627463,41.4251649163782,NA
Viladecans Baseball Stadium,Existing,Baseball,In use,1992,Barcelona,NA,Spain,1986,exact,ESP,6508.8506547565,NA,2433.362,1986,0,1992 Summer Olympics,Summer Olympic Games edition,http://www.wikidata.org/entity/Q8488,1992 Summer Olympics,NA,NA,NA,NA,NA,34,NA,NA,NA,2.15510955627463,41.4251649163782,NA
"Nova Creu Alta Stadium, Sabadell",Existing,Football,In use,1992,Barcelona,NA,Spain,1986,exact,ESP,6508.8506547565,NA,2433.362,1986,0,CE Sabadell FC,association football club,http://www.wikidata.org/entity/Q12260,Centre d'Esports Sabadell Futbol Club,NA,NA,NA,NA,NA,34,NA,NA,NA,2.15510955627463,41.4251649163782,NA
"La Romareda Stadium, Zaragoza",Existing,Football,In use,1992,Barcelona,NA,Spain,1986,exact,ESP,6508.8506547565,NA,2433.362,1986,0,Real Zaragoza,association football club,http://www.wikidata.org/entity/Q10308,Real Zaragoza,NA,NA,NA,NA,NA,34,NA,NA,NA,2.15510955627463,41.4251649163782,NA
Banyoles Lake,Existing,Rowing,In use,1992,Barcelona,NA,Spain,1986,exact,ESP,6508.8506547565,NA,2433.362,1986,0,Lake of Banyoles,lake; protected area; Pla d'Espais d'Interès Natural,http://www.wikidata.org/entity/Q1369765,Lake of Banyoles,NA,NA,NA,NA,NA,34,NA,NA,NA,2.15510955627463,41.4251649163782,NA
"Palau d’Esports, Badalona",New build,Basketball,In use,1992,Barcelona,NA,Spain,1986,exact,ESP,6508.8506547565,NA,2433.362,1986,0,Palau Municipal d'Esports de Badalona,indoor arena,http://www.wikidata.org/entity/Q1412278,Palau Municipal d'Esports de Badalona,Point(2.232144 41.442414),12760,1991,P1619,1,34,35,2.232144,41.442414,2.15510955627463,41.4251649163782,4.169286251284139
Castelldefels Olympic Canal,New build,Canoe sprint,In use,1992,Barcelona,NA,Spain,1986,exact,ESP,6508.8506547565,NA,2433.362,1986,0,Castelldefels,municipality of Catalonia,http://www.wikidata.org/entity/Q15597,Castelldefels,NA,NA,NA,NA,NA,34,NA,NA,NA,2.15510955627463,41.4251649163782,NA
Stade d’hiver de l’Université de Montréal,Existing,"Fencing, modern
pentathlon (fencing)",In use,1976,Montreal,NA,Canada,1970,exact,CAN,4135.82149842006,NA,1682.973,1975,5,COVID-19 pandemic in Montreal,disease outbreak,http://www.wikidata.org/entity/Q91618785,2020 COVID-19 pandemic in Montreal,NA,NA,NA,NA,NA,50,NA,NA,NA,-73.6660077343496,45.5363747662468,NA
Forum,Existing,"Gymnastics, boxing,
handball",In use (repurposed),1976,Montreal,NA,Canada,1970,exact,CAN,4135.82149842006,NA,1682.973,1975,5,Montreal Forum,arena; performing arts center,http://www.wikidata.org/entity/Q367272,Montreal Forum,Point(-73.584722222 45.490277777),17959,1924,P1619,52,50,102,-73.584722222,45.490277777,-73.6660077343496,45.5363747662468,5.068582206443924
Revolution Ice Rink,Existing,Volleyball,Not in use (demolished),1968,Mexico City,urban redevelopment - not a failure,Mexico,1963,exact,MEX,419.552066324849,NA,11119.402,1975,12,Revolution Ice Rink,arena,http://www.wikidata.org/entity/Q1488680,Revolution Ice Rink,Point(-99.18734 19.38096),NA,NA,NA,NA,58,NA,-99.18734,19.38096,-99.1049386818456,19.4448241307528,6.957952981967497
Centre Etienne-Desmarteau,New build,Basketball,In use,1976,Montreal,NA,Canada,1970,exact,CAN,4135.82149842006,NA,1682.973,1975,5,Centre Étienne Desmarteau,sports venue,http://www.wikidata.org/entity/Q2946127,Centre Étienne Desmarteau,Point(-73.58027778 45.55555556),2200,1976,P1619,0,50,50,-73.58027778,45.55555556,-73.6660077343496,45.5363747662468,4.359789199759571
Olympic Velodrome,New build,"Cycling (track), judo",In use (repurposed),1976,Montreal,NA,Canada,1970,exact,CAN,4135.82149842006,NA,1682.973,1975,5,Montreal Biodome,zoo,http://www.wikidata.org/entity/Q2904080,Montreal Biodome,NA,NA,NA,NA,NA,50,NA,NA,NA,-73.6660077343496,45.5363747662468,NA
Stade Olympique de Montréal,New build,"Athletics, football, equestrian (jumping),
modern pentathlon
(running), Opening and
Closing Ceremonies",In use,1976,Montreal,NA,Canada,1970,exact,CAN,4135.82149842006,NA,1682.973,1975,5,Olympic Stadium (Montreal),Olympic stadium,http://www.wikidata.org/entity/Q285467,Olympic Stadium,NA,NA,NA,NA,NA,50,NA,NA,NA,-73.6660077343496,45.5363747662468,NA
Bassin Olympique,New build,"Rowing, canoe sprint",In use,1976,Montreal,NA,Canada,1970,exact,CAN,4135.82149842006,NA,1682.973,1975,5,List of diving facilities,Wikimedia list article,http://www.wikidata.org/entity/Q28232402,list of 10 meter diving platforms in the United States,NA,NA,NA,NA,NA,50,NA,NA,NA,-73.6660077343496,45.5363747662468,NA
Centre Claude-Robillard,New build,"Water polo, handball",In use,1976,Montreal,NA,Canada,1970,exact,CAN,4135.82149842006,NA,1682.973,1975,5,Complexe sportif Claude-Robillard,sports complex,http://www.wikidata.org/entity/Q1121588,Complexe sportif Claude-Robillard,Point(-73.636666666 45.554166666),9500,NA,NA,NA,50,NA,-73.636666666,45.554166666,-73.6660077343496,45.5363747662468,1.8801361612312697
Piscine Olympique,New build,"Swimming, diving, modern
pentathlon (swimming)",In use,1976,Montreal,NA,Canada,1970,exact,CAN,4135.82149842006,NA,1682.973,1975,5,Olympic Stadium (Montreal),Olympic stadium,http://www.wikidata.org/entity/Q285467,Olympic Stadium,NA,NA,NA,NA,NA,50,NA,NA,NA,-73.6660077343496,45.5363747662468,NA
Montreal Olympic Village,New build,Athlete accommodation,In use,1976,Montreal,NA,Canada,1970,exact,CAN,4135.82149842006,NA,1682.973,1975,5,Olympic Stadium (Montreal),Olympic stadium,http://www.wikidata.org/entity/Q285467,Olympic Stadium,NA,NA,NA,NA,NA,50,NA,NA,NA,-73.6660077343496,45.5363747662468,NA
Circuit Mont-Royal,Temporary,Cycling (road),Dismantled (temporary),1976,Montreal,NA,Canada,1970,exact,CAN,4135.82149842006,NA,1682.973,1975,5,2026 UCI Road World Championships,UCI Road World Championships,http://www.wikidata.org/entity/Q109424008,2026 UCI Road World Championships,NA,NA,NA,NA,NA,50,NA,NA,NA,-73.6660077343496,45.5363747662468,NA
Circuit Fairview,Temporary,Cycling (road),Dismantled (temporary),1976,Montreal,NA,Canada,1970,exact,CAN,4135.82149842006,NA,1682.973,1975,5,List of S&P 500 companies,NA,NA,NA,NA,NA,NA,NA,NA,50,NA,NA,NA,-73.6660077343496,45.5363747662468,NA
Stand de tir olympique,Existing,"Shooting, modern
pentathlon (shooting)",In use,1976,Montreal,NA,Canada,1970,exact,CAN,4135.82149842006,NA,1682.973,1975,5,List of Olympic venues in shooting,Wikimedia list article,http://www.wikidata.org/entity/Q16967578,list of Olympic venues in shooting,NA,NA,NA,NA,NA,50,NA,NA,NA,-73.6660077343496,45.5363747662468,NA
Terrain de tir à l’arc olympique,Existing,Archery,In use,1976,Montreal,NA,Canada,1970,exact,CAN,4135.82149842006,NA,1682.973,1975,5,NA,NA,NA,NA,NA,NA,NA,NA,NA,50,NA,NA,NA,-73.6660077343496,45.5363747662468,NA
Stade Varsity,Existing,Football,In use (rebuilt),1976,Montreal,NA,Canada,1970,exact,CAN,4135.82149842006,NA,1682.973,1975,5,Olympic Stadium (Montreal),Olympic stadium,http://www.wikidata.org/entity/Q285467,Olympic Stadium,NA,NA,NA,NA,NA,50,NA,NA,NA,-73.6660077343496,45.5363747662468,NA
Parc Lansdowne,Existing,Football,In use,1976,Montreal,NA,Canada,1970,exact,CAN,4135.82149842006,NA,1682.973,1975,5,"Henry Petty-Fitzmaurice, 5th Marquess of Lansdowne",human,http://www.wikidata.org/entity/Q337386,"Henry Petty-Fitzmaurice, 5th Marquess of Lansdowne",NA,NA,NA,NA,NA,50,NA,NA,NA,-73.6660077343496,45.5363747662468,NA
Stade de Sherbrooke,Existing,Football,In use,1976,Montreal,NA,Canada,1970,exact,CAN,4135.82149842006,NA,1682.973,1975,5,Olympic Stadium (Montreal),Olympic stadium,http://www.wikidata.org/entity/Q285467,Olympic Stadium,NA,NA,NA,NA,NA,50,NA,NA,NA,-73.6660077343496,45.5363747662468,NA
Palais des sports de Sherbrooke,Existing,Handball,In use (rebuilt),1976,Montreal,NA,Canada,1970,exact,CAN,4135.82149842006,NA,1682.973,1975,5,Palais des Sports Léopold-Drolet,arena,http://www.wikidata.org/entity/Q3361128,Palais des Sports Léopold-Drolet,Point(-71.8833 45.4106),3646,1965,P1619,11,50,61,-71.8833,45.4106,-73.6660077343496,45.5363747662468,86.90557681766354
Centre olympique de yachting,Existing,Sailing,In use,1976,Montreal,NA,Canada,1970,exact,CAN,4135.82149842006,NA,1682.973,1975,5,1976 Summer Olympics,Summer Olympic Games edition,http://www.wikidata.org/entity/Q8444,1976 Summer Olympics,NA,NA,NA,NA,NA,50,NA,NA,NA,-73.6660077343496,45.5363747662468,NA
Hampton Court Palace,Temporary,Cycling (road),Dismantled (temporary),2012,London,NA,United Kingdom,2005,exact,GBR,42240.2462987547,NA,7947.72,2005,0,Hampton Court Palace,palace; theatre building; historic house museum; independent museum,http://www.wikidata.org/entity/Q205666,Hampton Court Palace,NA,NA,NA,NA,NA,14,NA,NA,NA,-0.1269853785119,51.508926472857,NA
Hampden Park,Existing,Football,In use,2012,London,NA,United Kingdom,2005,exact,GBR,42240.2462987547,NA,7947.72,2005,0,Hampden Park,stadium; association football venue; rugby union venue,http://www.wikidata.org/entity/Q193651,Hampden Park,Point(-4.252002777 55.825863888),51866,1903,P1619,109,14,123,-4.252002777,55.825863888,-0.1269853785119,51.508926472857,342.9976361027178
Millennium Stadium,Existing,Football,In use,2012,London,NA,United Kingdom,2005,exact,GBR,42240.2462987547,NA,7947.72,2005,0,Millennium Stadium,stadium; association football venue; rugby union venue; rugby league venue,http://www.wikidata.org/entity/Q204496,Millennium Stadium,Point(-3.1825 51.478055555),73931,1999,P1619,13,14,27,-3.1825,51.478055555,-0.1269853785119,51.508926472857,131.59669782880025
Old Trafford,Existing,Football,In use,2012,London,NA,United Kingdom,2005,exact,GBR,42240.2462987547,NA,7947.72,2005,0,Old Trafford (area),suburb,http://www.wikidata.org/entity/Q1455478,Old Trafford,NA,NA,NA,NA,NA,14,NA,NA,NA,-0.1269853785119,51.508926472857,NA
St James’ Park,Existing,Football,In use,2012,London,NA,United Kingdom,2005,exact,GBR,42240.2462987547,NA,7947.72,2005,0,St James's Park,park,http://www.wikidata.org/entity/Q216914,St James's Park,NA,NA,NA,NA,NA,14,NA,NA,NA,-0.1269853785119,51.508926472857,NA
City of Coventry Stadium,Existing,Football,In use,2012,London,NA,United Kingdom,2005,exact,GBR,42240.2462987547,NA,7947.72,2005,0,Coventry Building Society Arena,stadium; association football venue; rugby union venue,http://www.wikidata.org/entity/Q842077,Coventry Building Society Arena,Point(-1.495556 52.448056),32609,2005,P1619,7,14,21,-1.495556,52.448056,-0.1269853785119,51.508926472857,87.28880096675363
Eton Dorney Rowing Centre,Existing,"Rowing, canoe sprint",In use,2012,London,NA,United Kingdom,2005,exact,GBR,42240.2462987547,NA,7947.72,2005,0,Dorney Lake,rowing and canoeing venue,http://www.wikidata.org/entity/Q958950,Dorney Lake,NA,NA,NA,NA,NA,14,NA,NA,NA,-0.1269853785119,51.508926472857,NA
Weymouth and Portland,Existing,Sailing,In use,2012,London,NA,United Kingdom,2005,exact,GBR,42240.2462987547,NA,7947.72,2005,0,"Weymouth, Dorset",town; civil parish,http://www.wikidata.org/entity/Q661619,Weymouth,NA,NA,NA,NA,NA,14,NA,NA,NA,-0.1269853785119,51.508926472857,NA
Hadleigh Farm,New build,Mountain bike,In use,2012,London,NA,United Kingdom,2005,exact,GBR,42240.2462987547,NA,7947.72,2005,0,Hadleigh Farm,park,http://www.wikidata.org/entity/Q1262578,Hadleigh Farm,NA,NA,NA,NA,NA,14,NA,NA,NA,-0.1269853785119,51.508926472857,NA
Rosa Khutor Alpine Centre,Existing,Alpine skiing,In use,2014,Sochi,NA,Russia,2007,exact,RUS,9101.2392578125,NA,184.32,2007,0,2014 Winter Olympics,international sporting event; Winter Olympic Games edition,http://www.wikidata.org/entity/Q9678,2014 Winter Olympics,NA,NA,NA,NA,NA,12,NA,NA,NA,39.731151310852,43.6008333726071,NA
RusSki Gorki Ski Jumping Centre,New build,"Ski jumping and Nordic
combined",In use,2014,Sochi,NA,Russia,2007,exact,RUS,9101.2392578125,NA,184.32,2007,0,RusSki Gorki Jumping Center,ski jumping complex,http://www.wikidata.org/entity/Q257269,RusSki Gorki Jumping Center,NA,NA,NA,NA,NA,12,NA,NA,NA,39.731151310852,43.6008333726071,NA
Sanki Sliding Centre,New build,"Bobsleigh, luge and
skeleton",In use,2014,Sochi,NA,Russia,2007,exact,RUS,9101.2392578125,NA,184.32,2007,0,Sliding Center Sanki,bobsleigh track; artificial luge track,http://www.wikidata.org/entity/Q3472326,Sliding Center Sanki,NA,NA,NA,NA,NA,12,NA,NA,NA,39.731151310852,43.6008333726071,NA
Rosa Khutor Extreme Park,New build,"Freestyle skiing and
snowboard",In use,2014,Sochi,NA,Russia,2007,exact,RUS,9101.2392578125,NA,184.32,2007,0,Rosa Khutor Alpine Resort,ski resort; spa town,http://www.wikidata.org/entity/Q1335490,Rosa Khutor Alpine Resort,NA,NA,NA,NA,NA,12,NA,NA,NA,39.731151310852,43.6008333726071,NA
"Pavillon de l’éducation physique et des sports, Université Laval",Existing,Handball,In use,1976,Montreal,NA,Canada,1970,exact,CAN,4135.82149842006,NA,1682.973,1975,5,Université Laval,charitable organization; university in Quebec; open-access publisher; public research university,http://www.wikidata.org/entity/Q1067935,Laval University,NA,NA,NA,NA,NA,50,NA,NA,NA,-73.6660077343496,45.5363747662468,NA
Centre Equestre olympique,New build,"Dressage, eventing,
modern pentathlon
(equestrian)",In use,1976,Montreal,NA,Canada,1970,exact,CAN,4135.82149842006,NA,1682.973,1975,5,List of international organisations which have French as an official language,Wikimedia list article,http://www.wikidata.org/entity/Q3243147,list of international organisations which have French as an official language,NA,NA,NA,NA,NA,50,NA,NA,NA,-73.6660077343496,45.5363747662468,NA
Olympic Stadium,Existing,"Athletics, Opening and
Closing Ceremonies",In use,1992,Barcelona,NA,Spain,1986,exact,ESP,6508.8506547565,NA,2433.362,1986,0,Estadi Olímpic Lluís Companys,Olympic stadium,http://www.wikidata.org/entity/Q275715,Lluís Companys Olympic Stadium,Point(2.155556 41.364722),55926,1929,P1619,63,34,97,2.155556,41.364722,2.15510955627463,41.4251649163782,4.180954900771299
Bernat Picornell Swimming Pool,Existing,"Swimming, artistic
swimming, water polo,
modern pentathlon
(swimming)",In use,1992,Barcelona,NA,Spain,1986,exact,ESP,6508.8506547565,NA,2433.362,1986,0,Piscines Bernat Picornell,sports venue,http://www.wikidata.org/entity/Q4891648,Piscines Bernat Picornell,Point(2.1502 41.3656),500,1969,P1619,23,34,57,2.1502,41.3656,2.15510955627463,41.4251649163782,4.128027058776152
Palau Blaugrana,Existing,"Judo, taekwondo,
roller hockey",In use,1992,Barcelona,NA,Spain,1986,exact,ESP,6508.8506547565,NA,2433.362,1986,0,Palau Blaugrana,indoor arena,http://www.wikidata.org/entity/Q930832,Palau Blaugrana,Point(2.12005 41.380081),7585,1971,P1619,21,34,55,2.12005,41.380081,2.15510955627463,41.4251649163782,3.610242330548972
Palau de la Metal-lúrgia,Existing,"Fencing, modern
pentathlon (fencing)",In use,1992,Barcelona,NA,Spain,1986,exact,ESP,6508.8506547565,NA,2433.362,1986,0,Palau de la Metal·lúrgia,pavilion,http://www.wikidata.org/entity/Q4889434,Palau de la Metal·lúrgia,NA,NA,NA,NA,NA,34,NA,NA,NA,2.15510955627463,41.4251649163782,NA
"Palau d’Esports, Barcelona",Existing,"Rhythmic gymnastics,
volleyball",In use (repurposed),1992,Barcelona,NA,Spain,1986,exact,ESP,6508.8506547565,NA,2433.362,1986,0,Sport in Barcelona,sport in a geographic region,http://www.wikidata.org/entity/Q4894083,sport in Barcelona,NA,NA,NA,NA,NA,34,NA,NA,NA,2.15510955627463,41.4251649163782,NA
Minor Arena,Existing,Hockey,Not in use (demolished),1980,Moscow,urban redevelopment - not a failure,Soviet Union,1974,exact,NA,NA,NA,NA,NA,NA,Dynamo Minor Arena,sports venue,http://www.wikidata.org/entity/Q5319119,Dynamo Minor Arena,Point(37.5667 55.7906),8500,NA,NA,NA,46,NA,37.5667,55.7906,NA,NA,NA
Palau Sant Jordi,New build,"Artistic gymnastics,
handball, volleyball",In use,1992,Barcelona,NA,Spain,1986,exact,ESP,6508.8506547565,NA,2433.362,1986,0,Palau Sant Jordi,arena,http://www.wikidata.org/entity/Q630630,Palau Sant Jordi,Point(2.152556 41.363389),17960,1990,P1619,2,34,36,2.152556,41.363389,2.15510955627463,41.4251649163782,4.275149468578806
Montjuïc Swimming Pool,New build,"Diving, water polo",In use,1992,Barcelona,NA,Spain,1986,exact,ESP,6508.8506547565,NA,2433.362,1986,0,Piscina Municipal de Montjuïc,sports venue,http://www.wikidata.org/entity/Q4888842,Piscina Municipal de Montjuïc,Point(2.16504167 41.36945),100,1929,P1619,63,34,97,2.16504167,41.36945,2.15510955627463,41.4251649163782,3.8881562130306326
Tennis de la Vall d’Hebron,New build,Tennis,In use,1992,Barcelona,NA,Spain,1986,exact,ESP,6508.8506547565,NA,2433.362,1986,0,Tennis de la Vall d'Hebron,sports venue,http://www.wikidata.org/entity/Q4889402,Tennis de la Vall d'Hebron,Point(2.14639 41.4297),NA,1991,P571,1,34,35,2.14639,41.4297,2.15510955627463,41.4251649163782,0.550379488700966
Olympic Harbour,New build,Sailing,In use,1992,Barcelona,NA,Spain,1986,exact,ESP,6508.8506547565,NA,2433.362,1986,0,1992 Summer Olympics,Summer Olympic Games edition,http://www.wikidata.org/entity/Q8488,1992 Summer Olympics,NA,NA,NA,NA,NA,34,NA,NA,NA,2.15510955627463,41.4251649163782,NA
Institut Nacional d’Educació Física de Catalunya (INEFC),New build,Wrestling,In use (repurposed),1992,Barcelona,NA,Spain,1986,exact,ESP,6508.8506547565,NA,2433.362,1986,0,Institut Nacional d'Educació Física de Catalunya,public building; arena; university building,http://www.wikidata.org/entity/Q131623654,Institut Nacional d'Educació Física de Catalunya,Point(2.147150993 41.36497879),NA,NA,NA,NA,34,NA,2.147150993,41.36497879,2.15510955627463,41.4251649163782,4.183560699265925
Pavelló l’Espanya Industrial,New build,Weightlifting,In use,1992,Barcelona,NA,Spain,1986,exact,ESP,6508.8506547565,NA,2433.362,1986,0,1992 Summer Olympics,Summer Olympic Games edition,http://www.wikidata.org/entity/Q8488,1992 Summer Olympics,NA,NA,NA,NA,NA,34,NA,NA,NA,2.15510955627463,41.4251649163782,NA
Pavelló de la Mar Bella,New build,Badminton,In use,1992,Barcelona,NA,Spain,1986,exact,ESP,6508.8506547565,NA,2433.362,1986,0,Pavelló de la Mar Bella,sports venue,http://www.wikidata.org/entity/Q4889501,Pavelló de la Mar Bella,Point(2.21188611 41.4),NA,NA,NA,NA,34,NA,2.21188611,41.4,2.15510955627463,41.4251649163782,3.421247157063544
Cross-country Circuit,New build,"Modern pentathlon
(running)",In use,1992,Barcelona,NA,Spain,1986,exact,ESP,6508.8506547565,NA,2433.362,1986,0,Barcelona,city; municipality of Catalonia,http://www.wikidata.org/entity/Q1492,Barcelona,NA,NA,NA,NA,NA,34,NA,NA,NA,2.15510955627463,41.4251649163782,NA
Pavelló de la Vall d’Hebron,New build,Volleyball,In use,1992,Barcelona,NA,Spain,1986,exact,ESP,6508.8506547565,NA,2433.362,1986,0,Pavelló de la Vall d'Hebron,arena; sports venue; indoor fronton,http://www.wikidata.org/entity/Q3751016,Pavelló de la Vall d'Hebron,Point(2.1451 41.4279),NA,1992,P571,0,34,34,2.1451,41.4279,2.15510955627463,41.4251649163782,0.5525404044605744
Olympic Village,New build,Athlete accommodation,In use,1992,Barcelona,NA,Spain,1986,exact,ESP,6508.8506547565,NA,2433.362,1986,0,1992 Summer Olympics,Summer Olympic Games edition,http://www.wikidata.org/entity/Q8488,1992 Summer Olympics,NA,NA,NA,NA,NA,34,NA,NA,NA,2.15510955627463,41.4251649163782,NA
Archery Field,Temporary,Archery,Dismantled (temporary),1992,Barcelona,NA,Spain,1986,exact,ESP,6508.8506547565,NA,2433.362,1986,0,European Archery Championships,sports competition; recurring sporting event,http://www.wikidata.org/entity/Q5412228,European Archery Championships,NA,NA,NA,NA,NA,34,NA,NA,NA,2.15510955627463,41.4251649163782,NA
Patscherkofel,Existing,Alpine skiing,In use,1976,Innsbruck,NA,Austria,1973,approximate,AUT,3875.48305618551,NA,111.144,1975,2,Innsbruck,city; statutory city of Austria; municipality of Austria; district of Austria; big city; place with town rights and privileges,http://www.wikidata.org/entity/Q1735,Innsbruck,NA,NA,NA,NA,NA,50,NA,NA,NA,11.4045829127392,47.2679876615107,NA
Axamer Lizum,Existing,Alpine skiing,In use,1976,Innsbruck,NA,Austria,1973,approximate,AUT,3875.48305618551,NA,111.144,1975,2,Axamer Lizum,ski resort; Ortschaft,http://www.wikidata.org/entity/Q364061,Axamer Lizum,NA,NA,NA,NA,NA,50,NA,NA,NA,11.4045829127392,47.2679876615107,NA
Seefeld,Existing,"Biathlon, cross-country
skiing, Nordic
combined",In use,1976,Innsbruck,NA,Austria,1973,approximate,AUT,3875.48305618551,NA,111.144,1975,2,Innsbruck,city; statutory city of Austria; municipality of Austria; district of Austria; big city; place with town rights and privileges,http://www.wikidata.org/entity/Q1735,Innsbruck,NA,NA,NA,NA,NA,50,NA,NA,NA,11.4045829127392,47.2679876615107,NA
Toni Seelos Schanze (Olympiaschanze),Existing,Nordic combined,In use,1976,Innsbruck,NA,Austria,1973,approximate,AUT,3875.48305618551,NA,111.144,1975,2,List of ski jumping hills,Wikimedia list article,http://www.wikidata.org/entity/Q128778915,list of ski jumping hills,NA,NA,NA,NA,NA,50,NA,NA,NA,11.4045829127392,47.2679876615107,NA
Kombinierte Kunsteisbahn für Bob-Rodel Igls,New build,"Bobsleigh, luge",In use,1976,Innsbruck,NA,Austria,1973,approximate,AUT,3875.48305618551,NA,111.144,1975,2,1976 Winter Olympics,international sporting event; Winter Olympic Games edition,http://www.wikidata.org/entity/Q9651,1976 Winter Olympics,NA,NA,NA,NA,NA,50,NA,NA,NA,11.4045829127392,47.2679876615107,NA
Bergisel Ski Jump (Bergiselschanze),Existing,"Ski jumping, Opening
Ceremony",In use,1976,Innsbruck,NA,Austria,1973,approximate,AUT,3875.48305618551,NA,111.144,1975,2,Bergisel Ski Jump,ski jumping hill,http://www.wikidata.org/entity/Q672833,Bergiselschanze,NA,NA,NA,NA,NA,50,NA,NA,NA,11.4045829127392,47.2679876615107,NA
Olympic Speed Skating Oval (Olympia Eisschnellaufbahn),Existing,Speed skating,In use,1976,Innsbruck,NA,Austria,1973,approximate,AUT,3875.48305618551,NA,111.144,1975,2,NA,NA,NA,NA,NA,NA,NA,NA,NA,50,NA,NA,NA,11.4045829127392,47.2679876615107,NA
Messehalle (Indoor Skating Rink),Existing,Ice hockey,In use,1976,Innsbruck,NA,Austria,1973,approximate,AUT,3875.48305618551,NA,111.144,1975,2,1964 Winter Olympics,Winter Olympic Games edition,http://www.wikidata.org/entity/Q9636,1964 Winter Olympics,NA,NA,NA,NA,NA,50,NA,NA,NA,11.4045829127392,47.2679876615107,NA
Olympic Ice Stadium,Existing,"Figure skating, ice hockey,
Closing Ceremony",In use,1976,Innsbruck,NA,Austria,1973,approximate,AUT,3875.48305618551,NA,111.144,1975,2,2012 Winter Youth Olympics,international sporting event; Winter Youth Olympic Games edition,http://www.wikidata.org/entity/Q192554,2012 Winter Youth Olympics,NA,NA,NA,NA,NA,50,NA,NA,NA,11.4045829127392,47.2679876615107,NA
Innsbruck Olympic Village,New build,Athlete accommodation,In use,1976,Innsbruck,NA,Austria,1973,approximate,AUT,3875.48305618551,NA,111.144,1975,2,Innsbruck,city; statutory city of Austria; municipality of Austria; district of Austria; big city; place with town rights and privileges,http://www.wikidata.org/entity/Q1735,Innsbruck,NA,NA,NA,NA,NA,50,NA,NA,NA,11.4045829127392,47.2679876615107,NA
Piste de Bobsled,New build,Bobsleigh,Not in use (demolished),1968,Grenoble,abandoned before demolition - this is the white elephant,France,1964,exact,FRA,1891.12061521027,NA,280.727,1975,11,List of Olympic venues in bobsleigh,Wikimedia list article,http://www.wikidata.org/entity/Q6592924,list of Olympic venues in bobsleigh,NA,NA,NA,NA,NA,58,NA,NA,NA,5.72387810164488,45.1803677865258,NA
Grand Arena,Existing,"Athletics, football,
equestrian (jumping),
Opening and Closing
Ceremonies",In use,1980,Moscow,NA,Soviet Union,1974,exact,NA,NA,NA,NA,NA,NA,Luzhniki Stadium,association football venue; pitch; architectural landmark,http://www.wikidata.org/entity/Q202163,Luzhniki Stadium,NA,NA,NA,NA,NA,46,NA,NA,NA,NA,NA,NA
Canoeing and Rowing Basin,Existing,"Rowing, canoe sprint",In use,1980,Moscow,NA,Soviet Union,1974,exact,NA,NA,NA,NA,NA,NA,Rowing at the 1980 Summer Olympics – Men's quadruple sculls,Olympic sporting event; rowing event,http://www.wikidata.org/entity/Q4059156,rowing at the 1980 Summer Olympics – men's quad sculls,NA,NA,NA,NA,NA,46,NA,NA,NA,NA,NA,NA
Minor Arena,Existing,Volleyball,In use,1980,Moscow,NA,Soviet Union,1974,exact,NA,NA,NA,NA,NA,NA,Dynamo Minor Arena,sports venue,http://www.wikidata.org/entity/Q5319119,Dynamo Minor Arena,Point(37.5667 55.7906),8500,NA,NA,NA,46,NA,37.5667,55.7906,NA,NA,NA
Swimming Pool,Existing,Water polo,In use (rebuilt),1980,Moscow,NA,Soviet Union,1974,exact,NA,NA,NA,NA,NA,NA,Moskva Pool,destroyed building or structure,http://www.wikidata.org/entity/Q591977,Moskva Pool,NA,NA,NA,NA,NA,46,NA,NA,NA,NA,NA,NA
Sokolniki Sports Palace,Existing,Handball,In use (repurposed),1980,Moscow,NA,Soviet Union,1974,exact,NA,NA,NA,NA,NA,NA,Sokolniki Arena,architectural structure,http://www.wikidata.org/entity/Q1437562,Sokolniki Arena,NA,NA,NA,NA,NA,46,NA,NA,NA,NA,NA,NA
Fencing Hall 1,Existing,Fencing,Not in use (demolished),1972,Munich,urban redevelopment - not a failure,West Germany,1966,exact,DEU,1870.80540291774,NA,1376.229,1975,9,Messe München,business,http://www.wikidata.org/entity/Q4119712,Messe München,NA,NA,NA,NA,NA,54,NA,NA,NA,11.5576103090309,48.1396053528052,NA
Fencing Hall 2,Existing,"Modern pentathlon
(fencing)",Not in use (demolished),1972,Munich,urban redevelopment - not a failure,West Germany,1966,exact,DEU,1870.80540291774,NA,1376.229,1975,9,Messe München,business,http://www.wikidata.org/entity/Q4119712,Messe München,NA,NA,NA,NA,NA,54,NA,NA,NA,11.5576103090309,48.1396053528052,NA
Grand Arena,Existing,Football,In use (rebuilt),1980,Moscow,NA,Soviet Union,1974,exact,NA,NA,NA,NA,NA,NA,Luzhniki Stadium,association football venue; pitch; architectural landmark,http://www.wikidata.org/entity/Q202163,Luzhniki Stadium,NA,NA,NA,NA,NA,46,NA,NA,NA,NA,NA,NA
Trade Union Equestrian Centre/Complex,New build,"Eventing, dressage,
jumping, modern
pentathlon (equestrian)",In use,1980,Moscow,NA,Soviet Union,1974,exact,NA,NA,NA,NA,NA,NA,Modern pentathlon at the 1980 Summer Olympics – Men's team,Olympic sporting event,http://www.wikidata.org/entity/Q18454713,modern pentathlon at the 1980 Summer Olympics – men's team,NA,NA,NA,NA,NA,46,NA,NA,NA,NA,NA,NA
Wrestling and Judo Hall,New build,"Wrestling, judo",Not in use (demolished),1972,Munich,urban redevelopment - not a failure,West Germany,1966,exact,DEU,1870.80540291774,NA,1376.229,1975,9,Judo at the 1972 Summer Olympics – Men's 70 kg,Olympic sporting event,http://www.wikidata.org/entity/Q6303822,judo at the 1972 Summer Olympics – men's 70 kg,NA,NA,NA,NA,NA,54,NA,NA,NA,11.5576103090309,48.1396053528052,NA
Olympic Velodrome,New build,Cycling (track),In use,1980,Moscow,NA,Soviet Union,1974,exact,NA,NA,NA,NA,NA,NA,Olympic Velodrome,Wikimedia disambiguation page,http://www.wikidata.org/entity/Q7089142,Olympic Velodrome,NA,NA,NA,NA,NA,46,NA,NA,NA,NA,NA,NA
Druzhba Multi-Purpose Arena,New build,Volleyball,In use,1980,Moscow,NA,Soviet Union,1974,exact,NA,NA,NA,NA,NA,NA,Druzhba Multipurpose Arena,arena; architectural landmark,http://www.wikidata.org/entity/Q5309427,Druzhba Multipurpose Arena,Point(37.56666667 55.7125),NA,1979,P571,1,46,47,37.56666667,55.7125,NA,NA,NA
Dynamo Palace of Sports,New build,Handball,In use,1980,Moscow,NA,Soviet Union,1974,exact,NA,NA,NA,NA,NA,NA,Dynamo Sports Palace,sports venue; architectural landmark,http://www.wikidata.org/entity/Q18406719,Dynamo Sports Palace,Point(37.49527778 55.85555556),NA,1980,P571,0,46,46,37.49527778,55.85555556,NA,NA,NA
Krylatskoye Cycling Circuit,New build,Cycling (road),In use,1980,Moscow,NA,Soviet Union,1974,exact,NA,NA,NA,NA,NA,NA,Krylatskoye Sports Complex Cycling Circuit,sports venue; cycling track,http://www.wikidata.org/entity/Q20965970,Krylatskoye Sports Complex Cycling Circuit,Point(37.422611111 55.760833333),NA,NA,NA,NA,46,NA,37.422611111,55.760833333,NA,NA,NA
"Sports Hall, Boblingen",Existing,Handball,Not in use (demolished),1972,Munich,replaced by successor stadium - not a failure,West Germany,1966,exact,DEU,1870.80540291774,NA,1376.229,1975,9,Böblingen,district capital; urban municipality in Germany; Greater district town in Baden-Württemberg,http://www.wikidata.org/entity/Q6931,Böblingen,NA,NA,NA,NA,NA,54,NA,NA,NA,11.5576103090309,48.1396053528052,NA
Wrestling Hall,New build,Wrestling,In use,1980,Moscow,NA,Soviet Union,1974,exact,NA,NA,NA,NA,NA,NA,Wrestling at the 1980 Summer Olympics,Olympic sports discipline event,http://www.wikidata.org/entity/Q803996,wrestling at the 1980 Summer Olympics,NA,NA,NA,NA,NA,46,NA,NA,NA,NA,NA,NA
Fencing Hall,New build,"Fencing, modern
pentathlon (fencing)",In use,1980,Moscow,NA,Soviet Union,1974,exact,NA,NA,NA,NA,NA,NA,United States Fencing Association,sports governing body; fencing federation,http://www.wikidata.org/entity/Q7889884,United States Fencing Association,NA,NA,NA,NA,NA,46,NA,NA,NA,NA,NA,NA
Palace of Sports (CSKA),New build,Basketball,In use,1980,Moscow,NA,Soviet Union,1974,exact,NA,NA,NA,NA,NA,NA,Alexander Gomelsky Universal Sports Hall CSKA,multi-purpose hall,http://www.wikidata.org/entity/Q136414,Alexander Gomelsky Universal Sports Hall CSKA,NA,NA,NA,NA,NA,46,NA,NA,NA,NA,NA,NA
Izmailovo Sports Palace,New build,Weightlifting,In use (rebuilt),1980,Moscow,NA,Soviet Union,1974,exact,NA,NA,NA,NA,NA,NA,Izmailovo Sports Palace,sports venue,http://www.wikidata.org/entity/Q6102049,Izmailovo Sports Palace,NA,5000,NA,NA,NA,46,NA,NA,NA,NA,NA,NA
Archery Field,New build,Archery,In use,1980,Moscow,NA,Soviet Union,1974,exact,NA,NA,NA,NA,NA,NA,World Archery Championships,world championship,http://www.wikidata.org/entity/Q2231681,World Archery Championships,NA,NA,NA,NA,NA,46,NA,NA,NA,NA,NA,NA
Olympic Village,New build,Athlete accommodation,In use,1980,Moscow,NA,Soviet Union,1974,exact,NA,NA,NA,NA,NA,NA,Olympic Village (Moscow),microdistrict; Olympic Village,http://www.wikidata.org/entity/Q2022857,Olympic Village,NA,NA,NA,NA,NA,46,NA,NA,NA,NA,NA,NA
Moscow-Minsk Highway,Temporary,Cycling (road),Dismantled (temporary),1980,Moscow,NA,Soviet Union,1974,exact,NA,NA,NA,NA,NA,NA,Moscow Highway,Wikimedia disambiguation page,http://www.wikidata.org/entity/Q6915491,Moscow Highway,NA,NA,NA,NA,NA,46,NA,NA,NA,NA,NA,NA
Kirov Stadium,Existing,Football,In use (rebuilt),1980,Moscow,NA,Soviet Union,1974,exact,NA,NA,NA,NA,NA,NA,Kirov Stadium,association football venue; architectural landmark; destroyed building or structure,http://www.wikidata.org/entity/Q1743567,Kirov Stadium,NA,NA,NA,NA,NA,46,NA,NA,NA,NA,NA,NA
Republican Stadium,Existing,Football,In use,1980,Moscow,NA,Soviet Union,1974,exact,NA,NA,NA,NA,NA,NA,Luzhniki Stadium,association football venue; pitch; architectural landmark,http://www.wikidata.org/entity/Q202163,Luzhniki Stadium,NA,NA,NA,NA,NA,46,NA,NA,NA,NA,NA,NA
Dynamo Stadium,Existing,Football,In use,1980,Moscow,NA,Soviet Union,1974,exact,NA,NA,NA,NA,NA,NA,Central Dynamo Stadium,association football venue; architectural landmark,http://www.wikidata.org/entity/Q4794137,Central Dynamo Stadium,NA,NA,NA,NA,NA,46,NA,NA,NA,NA,NA,NA
SSV Jahn-Regensburg Stadium,Existing,Football,Not in use (demolished),1972,Munich,replaced by successor stadium - not a failure,West Germany,1966,exact,DEU,1870.80540291774,NA,1376.229,1975,9,2024–25 SSV Jahn Regensburg season,association football team season,http://www.wikidata.org/entity/Q126895329,2024–25 SSV Jahn Regensburg season,NA,NA,NA,NA,NA,54,NA,NA,NA,11.5576103090309,48.1396053528052,NA
London Aquatics Centre,New build,"Swimming, diving,
artistic swimming, modern
pentathlon (swimming)",In use,2012,London,NA,United Kingdom,2005,exact,GBR,42240.2462987547,NA,7947.72,2005,0,London Aquatics Centre,architectural structure,http://www.wikidata.org/entity/Q308874,London Aquatics Centre,NA,NA,NA,NA,NA,14,NA,NA,NA,-0.1269853785119,51.508926472857,NA
London 2012 Velodrome,New build,Cycling (track),In use,2012,London,NA,United Kingdom,2005,exact,GBR,42240.2462987547,NA,7947.72,2005,0,2012 Summer Olympics,Summer Olympic Games edition,http://www.wikidata.org/entity/Q8577,2012 Summer Olympics,NA,NA,NA,NA,NA,14,NA,NA,NA,-0.1269853785119,51.508926472857,NA
Lee Valley White Water Centre,New build,Canoe slalom,In use,2012,London,NA,United Kingdom,2005,exact,GBR,42240.2462987547,NA,7947.72,2005,0,Lee Valley White Water Centre,artificial whitewater,http://www.wikidata.org/entity/Q933416,Lee Valley White Water Centre,NA,NA,NA,NA,NA,14,NA,NA,NA,-0.1269853785119,51.508926472857,NA
Olympic Sports Centre (OSC) Stadium,Existing,"Modern pentathlon
(running, equestrian)",In use,2008,Beijing,NA,China,2001,exact,CHN,1065.40597574519,NA,10054.678,2001,0,List of stadiums by capacity,Wikimedia list article,http://www.wikidata.org/entity/Q586638,list of stadiums by capacity,NA,NA,NA,NA,NA,18,NA,NA,NA,116.372224957549,39.9274890692239,NA
Beijing University of Technology (BJUT) Gymnasium,New build,"Rhythmic gymnastics,
badminton",In use,2008,Beijing,NA,China,2001,exact,CHN,1065.40597574519,NA,10054.678,2001,0,Beijing University of Technology,university; public university; research university,http://www.wikidata.org/entity/Q1674548,Beijing University of Technology,NA,NA,NA,NA,NA,18,NA,NA,NA,116.372224957549,39.9274890692239,NA
National Indoor Stadium,New build,"Artistic gymnastics,
trampoline gymnastics,
handball",In use,2008,Beijing,NA,China,2001,exact,CHN,1065.40597574519,NA,10054.678,2001,0,Beijing National Stadium,stadium,http://www.wikidata.org/entity/Q133525,Beijing National Stadium,NA,NA,NA,NA,NA,18,NA,NA,NA,116.372224957549,39.9274890692239,NA
National Stadium,New build,"Athletics, football,
Opening and Closing
Ceremonies",In use,2008,Beijing,NA,China,2001,exact,CHN,1065.40597574519,NA,10054.678,2001,0,Beijing National Stadium,stadium,http://www.wikidata.org/entity/Q133525,Beijing National Stadium,NA,NA,NA,NA,NA,18,NA,NA,NA,116.372224957549,39.9274890692239,NA
Shunyi Olympic Rowing-Canoeing Park – Rowing & canoe sprint course,New build,"Rowing, canoe sprint,
swimming",In use,2008,Beijing,NA,China,2001,exact,CHN,1065.40597574519,NA,10054.678,2001,0,Shunyi Olympic Rowing-Canoeing Park,artificial whitewater,http://www.wikidata.org/entity/Q376264,Shunyi Olympic Rowing-Canoeing Park,NA,NA,NA,NA,NA,18,NA,NA,NA,116.372224957549,39.9274890692239,NA
National Aquatics Centre,New build,"Swimming, diving, artistic
swimming, water polo",In use,2008,Beijing,NA,China,2001,exact,CHN,1065.40597574519,NA,10054.678,2001,0,Water Cube,sports venue,http://www.wikidata.org/entity/Q244877,Beijing National Aquatics Center,Point(116.384166666 39.991666666),17000,2008,P1619,0,18,18,116.384166666,39.991666666,116.372224957549,39.9274890692239,4.484145309752266
Beijing Olympic Green Tennis Centre,New build,Tennis,In use,2008,Beijing,NA,China,2001,exact,CHN,1065.40597574519,NA,10054.678,2001,0,China National Tennis Center,tennis venue,http://www.wikidata.org/entity/Q1763829,"National Tennis Center, Beijing",Point(116.373456 40.019133),32400,2007,P1619,1,18,19,116.373456,40.019133,116.372224957549,39.9274890692239,6.339428733109723
Laoshan Velodrome,New build,Cycling (track),In use,2008,Beijing,NA,China,2001,exact,CHN,1065.40597574519,NA,10054.678,2001,0,Laoshan Velodrome,velodrome,http://www.wikidata.org/entity/Q376606,Laoshan Velodrome,Point(116.207389 39.912972),500,2007,P1619,1,18,19,116.207389,39.912972,116.372224957549,39.9274890692239,8.801984902061402
Beijing Olympic Basketball Arena,New build,Basketball,In use,2008,Beijing,NA,China,2001,exact,CHN,1065.40597574519,NA,10054.678,2001,0,Beijing National Stadium,stadium,http://www.wikidata.org/entity/Q133525,Beijing National Stadium,NA,NA,NA,NA,NA,18,NA,NA,NA,116.372224957549,39.9274890692239,NA
Beijing Science and Technology University (USTB) Gymnasium,New build,"Judo, taekwondo",In use,2008,Beijing,NA,China,2001,exact,CHN,1065.40597574519,NA,10054.678,2001,0,University of Science and Technology Beijing,university; higher education institution directly under Ministry of Education of the People’s Republic of China,http://www.wikidata.org/entity/Q1510516,University of Science and Technology Beijing,NA,NA,NA,NA,NA,18,NA,NA,NA,116.372224957549,39.9274890692239,NA
Estació del Nord Sports Hall,Existing,Table tennis,In use,1992,Barcelona,NA,Spain,1986,exact,ESP,6508.8506547565,NA,2433.362,1986,0,Estació del Nord (Barcelona),railway station,http://www.wikidata.org/entity/Q973726,Estació del Nord,NA,NA,NA,NA,NA,34,NA,NA,NA,2.15510955627463,41.4251649163782,NA
FC Barcelona Stadium,Existing,Football,In use,1992,Barcelona,NA,Spain,1986,exact,ESP,6508.8506547565,NA,2433.362,1986,0,FC Barcelona Atlètic,association football club; reserve team,http://www.wikidata.org/entity/Q10467,FC Barcelona Atlètic,NA,NA,NA,NA,NA,34,NA,NA,NA,2.15510955627463,41.4251649163782,NA
Copper Box,New build,"Handball, modern
pentathlon (fencing)",In use,2012,London,NA,United Kingdom,2005,exact,GBR,42240.2462987547,NA,7947.72,2005,0,Copper Box Arena,arena,http://www.wikidata.org/entity/Q748774,Copper Box Arena,Point(-0.0201 51.5444),7000,2011,P1619,1,14,15,-0.0201,51.5444,-0.1269853785119,51.508926472857,5.213327940885505
East Village,New build,Athlete accommodation,In use,2012,London,NA,United Kingdom,2005,exact,GBR,42240.2462987547,NA,7947.72,2005,0,"East Village, London",Olympic Village; area of London,http://www.wikidata.org/entity/Q2022844,East Village,NA,NA,NA,NA,NA,14,NA,NA,NA,-0.1269853785119,51.508926472857,NA
BMX Track,Temporary,Cycling BMX,In use (repurposed),2012,London,NA,United Kingdom,2005,exact,GBR,42240.2462987547,NA,7947.72,2005,0,Lee Valley VeloPark,sports venue,http://www.wikidata.org/entity/Q816241,London Velopark,Point(-0.014642 51.550511),6000,2011,P1619,1,14,15,-0.014642,51.550511,-0.1269853785119,51.508926472857,5.625364439149216
Riverbank Arena,Temporary,Hockey,Dismantled (temporary),2012,London,NA,United Kingdom,2005,exact,GBR,42240.2462987547,NA,7947.72,2005,0,Riverbank Arena,stadium,http://www.wikidata.org/entity/Q841617,Riverbank Arena,Point(-0.020556 51.549444),15000,2012,P1619,0,14,14,-0.020556,51.549444,-0.1269853785119,51.508926472857,5.3693812086119
Water Polo Arena,Temporary,Water polo,Dismantled (temporary),2012,London,NA,United Kingdom,2005,exact,GBR,42240.2462987547,NA,7947.72,2005,0,Water Polo Arena,arena,http://www.wikidata.org/entity/Q1140412,Water Polo Arena,Point(-0.012736 51.541203),5000,2012,P1619,0,14,14,-0.012736,51.541203,-0.1269853785119,51.508926472857,5.399999301123062
Basketball Arena,Temporary,"Basketball, handball",Dismantled (temporary),2012,London,NA,United Kingdom,2005,exact,GBR,42240.2462987547,NA,7947.72,2005,0,Basketball Arena (London),arena,http://www.wikidata.org/entity/Q810351,Basketball Arena,Point(-0.0139 51.5486),12000,2010,P1619,2,14,16,-0.0139,51.5486,-0.1269853785119,51.508926472857,5.5868131759869835
Horse Guards Parade Beach Volleyball Venue,Temporary,Beach volleyball,Dismantled (temporary),2012,London,NA,United Kingdom,2005,exact,GBR,42240.2462987547,NA,7947.72,2005,0,Horse Guards Parade,square; place-of-arms,http://www.wikidata.org/entity/Q1254964,Horse Guards Parade,NA,NA,NA,NA,NA,14,NA,NA,NA,-0.1269853785119,51.508926472857,NA
Hyde Park,Temporary,"Triathlon, marathon
swimming",Dismantled (temporary),2012,London,NA,United Kingdom,2005,exact,GBR,42240.2462987547,NA,7947.72,2005,0,"Hyde Park, London",park,http://www.wikidata.org/entity/Q123738,Hyde Park,NA,NA,NA,NA,NA,14,NA,NA,NA,-0.1269853785119,51.508926472857,NA
Lord’s Cricket Ground,Temporary,Archery,Dismantled (temporary),2012,London,NA,United Kingdom,2005,exact,GBR,42240.2462987547,NA,7947.72,2005,0,Lord's,cricket field,http://www.wikidata.org/entity/Q331613,Lord's Cricket Ground,Point(-0.1727 51.5294),31100,1814,P1619,198,14,212,-0.1727,51.5294,-0.1269853785119,51.508926472857,2.424282730082663
Royal Artillery Barracks,Temporary,Shooting,Dismantled (temporary),2012,London,NA,United Kingdom,2005,exact,GBR,42240.2462987547,NA,7947.72,2005,0,"Royal Artillery Barracks, Woolwich",barracks,http://www.wikidata.org/entity/Q106639799,"Royal Artillery Barracks, Woolwich",NA,NA,NA,NA,NA,14,NA,NA,NA,-0.1269853785119,51.508926472857,NA
The Mall,Temporary,"Marathon, race walk,
cycling (road)",Dismantled (temporary),2012,London,NA,United Kingdom,2005,exact,GBR,42240.2462987547,NA,7947.72,2005,0,"The Mall, London",road,http://www.wikidata.org/entity/Q842930,The Mall,NA,NA,NA,NA,NA,14,NA,NA,NA,-0.1269853785119,51.508926472857,NA
Greenwich Park,Temporary,"Jumping, dressage,
eventing, modern
pentathlon (equestrian,
running, shooting)",Dismantled (temporary),2012,London,NA,United Kingdom,2005,exact,GBR,42240.2462987547,NA,7947.72,2005,0,Greenwich Park,park,http://www.wikidata.org/entity/Q929586,Greenwich Park,NA,NA,NA,NA,NA,14,NA,NA,NA,-0.1269853785119,51.508926472857,NA
Canada Hockey Place,Existing,Ice hockey,In use,2010,Vancouver,NA,Canada,2003,exact,CAN,28301.9097055898,NA,1242.032,2003,0,Rogers Arena,arena,http://www.wikidata.org/entity/Q517318,Rogers Arena,Point(-123.108888888 49.277777777),18422,1995,P1619,15,16,31,-123.108888888,49.277777777,-123.041037806083,49.2459167118132,3.773353297752679
Pacific Coliseum,Existing,"Figure skating and short
track speed skating",In use,2010,Vancouver,NA,Canada,2003,exact,CAN,28301.9097055898,NA,1242.032,2003,0,Pacific Coliseum,arena,http://www.wikidata.org/entity/Q832644,Pacific Coliseum,Point(-123.042777777 49.285833333),16281,1968,P1619,42,16,58,-123.042777777,49.285833333,-123.041037806083,49.2459167118132,2.762185246465541
Vancouver Olympic Center,New build,Curling,In use,2010,Vancouver,NA,Canada,2003,exact,CAN,28301.9097055898,NA,1242.032,2003,0,Vancouver Aquarium,public aquarium,http://www.wikidata.org/entity/Q185228,Vancouver Aquarium,NA,NA,NA,NA,NA,16,NA,NA,NA,-123.041037806083,49.2459167118132,NA
UBC Thunderbird Arena,New build,Ice hockey,In use,2010,Vancouver,NA,Canada,2003,exact,CAN,28301.9097055898,NA,1242.032,2003,0,Thunderbird Sports Centre,sports venue,http://www.wikidata.org/entity/Q839071,Doug Mitchell Thunderbird Sports Centre,Point(-123.243056 49.261106),7500,2008,P1619,2,16,18,-123.243056,49.261106,-123.041037806083,49.2459167118132,9.181183808409425
Vancouver Olympic Village,New build,Athlete accommodation,In use,2010,Vancouver,NA,Canada,2003,exact,CAN,28301.9097055898,NA,1242.032,2003,0,Vancouver,border city; big city; municipal government; city in British Columbia,http://www.wikidata.org/entity/Q24639,Vancouver,NA,NA,NA,NA,NA,16,NA,NA,NA,-123.041037806083,49.2459167118132,NA
North Greenwich Arena,Existing,"Artistic gymnastics,
trampoline gymnastics,
basketball",In use,2012,London,NA,United Kingdom,2005,exact,GBR,42240.2462987547,NA,7947.72,2005,0,The O2 Arena,stadium,http://www.wikidata.org/entity/Q5364202,The O2 Arena,Point(0.003194444 51.502944444),20000,2007,P1619,5,14,19,0.003194444,51.502944444,-0.1269853785119,51.508926472857,5.620052027506165
Wembley Arena,Existing,"Rhythmic gymnastics,
badminton",In use,2012,London,NA,United Kingdom,2005,exact,GBR,42240.2462987547,NA,7947.72,2005,0,Wembley Arena,multi-purpose hall; indoor arena,http://www.wikidata.org/entity/Q815571,Wembley Arena,NA,NA,NA,NA,NA,14,NA,NA,NA,-0.1269853785119,51.508926472857,NA
Wimbledon,Existing,Tennis,In use,2012,London,NA,United Kingdom,2005,exact,GBR,42240.2462987547,NA,7947.72,2005,0,"Wimbledon, London",town; area of London,http://www.wikidata.org/entity/Q736742,Wimbledon,NA,NA,NA,NA,NA,14,NA,NA,NA,-0.1269853785119,51.508926472857,NA
Shiga Kogen - Kanbayashi Snowboard Park,Existing,Snowboard,Not in use (demolished),1998,Nagano,abandoned before demolition - this is the white elephant,Japan,1991,exact,JPN,30048.1401766828,NA,197.95,1991,0,"Yamanouchi, Nagano",town of Japan,http://www.wikidata.org/entity/Q1204468,Yamanouchi,NA,NA,NA,NA,NA,28,NA,NA,NA,138.197513392661,36.6391473114782,NA
ExCeL - North Arena 1,Existing,"Boxing, judo, fencing,
table tennis, taekwondo,
weightlifting, wrestling",In use,2012,London,NA,United Kingdom,2005,exact,GBR,42240.2462987547,NA,7947.72,2005,0,Excel London,convention center,http://www.wikidata.org/entity/Q826480,ExCeL London,NA,NA,NA,NA,NA,14,NA,NA,NA,-0.1269853785119,51.508926472857,NA
Wembley Stadium,Existing,Football,In use,2012,London,NA,United Kingdom,2005,exact,GBR,42240.2462987547,NA,7947.72,2005,0,Wembley Stadium,stadium; multi-purpose sports venue,http://www.wikidata.org/entity/Q128468,Wembley Stadium,Point(-0.279444444 51.555555555),90000,2007,P1619,5,14,19,-0.279444444,51.555555555,-0.1269853785119,51.508926472857,7.3102384183959
London Olympic Stadium,New build,"Athletics, Opening and
Closing Ceremonies",In use,2012,London,NA,United Kingdom,2005,exact,GBR,42240.2462987547,NA,7947.72,2005,0,London Stadium,baseball venue; association football venue; rugby union venue; rugby league venue,http://www.wikidata.org/entity/Q172190,London Stadium,NA,NA,NA,NA,NA,14,NA,NA,NA,-0.1269853785119,51.508926472857,NA
Olympic Yachting Centre,New build,Sailing,In use,1980,Moscow,NA,Soviet Union,1974,exact,NA,NA,NA,NA,NA,NA,Tallinn Olympic Yachting Centre,sports complex,http://www.wikidata.org/entity/Q3664917,Tallinn Olympic Yachting Centre,Point(24.826990712 59.467095472),NA,NA,NA,NA,46,NA,24.826990712,59.467095472,NA,NA,NA
Whiteface Mountain,Existing,Alpine skiing,In use,1980,Lake Placid,NA,United States,1974,exact,USA,7225.69135952566,NA,NA,NA,NA,Lake Placid (New York),lake; reservoir,http://www.wikidata.org/entity/Q1801051,Lake Placid,NA,NA,NA,NA,NA,46,NA,NA,NA,NA,NA,NA
Lake Placid Olympic Village,New build,Athlete accommodation,In use (repurposed),1980,Lake Placid,NA,United States,1974,exact,USA,7225.69135952566,NA,NA,NA,NA,"Lake Placid, New York",village of New York,http://www.wikidata.org/entity/Q192700,Lake Placid,NA,NA,NA,NA,NA,46,NA,NA,NA,NA,NA,NA
Lake Placid Equestrian Stadium,Temporary,Opening Ceremony,Dismantled (temporary),1980,Lake Placid,NA,United States,1974,exact,USA,7225.69135952566,NA,NA,NA,NA,1980 Winter Olympics,Winter Olympic Games edition,http://www.wikidata.org/entity/Q9652,1980 Winter Olympics,NA,NA,NA,NA,NA,46,NA,NA,NA,NA,NA,NA
The Arena,Existing,"Ice hockey, figure skating",In use,1980,Lake Placid,NA,United States,1974,exact,USA,7225.69135952566,NA,NA,NA,NA,Ice hockey at the 1980 Winter Olympics,ice hockey at the Olympic Games; Olympic sports discipline event,http://www.wikidata.org/entity/Q736827,ice hockey at the 1980 Winter Olympics,NA,NA,NA,NA,NA,46,NA,NA,NA,NA,NA,NA
James B. Sheffield Olympic Skating Oval,New build,Speed skating,In use,1980,Lake Placid,NA,United States,1974,exact,USA,7225.69135952566,NA,NA,NA,NA,James B. Sheffield Olympic Skating Rink,indoor ice rink,http://www.wikidata.org/entity/Q2588112,James B. Sheffield Olympic Skating Rink,NA,NA,NA,NA,NA,46,NA,NA,NA,NA,NA,NA
Field House International Ice Rink,New build,"Ice hockey, figure skating, Closing
Ceremony",In use,1980,Lake Placid,NA,United States,1974,exact,USA,7225.69135952566,NA,NA,NA,NA,Herb Brooks Arena,arena,http://www.wikidata.org/entity/Q1607853,Herb Brooks Arena,Point(-73.985556 44.283333),7700,1979,P1619,1,46,47,-73.985556,44.283333,NA,NA,NA
McMahon Stadium,Existing,"Opening and Closing
Ceremonies",In use,1988,Calgary,NA,Canada,1981,exact,CAN,12379.0368643833,NA,124.337,1985,4,McMahon Stadium,stadium,http://www.wikidata.org/entity/Q1810204,McMahon Stadium,Point(-114.121388888 51.070327777),37317,1960,P1619,28,38,66,-114.121388888,51.070327777,-114.140799889789,51.0532671181491,1.45076443737263
Olympic Saddledome,Existing,"Ice hockey, figure
skating",In use,1988,Calgary,NA,Canada,1981,exact,CAN,12379.0368643833,NA,124.337,1985,4,Scotiabank Saddledome,arena,http://www.wikidata.org/entity/Q1140083,Scotiabank Saddledome,Point(-114.051944444 51.0375),16605,1983,P1619,5,38,43,-114.051944444,51.0375,-114.140799889789,51.0532671181491,4.015112249722936
Calgary Olympic Village,"Mixed new
build/Existing",Athlete accommodation,In use,1988,Calgary,NA,Canada,1981,exact,CAN,12379.0368643833,NA,124.337,1985,4,Calgary Stampede,festival; annual event,http://www.wikidata.org/entity/Q1026682,Calgary Stampede,NA,NA,NA,NA,NA,38,NA,NA,NA,-114.140799889789,51.0532671181491,NA
Olympic Oval,New build,Speed skating,In use,1988,Calgary,NA,Canada,1981,exact,CAN,12379.0368643833,NA,124.337,1985,4,Olympic Oval,ice rink,http://www.wikidata.org/entity/Q1341643,Olympic Oval,Point(-114.135555555 51.076944444),4000,1987,P571,1,38,39,-114.135555555,51.076944444,-114.140799889789,51.0532671181491,1.653571651676268
Real Club de Polo,Existing,"Eventing, dressage,
jumping, modern
pentathlon (equestrian)",In use,1992,Barcelona,NA,Spain,1986,exact,ESP,6508.8506547565,NA,2433.362,1986,0,Real Club de Polo de Barcelona,sports club,http://www.wikidata.org/entity/Q1811130,Real Club de Polo de Barcelona,NA,NA,NA,NA,NA,34,NA,NA,NA,2.15510955627463,41.4251649163782,NA
Velòdrom,Existing,Cycling (track),In use,1992,Barcelona,NA,Spain,1986,exact,ESP,6508.8506547565,NA,2433.362,1986,0,1992 Summer Olympics,Summer Olympic Games edition,http://www.wikidata.org/entity/Q8488,1992 Summer Olympics,NA,NA,NA,NA,NA,34,NA,NA,NA,2.15510955627463,41.4251649163782,NA
Beijing Institute of Technology (BIT) Gymnasium,Existing,Volleyball,In use,2008,Beijing,NA,China,2001,exact,CHN,1065.40597574519,NA,10054.678,2001,0,Beijing International Studies University,university,http://www.wikidata.org/entity/Q233300,Beijing International Studies University,NA,NA,NA,NA,NA,18,NA,NA,NA,116.372224957549,39.9274890692239,NA
Beijing University of Aeronautics and Astronautics Gymnasium,Existing,Weightlifting,In use,2008,Beijing,NA,China,2001,exact,CHN,1065.40597574519,NA,10054.678,2001,0,Beihang University,university; ministry-owned university; vice-ministerial level university,http://www.wikidata.org/entity/Q2299797,Beihang University,NA,NA,NA,NA,NA,18,NA,NA,NA,116.372224957549,39.9274890692239,NA
Beijing Workers’ Gymnasium,Existing,Boxing,In use,2008,Beijing,NA,China,2001,exact,CHN,1065.40597574519,NA,10054.678,2001,0,Workers' Gymnasium,arena,http://www.wikidata.org/entity/Q1443105,Workers Indoor Arena,Point(116.4359 39.9308),NA,1961,P1619,47,18,65,116.4359,39.9308,116.372224957549,39.9274890692239,3.3852661537772586
Beijing Workers’ Stadium,Existing,Football,In use,2008,Beijing,NA,China,2001,exact,CHN,1065.40597574519,NA,10054.678,2001,0,Beijing National Stadium,stadium,http://www.wikidata.org/entity/Q133525,Beijing National Stadium,NA,NA,NA,NA,NA,18,NA,NA,NA,116.372224957549,39.9274890692239,NA
Capital Gymnasium,Existing,Volleyball,In use,2008,Beijing,NA,China,2001,exact,CHN,1065.40597574519,NA,10054.678,2001,0,Beijing University Students' Gymnasium,sports venue,http://www.wikidata.org/entity/Q4881204,Beijing University Students' Gymnasium,Point(116.349078264 39.968683296),NA,NA,NA,NA,18,NA,116.349078264,39.968683296,116.372224957549,39.9274890692239,3.102563141275172
Laoshan Mountain Bike Course,Existing,Mountain bike,In use,2008,Beijing,NA,China,2001,exact,CHN,1065.40597574519,NA,10054.678,2001,0,Laoshan Mountain Bike Course,sports venue,http://www.wikidata.org/entity/Q1805724,Laoshan Mountain Bike Course,Point(116.216544 39.915138),NA,NA,NA,NA,18,NA,116.216544,39.915138,116.372224957549,39.9274890692239,8.302788199085375
Olympic Sports Centre (OSC) Gymnasium,Existing,Handball,In use,2008,Beijing,NA,China,2001,exact,CHN,1065.40597574519,NA,10054.678,2001,0,List of indoor arenas by capacity,Wikimedia list article,http://www.wikidata.org/entity/Q6623991,list of indoor arenas by capacity,NA,NA,NA,NA,NA,18,NA,NA,NA,116.372224957549,39.9274890692239,NA
Mt Van Hoevenberg -Cross Country Complex,Existing,"Biathlon, cross-country
skiing, Nordic combined",In use,1980,Lake Placid,NA,United States,1974,exact,USA,7225.69135952566,NA,NA,NA,NA,Mt. Van Hoevenberg Olympic Bobsled Run,sports venue; bobsleigh track,http://www.wikidata.org/entity/Q3389263,Mt. Van Hoevenberg Olympic Bobsled Run,NA,NA,NA,NA,NA,46,NA,NA,NA,NA,NA,NA
Mt Van Hoevenberg - Bob and Luge Runs,New build,"Bobsleigh, luge",In use,1980,Lake Placid,NA,United States,1974,exact,USA,7225.69135952566,NA,NA,NA,NA,Mt. Van Hoevenberg Olympic Bobsled Run,sports venue; bobsleigh track,http://www.wikidata.org/entity/Q3389263,Mt. Van Hoevenberg Olympic Bobsled Run,NA,NA,NA,NA,NA,46,NA,NA,NA,NA,NA,NA
Interval Ski Jumps/ Olympic Ski Jumps,New build,"Ski jumping, Nordic
combined",In use,1980,Lake Placid,NA,United States,1974,exact,USA,7225.69135952566,NA,NA,NA,NA,Lake Placid Olympic Ski Jumping Complex,ski jumping complex,http://www.wikidata.org/entity/Q655267,Lake Placid Olympic Ski Jumping Complex,NA,NA,NA,NA,NA,46,NA,NA,NA,NA,NA,NA
Santa Anita Park,Existing,"Eventing, dressage,
jumping",In use,1984,Los Angeles,NA,United States,1978,exact,USA,10564.9482220275,NA,8010.537,1978,0,Santa Anita Park,concentration camp; horse racing venue,http://www.wikidata.org/entity/Q1126370,Santa Anita Park,NA,NA,NA,NA,NA,42,NA,NA,NA,-118.116720299597,33.9842364485583,NA
Weingart Stadium,Existing,Hockey,In use,1984,Los Angeles,NA,United States,1978,exact,USA,10564.9482220275,NA,8010.537,1978,0,Weingart Stadium,stadium,http://www.wikidata.org/entity/Q2555922,Weingart Stadium,Point(-118.152 34.0429),20355,1951,P1619,33,42,75,-118.152,34.0429,-118.116720299597,33.9842364485583,4.534043219405127
Pauley Pavilion,Existing,"Artistic gymnastics,
rhythmic gymnastics",In use,1984,Los Angeles,NA,United States,1978,exact,USA,10564.9482220275,NA,8010.537,1978,0,Pauley Pavilion,university building; indoor arena,http://www.wikidata.org/entity/Q1126193,Pauley Pavilion,Point(-118.447 34.0702),12829,1965,P1619,19,42,61,-118.447,34.0702,-118.116720299597,33.9842364485583,19.845639941192694
Los Angeles Memorial Coliseum,Existing,"Athletics, Opening and
Closing Ceremonies",In use,1984,Los Angeles,NA,United States,1978,exact,USA,10564.9482220275,NA,8010.537,1978,0,Los Angeles Memorial Coliseum,stadium; multi-purpose sports venue,http://www.wikidata.org/entity/Q849784,Los Angeles Memorial Coliseum,NA,NA,NA,NA,NA,42,NA,NA,NA,-118.116720299597,33.9842364485583,NA
Albert Gersten Pavilion,Existing,Weightlifting,In use,1984,Los Angeles,NA,United States,1978,exact,USA,10564.9482220275,NA,8010.537,1978,0,1984 Summer Olympics,Summer Olympic Games edition,http://www.wikidata.org/entity/Q8456,1984 Summer Olympics,NA,NA,NA,NA,NA,42,NA,NA,NA,-118.116720299597,33.9842364485583,NA
Eagle’s Nest Arena,Existing,Judo,In use,1984,Los Angeles,NA,United States,1978,exact,USA,10564.9482220275,NA,8010.537,1978,0,Eagle's Nest Arena,arena,http://www.wikidata.org/entity/Q5324976,Eagle's Nest Arena,Point(-118.167 34.0664),NA,NA,NA,NA,42,NA,-118.167,34.0664,-118.116720299597,33.9842364485583,6.372493783973512
El Dorado Park,Existing,Archery,In use,1984,Los Angeles,NA,United States,1978,exact,USA,10564.9482220275,NA,8010.537,1978,0,El Dorado Correctional Facility,state prison,http://www.wikidata.org/entity/Q5351176,El Dorado Correctional Facility,NA,NA,NA,NA,NA,42,NA,NA,NA,-118.116720299597,33.9842364485583,NA
Rose Bowl,Existing,Football,In use,1984,Los Angeles,NA,United States,1978,exact,USA,10564.9482220275,NA,8010.537,1978,0,Rose Bowl (stadium),multi-purpose sports venue,http://www.wikidata.org/entity/Q582280,Rose Bowl,NA,NA,NA,NA,NA,42,NA,NA,NA,-118.116720299597,33.9842364485583,NA
Long Beach Sports Arena,Existing,Volleyball,In use,1984,Los Angeles,NA,United States,1978,exact,USA,10564.9482220275,NA,8010.537,1978,0,Sports in Los Angeles,sport in a geographic region,http://www.wikidata.org/entity/Q3493994,sports in Los Angeles,NA,NA,NA,NA,NA,42,NA,NA,NA,-118.116720299597,33.9842364485583,NA
Titan Gymnasium,Existing,Handball,In use,1984,Los Angeles,NA,United States,1978,exact,USA,10564.9482220275,NA,8010.537,1978,0,"Tarzana, Los Angeles",district or neighborhood of Los Angeles,http://www.wikidata.org/entity/Q2708222,Tarzana,NA,NA,NA,NA,NA,42,NA,NA,NA,-118.116720299597,33.9842364485583,NA
Anaheim Convention Center,Existing,Wrestling,In use,1984,Los Angeles,NA,United States,1978,exact,USA,10564.9482220275,NA,8010.537,1978,0,Anaheim Convention Center,arena; sports venue; convention center; multi-purpose hall,http://www.wikidata.org/entity/Q4750878,Anaheim Convention Center,Point(-117.92 33.8025),NA,1967,P1619,17,42,59,-117.92,33.8025,-118.116720299597,33.9842364485583,16.89989088818183
Coto de Caza,Existing,Modern pentathlon,In use,1984,Los Angeles,NA,United States,1978,exact,USA,10564.9482220275,NA,8010.537,1978,0,"Coto de Caza, California",census-designated place in the United States,http://www.wikidata.org/entity/Q2182879,Coto de Caza,NA,NA,NA,NA,NA,42,NA,NA,NA,-118.116720299597,33.9842364485583,NA
Heritage Park Aquatic Center,Existing,"Modern pentathlon
(swimming)",In use,1984,Los Angeles,NA,United States,1978,exact,USA,10564.9482220275,NA,8010.537,1978,0,Los Angeles Memorial Coliseum,stadium; multi-purpose sports venue,http://www.wikidata.org/entity/Q849784,Los Angeles Memorial Coliseum,NA,NA,NA,NA,NA,42,NA,NA,NA,-118.116720299597,33.9842364485583,NA
Raleigh Runnels Memorial Pool,Existing,Water polo,In use,1984,Los Angeles,NA,United States,1978,exact,USA,10564.9482220275,NA,8010.537,1978,0,Raleigh Runnels Memorial Pool,sports venue,http://www.wikidata.org/entity/Q1376293,Raleigh Runnels Memorial Pool,Point(-118.7102 34.03886),NA,NA,NA,NA,42,NA,-118.7102,34.03886,-118.116720299597,33.9842364485583,34.23769917711993
Stanford Stadium,Existing,Football,In use,1984,Los Angeles,NA,United States,1978,exact,USA,10564.9482220275,NA,8010.537,1978,0,Stanford Stadium,stadium,http://www.wikidata.org/entity/Q692470,Stanford Stadium,NA,NA,NA,NA,NA,42,NA,NA,NA,-118.116720299597,33.9842364485583,NA
Harvard Stadium,Existing,Football,In use,1984,Los Angeles,NA,United States,1978,exact,USA,10564.9482220275,NA,8010.537,1978,0,Los Angeles Memorial Coliseum,stadium; multi-purpose sports venue,http://www.wikidata.org/entity/Q849784,Los Angeles Memorial Coliseum,NA,NA,NA,NA,NA,42,NA,NA,NA,-118.116720299597,33.9842364485583,NA
Navy-Marine Corps Memorial Stadium,Existing,Football,In use,1984,Los Angeles,NA,United States,1978,exact,USA,10564.9482220275,NA,8010.537,1978,0,Navy–Marine Corps Memorial Stadium,stadium,http://www.wikidata.org/entity/Q3337331,Navy–Marine Corps Memorial Stadium,Point(-76.506944 38.984722),34000,1959,P1619,25,42,67,-76.506944,38.984722,-118.116720299597,33.9842364485583,2319.518752440107
Olympic Shooting Range,New build,Shooting,In use,1984,Los Angeles,NA,United States,1978,exact,USA,10564.9482220275,NA,8010.537,1978,0,2028 Summer Olympics,Summer Olympic Games edition,http://www.wikidata.org/entity/Q1451505,2028 Summer Olympics,NA,NA,NA,NA,NA,42,NA,NA,NA,-118.116720299597,33.9842364485583,NA
Fairbanks Ranch,Temporary,Eventing,Dismantled (temporary),1984,Los Angeles,NA,United States,1978,exact,USA,10564.9482220275,NA,8010.537,1978,0,"Fairbanks Ranch, California",census-designated place in the United States,http://www.wikidata.org/entity/Q2207235,Fairbanks Ranch,NA,NA,NA,NA,NA,42,NA,NA,NA,-118.116720299597,33.9842364485583,NA
Wukesong Baseball Field,Temporary,Baseball,Dismantled (temporary),2008,Beijing,NA,China,2001,exact,CHN,1065.40597574519,NA,10054.678,2001,0,Wukesong Arena,stadium,http://www.wikidata.org/entity/Q1321458,Cadillac Arena,NA,NA,NA,NA,NA,18,NA,NA,NA,116.372224957549,39.9274890692239,NA
Chaoyang Park Beach Volleyball Ground,Temporary,Beach volleyball,Dismantled (temporary),2008,Beijing,NA,China,2001,exact,CHN,1065.40597574519,NA,10054.678,2001,0,Chaoyang Park Beach Volleyball Ground,arena,http://www.wikidata.org/entity/Q2564838,Chaoyang Park Beach Volleyball Ground,Point(116.47888889 39.945),NA,NA,NA,NA,18,NA,116.47888889,39.945,116.372224957549,39.9274890692239,5.785395502421492
Laoshan Bicycle Moto Cross (BMX) Venue,Temporary,Cycling (BMX),In use (repurposed),2008,Beijing,NA,China,2001,exact,CHN,1065.40597574519,NA,10054.678,2001,0,Laoshan Bicycle Moto Cross (BMX) Venue,sports venue,http://www.wikidata.org/entity/Q3312789,Laoshan Bicycle Moto Cross (BMX) Venue,Point(116.21722222 39.91361111),NA,NA,NA,NA,18,NA,116.21722222,39.91361111,116.372224957549,39.9274890692239,8.278673408047693
Hong Kong Olympic Equestrian Venue (Beas River),Existing,"Eventing, dressage,
jumping",In use,2008,Beijing,NA,China,2001,exact,CHN,1065.40597574519,NA,10054.678,2001,0,Equestrian events at the 2008 Summer Olympics,Olympic sports discipline event,http://www.wikidata.org/entity/Q641933,equestrian at the 2008 Summer Olympics,NA,NA,NA,NA,NA,18,NA,NA,NA,116.372224957549,39.9274890692239,NA
Shanghai Stadium,Existing,Football,In use,2008,Beijing,NA,China,2001,exact,CHN,1065.40597574519,NA,10054.678,2001,0,Shanghai Stadium,stadium,http://www.wikidata.org/entity/Q739528,Shanghai Stadium,Point(121.437278 31.1835),80000,1997,P571,11,18,29,121.437278,31.1835,116.372224957549,39.9274890692239,668.3143260498473
Qingdao Olympic Sailing Centre,New build,Sailing,In use,2008,Beijing,NA,China,2001,exact,CHN,1065.40597574519,NA,10054.678,2001,0,Qingdao International Sailing Centre,sports venue; Chinese AAAAA-rated tourist attraction,http://www.wikidata.org/entity/Q1252041,Qingdao International Sailing Centre,Point(120.38611111 36.05694444),NA,NA,NA,NA,18,NA,120.38611111,36.05694444,116.372224957549,39.9274890692239,345.68422418296814
Qinhuangdao Olympic Sports Centre Stadium,New build,Football,In use,2008,Beijing,NA,China,2001,exact,CHN,1065.40597574519,NA,10054.678,2001,0,Beijing National Stadium,stadium,http://www.wikidata.org/entity/Q133525,Beijing National Stadium,NA,NA,NA,NA,NA,18,NA,NA,NA,116.372224957549,39.9274890692239,NA
Tianjin Olympic Centre Stadium,New build,Football,In use,2008,Beijing,NA,China,2001,exact,CHN,1065.40597574519,NA,10054.678,2001,0,Tianjin Olympic Centre,stadium,http://www.wikidata.org/entity/Q834369,Tianjin Olympic Center Stadium,Point(117.169389 39.073444),60000,2007,P1619,1,18,19,117.169389,39.073444,116.372224957549,39.9274890692239,72.80137941589228
Shenyang Olympic Stadium,New build,Football,In use,2008,Beijing,NA,China,2001,exact,CHN,1065.40597574519,NA,10054.678,2001,0,Shenyang Olympic Sports Centre Stadium,stadium,http://www.wikidata.org/entity/Q854018,Shenyang Olympic Sports Center Stadium,Point(123.457484 41.739037),60000,2007,P1619,1,18,19,123.457484,41.739037,116.372224957549,39.9274890692239,391.2691573757163
Whistler Creekside,Existing,Alpine skiing,In use,2010,Vancouver,NA,Canada,2003,exact,CAN,28301.9097055898,NA,1242.032,2003,0,Whistler Blackcomb,ski resort; public company,http://www.wikidata.org/entity/Q1206060,Whistler Blackcomb,NA,NA,NA,NA,NA,16,NA,NA,NA,-123.041037806083,49.2459167118132,NA
Cypress Mountain – Snowboard Stadium – Freestyle Skiing Stadium,New build,Snowboard and freestyle skiing,In use,2010,Vancouver,NA,Canada,2003,exact,CAN,28301.9097055898,NA,1242.032,2003,0,2010 Winter Olympics,Winter Olympic Games edition,http://www.wikidata.org/entity/Q9674,2010 Winter Olympics,NA,NA,NA,NA,NA,16,NA,NA,NA,-123.041037806083,49.2459167118132,NA
Richmond Olympic Oval,New build,Speed skating,In use,2010,Vancouver,NA,Canada,2003,exact,CAN,28301.9097055898,NA,1242.032,2003,0,Richmond Olympic Oval,stadium,http://www.wikidata.org/entity/Q744568,Richmond Olympic Oval,Point(-123.151389 49.174722),8000,2008,P1619,2,16,18,-123.151389,49.174722,-123.041037806083,49.2459167118132,7.008398301954428
Whistler Olympic Park – Cross-Country Skiing Stadium – Biathlon Stadium – Ski Jumps,New build,"Cross-country skiing
and Nordic combined,
Biathlon, Ski jumping and Nordic combined",In use,2010,Vancouver,NA,Canada,2003,exact,CAN,28301.9097055898,NA,1242.032,2003,0,Whistler Olympic Park,stadium,http://www.wikidata.org/entity/Q750571,Whistler Olympic Park,Point(-123.119 50.1353),NA,NA,NA,NA,16,NA,-123.119,50.1353,-123.041037806083,49.2459167118132,61.618265879725946
Han River Regatta Course,New build,"Rowing, canoe sprint",In use,1988,Seoul,NA,South Korea,1981,exact,KOR,1918.41779613494,NA,12619.275,1981,0,Han River (Korea),river,http://www.wikidata.org/entity/Q55500,Han River,NA,NA,NA,NA,NA,38,NA,NA,NA,126.948537460265,37.4974757609934,NA
Palace of Sports,Existing,"Artistic gymnastics, judo",Not in use (demolished),1980,Moscow,replaced by successor stadium - not a failure,Soviet Union,1974,exact,NA,NA,NA,NA,NA,NA,Dmitry Bivol,human,http://www.wikidata.org/entity/Q18236558,Dmitry Bivol,NA,NA,NA,NA,NA,46,NA,NA,NA,NA,NA,NA
Suwon Gymnasium,New build,Handball,In use,1988,Seoul,NA,South Korea,1981,exact,KOR,1918.41779613494,NA,12619.275,1981,0,Suwon Sports Complex,sports venue,http://www.wikidata.org/entity/Q483975,Suwon Sports Complex,Point(127.011315 37.297746),24670,1971,P1619,17,38,55,127.011315,37.297746,126.948537460265,37.4974757609934,14.239679622696334
Hwarang Archery Field,Temporary,Archery,Dismantled (temporary),1988,Seoul,NA,South Korea,1981,exact,KOR,1918.41779613494,NA,12619.275,1981,0,Hwarang Archery Field,sports venue,http://www.wikidata.org/entity/Q5952071,Hwarang Archery Field,Point(127.09916667 37.62166667),NA,NA,NA,NA,38,NA,127.09916667,37.62166667,126.948537460265,37.4974757609934,11.916951744958126
Tongil-ro Cycling Circuit,Temporary,Cycling (road),Dismantled (temporary),1988,Seoul,NA,South Korea,1981,exact,KOR,1918.41779613494,NA,12619.275,1981,0,Cycling at the 1988 Summer Olympics – Men's individual road race,Olympic sporting event; cycling at the Summer Olympics – men's individual road race,http://www.wikidata.org/entity/Q3001452,cycling at the 1988 Summer Olympics – men's individual road race,NA,NA,NA,NA,NA,38,NA,NA,NA,126.948537460265,37.4974757609934,NA
Olympic Park Cross-Country Course,Temporary,"Modern pentathlon
(running)",Dismantled (temporary),1988,Seoul,NA,South Korea,1981,exact,KOR,1918.41779613494,NA,12619.275,1981,0,Olympic and Paralympic deaths,Wikimedia list article,http://www.wikidata.org/entity/Q10563569,Olympic deaths,NA,NA,NA,NA,NA,38,NA,NA,NA,126.948537460265,37.4974757609934,NA
Canada Olympic Park - Freestyle Area,New build,Freestyle skiing,In use,1988,Calgary,NA,Canada,1981,exact,CAN,12379.0368643833,NA,124.337,1985,4,Canada Olympic Park,park; Olympic Park,http://www.wikidata.org/entity/Q473655,Canada Olympic Park,NA,NA,NA,NA,NA,38,NA,NA,NA,-114.140799889789,51.0532671181491,NA
Canada Olympic Park - Ski Jumps,New build,"Nordic combined,
ski jumping,
freestyle skiing",In use (repurposed),1988,Calgary,NA,Canada,1981,exact,CAN,12379.0368643833,NA,124.337,1985,4,Canada Olympic Park,park; Olympic Park,http://www.wikidata.org/entity/Q473655,Canada Olympic Park,NA,NA,NA,NA,NA,38,NA,NA,NA,-114.140799889789,51.0532671181491,NA
Canada Olympic Park - Bobsleigh and Luge track,New build,"Bobsleigh, luge",Dismantled (temporary),1988,Calgary,NA,Canada,1981,exact,CAN,12379.0368643833,NA,124.337,1985,4,"Canada Olympic Park bobsleigh, luge, and skeleton track",sports venue,http://www.wikidata.org/entity/Q2407138,"Canada Olympic Park bobsleigh, luge, and skeleton track",Point(-114.216 51.0797),NA,1986,P571,2,38,40,-114.216,51.0797,-114.140799889789,51.0532671181491,3.7454185228835852
Father David Bauer Olympic Arena,New build,"Ice hockey, figure skating",In use,1988,Calgary,NA,Canada,1981,exact,CAN,12379.0368643833,NA,124.337,1985,4,Father David Bauer Olympic Arena,building,http://www.wikidata.org/entity/Q1398019,Father David Bauer Olympic Arena,NA,NA,NA,NA,NA,38,NA,NA,NA,-114.140799889789,51.0532671181491,NA
Nakiska Ski Area,New build,"Alpine skiing,
freestyle skiing",In use,1988,Calgary,NA,Canada,1981,exact,CAN,12379.0368643833,NA,124.337,1985,4,Nakiska,ski resort,http://www.wikidata.org/entity/Q1588256,Nakiska,NA,NA,NA,NA,NA,38,NA,NA,NA,-114.140799889789,51.0532671181491,NA
Canmore Nordic Centre,New build,"Biathlon, Nordic
combined, cross-country skiing",In use,1988,Calgary,NA,Canada,1981,exact,CAN,12379.0368643833,NA,124.337,1985,4,Canmore Nordic Centre Provincial Park,provincial park of Alberta,http://www.wikidata.org/entity/Q1003855,Canmore Nordic Centre Provincial Park,NA,NA,NA,NA,NA,38,NA,NA,NA,-114.140799889789,51.0532671181491,NA
Canmore Olympic Village,Temporary,Athlete accommodation,Dismantled (temporary),1988,Calgary,NA,Canada,1981,exact,CAN,12379.0368643833,NA,124.337,1985,4,Calgary,city; big city; city in Alberta,http://www.wikidata.org/entity/Q36312,Calgary,NA,NA,NA,NA,NA,38,NA,NA,NA,-114.140799889789,51.0532671181491,NA
Max Bell Arena,Existing,"Curling, short track speed
skating",In use,1988,Calgary,NA,Canada,1981,exact,CAN,12379.0368643833,NA,124.337,1985,4,Max Bell Centre (Calgary),sports complex,http://www.wikidata.org/entity/Q1612971,Max Bell Centre,Point(-114.004 51.0422),2121,NA,NA,NA,38,NA,-114.004,51.0422,-114.140799889789,51.0532671181491,5.997912398937364
Olympic Hockey Centre,New build,Hockey,Not in use (demolished),2004,Athens,abandoned before demolition - this is the white elephant,Greece,1997,exact,GRC,13015.9175046854,NA,3278.09,1997,0,Hellinikon Olympic Hockey Centre,sports venue,http://www.wikidata.org/entity/Q5707590,Hellinikon Olympic Hockey Centre,Point(23.7269 37.8999),7300,2004,P1619,0,22,22,23.7269,37.8999,23.7294821422573,37.9900827844442,6.239614033917585
Ibaraki Kashima Stadium,Existing,Football,In use,2020,Tokyo,NA,Japan,2013,exact,JPN,41369.1948479498,74,32885.497,2013,0,"Kashima, Ibaraki",city of Japan,http://www.wikidata.org/entity/Q467471,Kashima,NA,NA,NA,NA,NA,6,NA,NA,NA,139.655776246888,35.6661787766663,NA
Whistler Sliding Center,New build,"Bobsleigh, luge and
skeleton",In use,2010,Vancouver,NA,Canada,2003,exact,CAN,28301.9097055898,NA,1242.032,2003,0,Whistler Sliding Centre,bobsleigh track; luge track,http://www.wikidata.org/entity/Q909714,Whistler Sliding Centre,NA,NA,NA,NA,NA,16,NA,NA,NA,-123.041037806083,49.2459167118132,NA
Whistler Olympic Village,New build,Athlete accommodation,In use,2010,Vancouver,NA,Canada,2003,exact,CAN,28301.9097055898,NA,1242.032,2003,0,2010 Winter Olympics,Winter Olympic Games edition,http://www.wikidata.org/entity/Q9674,2010 Winter Olympics,NA,NA,NA,NA,NA,16,NA,NA,NA,-123.041037806083,49.2459167118132,NA
Vancouver Olympic Stadium,Existing,"Opening and Closing
Ceremonies",In use,2010,Vancouver,NA,Canada,2003,exact,CAN,28301.9097055898,NA,1242.032,2003,0,BC Place,stadium,http://www.wikidata.org/entity/Q612227,BC Place,Point(-123.111944444 49.276666666),54500,1983,P1619,27,16,43,-123.111944444,49.276666666,-123.041037806083,49.2459167118132,3.84311440950632
The Forum,Existing,"Basketball, handball",In use,1984,Los Angeles,NA,United States,1978,exact,USA,10564.9482220275,NA,8010.537,1978,0,Kia Forum,arena,http://www.wikidata.org/entity/Q639129,Kia Forum,Point(-118.342 33.95821),17500,1967,P1619,17,42,59,-118.342,33.95821,-118.116720299597,33.9842364485583,13.047890162167489
"Exhibition Hall, Long Beach Convention and Entertainment Center",Existing,Fencing,In use,1984,Los Angeles,NA,United States,1978,exact,USA,10564.9482220275,NA,8010.537,1978,0,Long Beach Convention and Entertainment Center,convention center; multi-purpose hall,http://www.wikidata.org/entity/Q1757660,Long Beach Convention and Entertainment Center,NA,NA,NA,NA,NA,42,NA,NA,NA,-118.116720299597,33.9842364485583,NA
Mt Teine Bobsleigh Course,New build,Bobsleigh,Not in use (demolished),1972,Sapporo,urban redevelopment - not a failure,Japan,1966,exact,JPN,1167.69027982801,NA,1518.528,1975,9,Sapporo Teine,ski resort; golf course,http://www.wikidata.org/entity/Q7421109,Sapporo Teine,NA,NA,NA,NA,NA,54,NA,NA,NA,141.369539272211,43.0693553937135,NA
Olympic Village USC,Mixed: existing/new build,Athlete accommodation,In use,1984,Los Angeles,NA,United States,1978,exact,USA,10564.9482220275,NA,8010.537,1978,0,Los Angeles Memorial Coliseum,stadium; multi-purpose sports venue,http://www.wikidata.org/entity/Q849784,Los Angeles Memorial Coliseum,NA,NA,NA,NA,NA,42,NA,NA,NA,-118.116720299597,33.9842364485583,NA
Olympic Village UCLA,Mixed: existing/new build,Athlete accommodation,In use,1984,Los Angeles,NA,United States,1978,exact,USA,10564.9482220275,NA,8010.537,1978,0,"Westwood, Los Angeles",district or neighborhood of Los Angeles,http://www.wikidata.org/entity/Q1199774,Westwood,NA,NA,NA,NA,NA,42,NA,NA,NA,-118.116720299597,33.9842364485583,NA
Olympic Swim Stadium,New build,"Swimming, diving, artistic
swimming",In use,1984,Los Angeles,NA,United States,1978,exact,USA,10564.9482220275,NA,8010.537,1978,0,LA84 Foundation/John C. Argue Swim Stadium,sports venue,http://www.wikidata.org/entity/Q6456926,LA84 Foundation/John C. Argue Swim Stadium,Point(-118.28951 34.01229),NA,NA,NA,NA,42,NA,-118.28951,34.01229,-118.116720299597,33.9842364485583,10.097092382009116
Mt Teine Luge Course,New build,Luge,Not in use (demolished),1972,Sapporo,urban redevelopment - not a failure,Japan,1966,exact,JPN,1167.69027982801,NA,1518.528,1975,9,Sapporo Teine,ski resort; golf course,http://www.wikidata.org/entity/Q7421109,Sapporo Teine,NA,NA,NA,NA,NA,54,NA,NA,NA,141.369539272211,43.0693553937135,NA
Olympic Harbor,Temporary,Sailing,Dismantled (temporary),1984,Los Angeles,NA,United States,1978,exact,USA,10564.9482220275,NA,8010.537,1978,0,"Harbor City, Los Angeles",district or neighborhood of Los Angeles,http://www.wikidata.org/entity/Q739011,Harbor City,NA,NA,NA,NA,NA,42,NA,NA,NA,-118.116720299597,33.9842364485583,NA
Lake Casitas,Temporary,"Rowing, canoe sprint",Dismantled (temporary),1984,Los Angeles,NA,United States,1978,exact,USA,10564.9482220275,NA,8010.537,1978,0,Lake Casitas,reservoir,http://www.wikidata.org/entity/Q6475203,Lake Casitas,NA,NA,NA,NA,NA,42,NA,NA,NA,-118.116720299597,33.9842364485583,NA
Igman - Veliko Polje,New build,"Cross-country skiing,
Nordic combined",In use,1984,Sarajevo,NA,Yugoslavia,1978,exact,NA,NA,NA,NA,NA,NA,Igman,plateau,http://www.wikidata.org/entity/Q1110607,Igman,NA,NA,NA,NA,NA,42,NA,NA,NA,NA,NA,NA
Bjelašnica,New build,Alpine skiing,In use,1984,Sarajevo,NA,Yugoslavia,1978,exact,NA,NA,NA,NA,NA,NA,Bjelašnica,mountain range,http://www.wikidata.org/entity/Q879414,Bjelašnica,NA,NA,NA,NA,NA,42,NA,NA,NA,NA,NA,NA
Jahorina,New build,Alpine skiing,In use,1984,Sarajevo,NA,Yugoslavia,1978,exact,NA,NA,NA,NA,NA,NA,Jahorina,mountain range,http://www.wikidata.org/entity/Q187944,Jahorina,NA,NA,NA,NA,NA,42,NA,NA,NA,NA,NA,NA
Igman Olympic Jumps,New build,"Ski jumping, Nordic
combined",In use (repurposed),1984,Sarajevo,NA,Yugoslavia,1978,exact,NA,NA,NA,NA,NA,NA,Igman Olympic Jumps,ski jumping complex,http://www.wikidata.org/entity/Q1657209,Igman Olympic Jumps,NA,NA,NA,NA,NA,42,NA,NA,NA,NA,NA,NA
Skenderija Cultural and Sports Centre,Existing,"Figure skating, ice hockey",In use,1984,Sarajevo,NA,Yugoslavia,1978,exact,NA,NA,NA,NA,NA,NA,Skenderija,sports venue,http://www.wikidata.org/entity/Q1280411,Skenderija,Point(18.414083333 43.854561111),NA,NA,NA,NA,42,NA,18.414083333,43.854561111,NA,NA,NA
Koševo Stadium,Existing,Opening Ceremony,In use,1984,Sarajevo,NA,Yugoslavia,1978,exact,NA,NA,NA,NA,NA,NA,Koševo City Stadium,association football venue,http://www.wikidata.org/entity/Q903860,Asim Ferhatović Hase Stadium,NA,NA,NA,NA,NA,42,NA,NA,NA,NA,NA,NA
Zetra Complex - Speed Skating Stadium,New build,Speed skating,In use (rebuilt),1984,Sarajevo,NA,Yugoslavia,1978,exact,NA,NA,NA,NA,NA,NA,1984 Winter Olympics,Winter Olympic Games edition,http://www.wikidata.org/entity/Q9657,1984 Winter Olympics,NA,NA,NA,NA,NA,42,NA,NA,NA,NA,NA,NA
Zetra Complex -Olympic Hall,New build,"Figure skating, ice hockey,
Closing Ceremony",In use (rebuilt),1984,Sarajevo,NA,Yugoslavia,1978,exact,NA,NA,NA,NA,NA,NA,Korni Grupa,musical group,http://www.wikidata.org/entity/Q653868,Korni Grupa,NA,NA,NA,NA,NA,42,NA,NA,NA,NA,NA,NA
Mojmilo Olympic Village,New build,Athlete accommodation,In use,1984,Sarajevo,NA,Yugoslavia,1978,exact,NA,NA,NA,NA,NA,NA,1984 Winter Olympics,Winter Olympic Games edition,http://www.wikidata.org/entity/Q9657,1984 Winter Olympics,NA,NA,NA,NA,NA,42,NA,NA,NA,NA,NA,NA
Trebevic Olympic Bobsleigh and Luge Track,New build,"Bobsleigh, luge",In use (repurposed),1984,Sarajevo,NA,Yugoslavia,1978,exact,NA,NA,NA,NA,NA,NA,Sarajevo Olympic Bobsleigh and Luge Track,sports venue,http://www.wikidata.org/entity/Q7422989,Sarajevo Olympic Bobsleigh and Luge Track,Point(18.44222222 43.84111111),NA,1982,P1619,2,42,44,18.44222222,43.84111111,NA,NA,NA
Olympic Stadium,Existing,"Athletics, football,
equestrian (jumping),
Opening and Closing
Ceremonies",Dismantled (temporary),1988,Seoul,NA,South Korea,1981,exact,KOR,1918.41779613494,NA,12619.275,1981,0,Seoul Olympic Stadium,Olympic stadium,http://www.wikidata.org/entity/Q392086,Seoul Olympic Main Stadium,NA,NA,NA,NA,NA,38,NA,NA,NA,126.948537460265,37.4974757609934,NA
Jamsil Indoor Swimming Pool,Existing,"Diving, water polo",In use,1988,Seoul,NA,South Korea,1981,exact,KOR,1918.41779613494,NA,12619.275,1981,0,Jamsil Indoor Swimming Pool,indoor swimming pool; sports venue,http://www.wikidata.org/entity/Q6148264,Jamsil Indoor Swimming Pool,NA,NA,NA,NA,NA,38,NA,NA,NA,126.948537460265,37.4974757609934,NA
Jamsil Gymnasium,Existing,Volleyball,In use,1988,Seoul,NA,South Korea,1981,exact,KOR,1918.41779613494,NA,12619.275,1981,0,Jamsil Students' Gymnasium,arena,http://www.wikidata.org/entity/Q12614298,Jamsil Students' Gymnasium,NA,NA,NA,NA,NA,38,NA,NA,NA,126.948537460265,37.4974757609934,NA
Jamsil Students’ Gymnasium,Existing,Boxing,In use,1988,Seoul,NA,South Korea,1981,exact,KOR,1918.41779613494,NA,12619.275,1981,0,Jamsil Students' Gymnasium,arena,http://www.wikidata.org/entity/Q12614298,Jamsil Students' Gymnasium,NA,NA,NA,NA,NA,38,NA,NA,NA,126.948537460265,37.4974757609934,NA
Changchung Gymnasium,Existing,"Judo, taekwondo",In use,1988,Seoul,NA,South Korea,1981,exact,KOR,1918.41779613494,NA,12619.275,1981,0,Jangchung Arena,architectural structure,http://www.wikidata.org/entity/Q496884,Jangchung Arena,NA,NA,NA,NA,NA,38,NA,NA,NA,126.948537460265,37.4974757609934,NA
Taenung International Shooting Range,Existing,"Shooting, modern
pentathlon (shooting)",In use,1988,Seoul,NA,South Korea,1981,exact,KOR,1918.41779613494,NA,12619.275,1981,0,Taenung International Shooting Range,sports venue,http://www.wikidata.org/entity/Q7674894,Taenung International Shooting Range,Point(128.68491 35.25087),NA,NA,NA,NA,38,NA,128.68491,35.25087,126.948537460265,37.4974757609934,183.02334295457098
Centre Paul-Sauvé,Existing,Volleyball,Not in use (demolished),1976,Montreal,abandoned before demolition - this is the white elephant,Canada,1970,exact,CAN,4135.82149842006,NA,1682.973,1975,5,Paul Sauvé Arena,sports venue,http://www.wikidata.org/entity/Q2866188,Paul Sauvé Arena,Point(-73.5794 45.5619),4000,NA,NA,NA,50,NA,-73.5794,45.5619,-73.6660077343496,45.5363747662468,4.5516871113579445
Seongnam Stadium,Existing,Hockey,In use,1988,Seoul,NA,South Korea,1981,exact,KOR,1918.41779613494,NA,12619.275,1981,0,Seongnam FC,association football club,http://www.wikidata.org/entity/Q482540,Seongnam FC,NA,NA,NA,NA,NA,38,NA,NA,NA,126.948537460265,37.4974757609934,NA
Pusan Stadium,Existing,Football,In use,1988,Seoul,NA,South Korea,1981,exact,KOR,1918.41779613494,NA,12619.275,1981,0,Busan,city; metropolis; metropolitan city of South Korea; port city,http://www.wikidata.org/entity/Q16520,Busan,NA,NA,NA,NA,NA,38,NA,NA,NA,126.948537460265,37.4974757609934,NA
Pusan Yachting Center,Existing,Sailing,In use,1988,Seoul,NA,South Korea,1981,exact,KOR,1918.41779613494,NA,12619.275,1981,0,2002 Asian Games,multi-sport event,http://www.wikidata.org/entity/Q494906,2002 Asian Games,NA,NA,NA,NA,NA,38,NA,NA,NA,126.948537460265,37.4974757609934,NA
Taegu Stadium,Existing,Football,In use (rebuilt),1988,Seoul,NA,South Korea,1981,exact,KOR,1918.41779613494,NA,12619.275,1981,0,Daegu,metropolitan city of South Korea; big city,http://www.wikidata.org/entity/Q20927,Daegu,NA,NA,NA,NA,NA,38,NA,NA,NA,126.948537460265,37.4974757609934,NA
Taejon Stadium,Existing,Football,In use,1988,Seoul,NA,South Korea,1981,exact,KOR,1918.41779613494,NA,12619.275,1981,0,Daejeon,metropolitan city of South Korea; big city,http://www.wikidata.org/entity/Q20921,Daejeon,NA,NA,NA,NA,NA,38,NA,NA,NA,126.948537460265,37.4974757609934,NA
Beijing Shooting Range CTF,New build,Shooting,In use,2008,Beijing,NA,China,2001,exact,CHN,1065.40597574519,NA,10054.678,2001,0,Beijing Shooting Range Clay Target Field,sports venue,http://www.wikidata.org/entity/Q2278827,Beijing Shooting Range Clay Target Field,Point(116.20333333 39.94722222),NA,NA,NA,NA,18,NA,116.20333333,39.94722222,116.372224957549,39.9274890692239,9.060831304497501
Beijing Shooting Range Hall,New build,Shooting,In use,2008,Beijing,NA,China,2001,exact,CHN,1065.40597574519,NA,10054.678,2001,0,Beijing Shooting Range Hall,sports venue,http://www.wikidata.org/entity/Q1519949,Beijing Shooting Range Hall,Point(116.201667 39.943889),8600,2007,P1619,1,18,19,116.201667,39.943889,116.372224957549,39.9274890692239,9.116877451714283
China Agricultural University Gymnasium,New build,Wrestling,In use,2008,Beijing,NA,China,2001,exact,CHN,1065.40597574519,NA,10054.678,2001,0,China Agricultural University,university; vice-ministerial level university; agricultural school; higher education institution directly under Ministry of Education of the People’s Republic of China,http://www.wikidata.org/entity/Q257655,China Agricultural University,NA,NA,NA,NA,NA,18,NA,NA,NA,116.372224957549,39.9274890692239,NA
Peking University (PKU) Gymnasium,New build,Table tennis,In use,2008,Beijing,NA,China,2001,exact,CHN,1065.40597574519,NA,10054.678,2001,0,Peking University,public university; vice-ministerial level university; higher education institution directly under Ministry of Education of the People’s Republic of China,http://www.wikidata.org/entity/Q16952,Peking University,NA,NA,NA,NA,NA,18,NA,NA,NA,116.372224957549,39.9274890692239,NA
Shunyi Olympic Rowing-Canoeing Park – Canoe slalom course,New build,Canoe slalom,In use,2008,Beijing,NA,China,2001,exact,CHN,1065.40597574519,NA,10054.678,2001,0,Shunyi Olympic Rowing-Canoeing Park,artificial whitewater,http://www.wikidata.org/entity/Q376264,Shunyi Olympic Rowing-Canoeing Park,NA,NA,NA,NA,NA,18,NA,NA,NA,116.372224957549,39.9274890692239,NA
Beijing Olympic Village,New build,Athlete accommodation,In use,2008,Beijing,NA,China,2001,exact,CHN,1065.40597574519,NA,10054.678,2001,0,Beijing Olympic Tower,observation tower,http://www.wikidata.org/entity/Q18638370,Beijing Olympic Tower,NA,NA,NA,NA,NA,18,NA,NA,NA,116.372224957549,39.9274890692239,NA
Beijing Olympic Green Hockey Stadium,Temporary,Hockey,Dismantled (temporary),2008,Beijing,NA,China,2001,exact,CHN,1065.40597574519,NA,10054.678,2001,0,Beijing National Stadium,stadium,http://www.wikidata.org/entity/Q133525,Beijing National Stadium,NA,NA,NA,NA,NA,18,NA,NA,NA,116.372224957549,39.9274890692239,NA
Fencing Hall of National Convention Centre,Temporary,"Fencing, modern
pentathlon (fencing)",Dismantled (temporary),2008,Beijing,NA,China,2001,exact,CHN,1065.40597574519,NA,10054.678,2001,0,China National Convention Center,convention center,http://www.wikidata.org/entity/Q3244952,China National Convention Center,NA,NA,NA,NA,NA,18,NA,NA,NA,116.372224957549,39.9274890692239,NA
Tiananmen Square National Stadium Marathon Course,Temporary,Athletics,Dismantled (temporary),2008,Beijing,NA,China,2001,exact,CHN,1065.40597574519,NA,10054.678,2001,0,Beijing Marathon,marathon,http://www.wikidata.org/entity/Q1187844,Beijing Marathon,NA,NA,NA,NA,NA,18,NA,NA,NA,116.372224957549,39.9274890692239,NA
Beijing National Stadium,Existing,"Opening and Closing
Ceremonies",In use,2022,Beijing,NA,China,2015,exact,CHN,8175.33285077393,37,15431.938,2015,0,Beijing National Stadium,stadium,http://www.wikidata.org/entity/Q133525,Beijing National Stadium,NA,NA,NA,NA,NA,4,NA,NA,NA,116.372224957549,39.9274890692239,NA
Beijing 2022 Olympic Village,New,Athlete accommodation,In use,2022,Beijing,NA,China,2015,exact,CHN,8175.33285077393,37,15431.938,2015,0,Beijing Olympic Village,Olympic Village,http://www.wikidata.org/entity/Q1536244,Beijing Olympic Village,NA,NA,NA,NA,NA,4,NA,NA,NA,116.372224957549,39.9274890692239,NA
Capital Indoor Stadium,Existing,"Figure skating, Short track
speed skating",In use,2022,Beijing,NA,China,2015,exact,CHN,8175.33285077393,37,15431.938,2015,0,Capital Indoor Stadium,arena,http://www.wikidata.org/entity/Q1589654,Capital Indoor Stadium,Point(116.321111111 39.938888888),NA,1968,P1619,54,4,58,116.321111111,39.938888888,116.372224957549,39.9274890692239,2.823415760894249
Olympic Green Archery Field,Temporary,Archery,Dismantled (temporary),2008,Beijing,NA,China,2001,exact,CHN,1065.40597574519,NA,10054.678,2001,0,Olympic Green,urban park; neighborhood; Chinese AAAAA-rated tourist attraction,http://www.wikidata.org/entity/Q912817,Olympic Green,NA,NA,NA,NA,NA,18,NA,NA,NA,116.372224957549,39.9274890692239,NA
Road Cycling Course,Temporary,Cycling (road),Dismantled (temporary),2008,Beijing,NA,China,2001,exact,CHN,1065.40597574519,NA,10054.678,2001,0,Cycling at the 2008 Summer Olympics,Olympic sports discipline event,http://www.wikidata.org/entity/Q207439,cycling at the 2008 Summer Olympics,NA,NA,NA,NA,NA,18,NA,NA,NA,116.372224957549,39.9274890692239,NA
Triathlon Venue,Temporary,Triathlon,Dismantled (temporary),2008,Beijing,NA,China,2001,exact,CHN,1065.40597574519,NA,10054.678,2001,0,Venues of the 2008 Summer Olympics,Wikimedia list article,http://www.wikidata.org/entity/Q508436,Venues of the 2008 Summer Olympics,NA,NA,NA,NA,NA,18,NA,NA,NA,116.372224957549,39.9274890692239,NA
Kwangju Stadium,Existing,Football,In use,1988,Seoul,NA,South Korea,1981,exact,KOR,1918.41779613494,NA,12619.275,1981,0,Gwangju,metropolitan city of South Korea; big city,http://www.wikidata.org/entity/Q41283,Gwangju,NA,NA,NA,NA,NA,38,NA,NA,NA,126.948537460265,37.4974757609934,NA
Saemaul Sports Hall,Existing,Volleyball,In use,1988,Seoul,NA,South Korea,1981,exact,KOR,1918.41779613494,NA,12619.275,1981,0,Saemaul Sports Hall,sports venue,http://www.wikidata.org/entity/Q7398294,Saemaul Sports Hall,NA,NA,NA,NA,NA,38,NA,NA,NA,126.948537460265,37.4974757609934,NA
Seoul Equestrian Park,New build,"Jumping, dressage,
eventing, modern
pentathlon (equestrian)",In use,1988,Seoul,NA,South Korea,1981,exact,KOR,1918.41779613494,NA,12619.275,1981,0,Seoul Olympic Stadium,Olympic stadium,http://www.wikidata.org/entity/Q392086,Seoul Olympic Main Stadium,NA,NA,NA,NA,NA,38,NA,NA,NA,126.948537460265,37.4974757609934,NA
Wondang Ranch,New build,Eventing,In use,1988,Seoul,NA,South Korea,1981,exact,KOR,1918.41779613494,NA,12619.275,1981,0,Equestrian at the 1988 Summer Olympics – Individual eventing,Olympic sporting event,http://www.wikidata.org/entity/Q31843481,equestrian at the 1988 Summer Olympics – individual eventing,NA,NA,NA,NA,NA,38,NA,NA,NA,126.948537460265,37.4974757609934,NA
Olympic Gymnastics Hall,New build,"Artistic gymnastics, rhythmic gymnastics,
handball",In use,1988,Seoul,NA,South Korea,1981,exact,KOR,1918.41779613494,NA,12619.275,1981,0,Gymnastics at the 1988 Summer Olympics,Olympic sports discipline event,http://www.wikidata.org/entity/Q279842,gymnastics at the 1988 Summer Olympics,NA,NA,NA,NA,NA,38,NA,NA,NA,126.948537460265,37.4974757609934,NA
Olympic Indoor Swimming Pool,New build,"Artistic swimming, water
polo, modern pentathlon
(swimming)",In use,1988,Seoul,NA,South Korea,1981,exact,KOR,1918.41779613494,NA,12619.275,1981,0,Jamsil Indoor Swimming Pool,indoor swimming pool; sports venue,http://www.wikidata.org/entity/Q6148264,Jamsil Indoor Swimming Pool,NA,NA,NA,NA,NA,38,NA,NA,NA,126.948537460265,37.4974757609934,NA
Olympic Tennis Courts (Olympic Tennis Centre),New build,Tennis,In use,1988,Seoul,NA,South Korea,1981,exact,KOR,1918.41779613494,NA,12619.275,1981,0,Tennis at the Summer Olympics,tennis tournament; recurring sporting event,http://www.wikidata.org/entity/Q270163,tennis at the Summer Olympics,NA,NA,1968,P571,20,38,58,NA,NA,126.948537460265,37.4974757609934,NA
Olympic Velodrome,New build,Cycling (track),In use,1988,Seoul,NA,South Korea,1981,exact,KOR,1918.41779613494,NA,12619.275,1981,0,Olympic Velodrome (Seoul),velodrome; sports venue,http://www.wikidata.org/entity/Q7089144,Olympic Velodrome,Point(127.123334 37.51693),NA,NA,NA,NA,38,NA,127.123334,37.51693,126.948537460265,37.4974757609934,9.685314487608991
Hanyang University Gymnasium,New build,Volleyball,In use,1988,Seoul,NA,South Korea,1981,exact,KOR,1918.41779613494,NA,12619.275,1981,0,Hanyang University Gymnasium,sports venue,http://www.wikidata.org/entity/Q5651454,Hanyang University Gymnasium,Point(127.049962 37.556537),NA,1986,P571,2,38,40,127.049962,37.556537,126.948537460265,37.4974757609934,6.902631630544288
Olympic Fencing Stadium (Handball Stadium),New build,"Fencing, modern
pentathlon (fencing)",In use,1988,Seoul,NA,South Korea,1981,exact,KOR,1918.41779613494,NA,12619.275,1981,0,List of national stadiums,NA,http://www.wikidata.org/entity/Q6634155,national stadium,NA,NA,NA,NA,NA,38,NA,NA,NA,126.948537460265,37.4974757609934,NA
Seoul National University Gymnasium,New build,Table tennis,In use,1988,Seoul,NA,South Korea,1981,exact,KOR,1918.41779613494,NA,12619.275,1981,0,Seoul National University,national university; research university,http://www.wikidata.org/entity/Q39913,Seoul National University,NA,NA,NA,NA,NA,38,NA,NA,NA,126.948537460265,37.4974757609934,NA
Olympic Weightlifting Gymnasium,New build,Weightlifting,In use (repurposed),1988,Seoul,NA,South Korea,1981,exact,KOR,1918.41779613494,NA,12619.275,1981,0,Olympic Weightlifting Gymnasium,sports venue,http://www.wikidata.org/entity/Q7089147,Olympic Weightlifting Gymnasium,Point(127.127456 37.5148),NA,NA,NA,NA,38,NA,127.127456,37.5148,126.948537460265,37.4974757609934,9.890560138345435
Seoul Olympic Village,New build,Athlete accommodation,In use,1988,Seoul,NA,South Korea,1981,exact,KOR,1918.41779613494,NA,12619.275,1981,0,Seoul,city; megacity; metropolis; Special City of Korea; largest city; national capital,http://www.wikidata.org/entity/Q8684,Seoul,NA,NA,NA,NA,NA,38,NA,NA,NA,126.948537460265,37.4974757609934,NA
