venue_id,stadium_id,stadium_name,city_name,country_name,tournament_id,tournament_year,award_year,opened_year,stadium_capacity,design_purpose,newly_built,current_status,status_detail,not_in_use_reason,wikipedia_link,iso3c,gdp_per_capita,cpi_score,city_pop_thousands,city_pop_pct_rank,city_pop_z,city_pop_year_used,city_pop_year_gap,venue_age,years_since_event,years_since_construction,coords,venue_lon,venue_lat,city_lon,city_lat,distance_mi,log_capacity,log_gdp,log_city_pop,log_distance,new_build,single_purpose,white_elephant,era,region,gdp_pct_rank,gdp_z,set,capacity_z,capacity_pct_rank,log_capacity_missing,log_capacity_imp,log_gdp_missing,log_gdp_imp,log_city_pop_missing,log_city_pop_imp,log_distance_missing,log_distance_imp,venue_age_missing,venue_age_imp,years_since_event_missing,years_since_event_imp,years_since_construction_missing,years_since_construction_imp,gdp_pct_rank_missing,gdp_pct_rank_imp,gdp_z_missing,gdp_z_imp,city_pop_pct_rank_missing,city_pop_pct_rank_imp,city_pop_z_missing,city_pop_z_imp,capacity_pct_rank_missing,capacity_pct_rank_imp,capacity_z_missing,capacity_z_imp
S-001,S-001,Estadio José Amalfitani,Buenos Aires,Argentina,WC-1978,1978,1966,1943,49000,Single-purpose,Existing,in use,NA,NA,https://en.wikipedia.org/wiki/José_Amalfitani_Stadium,ARG,1275.07843418966,NA,8560.9,0.9984115778326862,11.326084573758711,1975,9,35,48,83,Point(-58.520711 -34.635375),-58.520711,-34.635375,-58.51281868345,-34.6507889984493,1.1569366484750598,10.799595985047786,7.15154693081628,9.055077407122551,0.7686889967740652,0,1,FALSE,postwar,Americas,0.7933884297520661,0.5237485365043107,train,-0.3784565293821685,0.4583333333333333,0,10.799595985047786,0,7.15154693081628,0,9.055077407122551,0,0.7686889967740652,0,35,0,48,0,83,0,0.7933884297520661,0,0.5237485365043107,0,0.9984115778326862,0,11.326084573758711,0,0.4583333333333333,0,-0.3784565293821685
S-002,S-002,Estadio Monumental,Buenos Aires,Argentina,WC-1978,1978,1966,1938,75000,Single-purpose,Existing,in use,NA,NA,https://en.wikipedia.org/wiki/Estadio_Monumental_Antonio_Vespucio_Liberti,ARG,1275.07843418966,NA,8560.9,0.9984115778326862,11.326084573758711,1975,9,40,48,88,Point(-58.449722222 -34.545277777),-58.449722222,-34.545277777,-58.51281868345,-34.6507889984493,8.13462531775389,11.225256725762891,7.15154693081628,9.055077407122551,2.2120721728698904,0,1,FALSE,postwar,Americas,0.7933884297520661,0.5237485365043107,train,1.079301954163962,0.875,0,11.225256725762891,0,7.15154693081628,0,9.055077407122551,0,2.2120721728698904,0,40,0,48,0,88,0,0.7933884297520661,0,0.5237485365043107,0,0.9984115778326862,0,11.326084573758711,0,0.875,0,1.079301954163962
S-003,S-003,Estadio Chateau Carreras,Córdoba,Argentina,WC-1978,1978,1966,1978,47000,Multi-purpose,New,in use,NA,NA,https://en.wikipedia.org/wiki/Estadio_Mario_Alberto_Kempes,ARG,1275.07843418966,NA,843.131,0.957995058242146,0.8293721880780158,1975,9,0,48,48,Point(-64.246244 -31.368956),-64.246244,-31.368956,-64.2016138572961,-31.4016001921993,3.470462028672715,10.757924157061597,7.15154693081628,6.738307695821766,1.4974917654031572,1,0,FALSE,postwar,Americas,0.7933884297520661,0.5237485365043107,train,-0.49059179734725544,0.4166666666666667,0,10.757924157061597,0,7.15154693081628,0,6.738307695821766,0,1.4974917654031572,0,0,0,48,0,48,0,0.7933884297520661,0,0.5237485365043107,0,0.957995058242146,0,0.8293721880780158,0,0.4166666666666667,0,-0.49059179734725544
S-004,S-004,Estadio José María Minella,Mar del Plata,Argentina,WC-1978,1978,1966,1978,44000,Multi-purpose,New,in use,NA,NA,https://en.wikipedia.org/wiki/Estadio_José_Mar%C3%ADa_Minella,ARG,1275.07843418966,NA,333.807,0.8886339569361101,0.13665547951567933,1975,9,0,48,48,Point(-57.582333 -38.017944),-57.582333,-38.017944,-57.572000247211,-38.0062521656552,0.985471660128378,10.691967639914864,7.15154693081628,5.81355424640153,0.6858564980692107,1,0,FALSE,postwar,Americas,0.7933884297520661,0.5237485365043107,test,-0.6587946992948859,0.25,0,10.691967639914864,0,7.15154693081628,0,5.81355424640153,0,0.6858564980692107,0,0,0,48,0,48,0,0.7933884297520661,0,0.5237485365043107,0,0.8886339569361101,0,0.13665547951567933,0,0.25,0,-0.6587946992948859
S-005,S-005,Estadio Ciudad de Mendoza,Mendoza,Argentina,WC-1978,1978,1966,1978,35000,Multi-purpose,New,in use,NA,NA,https://en.wikipedia.org/wiki/Estadio_Malvinas_Argentinas,ARG,1275.07843418966,NA,467.728,0.9232262619131664,0.31879752333724803,1975,9,0,48,48,Point(-68.879994 -32.889564),-68.879994,-32.889564,-68.8291802240567,-32.9029480119876,3.093048653149258,10.463131911491969,7.15154693081628,6.150022642849884,1.409290084356123,1,0,FALSE,postwar,Americas,0.7933884297520661,0.5237485365043107,train,-1.163403405137777,0.20833333333333337,0,10.463131911491969,0,7.15154693081628,0,6.150022642849884,0,1.409290084356123,0,0,0,48,0,48,0,0.7933884297520661,0,0.5237485365043107,0,0.9232262619131664,0,0.31879752333724803,0,0.20833333333333337,0,-1.163403405137777
S-006,S-006,Estadio Gigante de Arroyito,Rosario,Argentina,WC-1978,1978,1966,1926,46000,Single-purpose,Existing,in use,NA,NA,https://en.wikipedia.org/wiki/Estadio_Gigante_de_Arroyito,ARG,1275.07843418966,NA,704.516,0.9474055771267208,0.6408459718436184,1975,9,52,48,100,Point(-60.674567 -32.913997),-60.674567,-32.913997,-60.6742626551186,-32.9497163315922,2.4708013719934807,10.736418414365376,7.15154693081628,6.558929449986803,1.2443855102331551,0,1,FALSE,postwar,Americas,0.7933884297520661,0.5237485365043107,test,-0.5466594313297989,0.375,0,10.736418414365376,0,7.15154693081628,0,6.558929449986803,0,1.2443855102331551,0,52,0,48,0,100,0,0.7933884297520661,0,0.5237485365043107,0,0.9474055771267208,0,0.6408459718436184,0,0.375,0,-0.5466594313297989
S-007,S-007,Estádio Independência,Belo Horizonte,Brazil,WC-1950,1950,1946,1950,30000,Single-purpose,New,in use,NA,NA,https://en.wikipedia.org/wiki/Estádio_Independência,BRA,NA,NA,1292.068,0.9759971761383692,1.43995830024208,1975,29,0,76,76,NA,NA,NA,-43.9916716948718,-19.9006209955912,NA,10.308985993422082,NA,7.164772968262943,NA,1,1,FALSE,postwar,Americas,NA,NA,test,-0.47426985781401304,0.3333333333333333,0,10.308985993422082,1,8.956551223174765,0,7.164772968262943,1,1.4190933953218807,0,0,0,76,0,76,1,0.8181818181818182,1,0.597271311946225,0,0.9759971761383692,0,1.43995830024208,0,0.3333333333333333,0,-0.47426985781401304
S-008,S-008,Estádio Mineirão,Belo Horizonte,Brazil,WC-2014,2014,2007,1965,43000,Single-purpose,Existing,in use,NA,NA,https://en.wikipedia.org/wiki/Mineirão,BRA,7409.69130673473,NA,3715.23,0.991029023746702,3.0701639880335723,2007,0,49,12,61,Point(-43.970833 -19.865833),-43.970833,-19.865833,-43.9916716948718,-19.9006209955912,2.761838588527675,10.66897865021924,8.910679007694915,8.22046499252857,1.3249078241975083,0,1,FALSE,recent,Americas,0.6057692307692307,-0.33932007998871866,train,-0.4447075023546392,0.5454545454545454,0,10.66897865021924,0,8.910679007694915,0,8.22046499252857,0,1.3249078241975083,0,49,0,12,0,61,0,0.6057692307692307,0,-0.33932007998871866,0,0.991029023746702,0,3.0701639880335723,0,0.5454545454545454,0,-0.4447075023546392
S-009,S-009,Estádio Nacional,Brasília,Brazil,WC-2014,2014,2007,2013,70000,Multi-purpose,New,in use,NA,NA,https://en.wikipedia.org/wiki/Estádio_Nacional_Mané_Garrincha,BRA,7409.69130673473,NA,1049.471,0.9584168865435356,0.6705572144776816,2007,0,1,12,13,Point(-47.899164 -15.7835),-47.899164,-15.7835,-48.0784602604988,-15.8343809865553,12.44117220978767,11.156264806643742,8.910679007694915,6.956993914002053,2.5983225492818898,1,0,FALSE,recent,Americas,0.6057692307692307,-0.33932007998871866,train,0.11972894294163364,0.8181818181818182,0,11.156264806643742,0,8.910679007694915,0,6.956993914002053,0,2.5983225492818898,0,1,0,12,0,13,0,0.6057692307692307,0,-0.33932007998871866,0,0.9584168865435356,0,0.6705572144776816,0,0.8181818181818182,0,0.11972894294163364
S-010,S-010,Arena Pantanal,Cuiabá,Brazil,WC-2014,2014,2007,2014,41000,Multi-purpose,New,in use,NA,NA,https://en.wikipedia.org/wiki/Arena_Pantanal,BRA,7409.69130673473,NA,662.01,0.929604221635884,0.3217807346500832,2007,0,0,12,12,Point(-56.1216 -15.604),-56.1216,-15.604,-56.0911002803774,-15.6141298239977,2.149309623546323,10.62135173563291,8.910679007694915,6.496790073028375,1.1471832616887656,1,0,FALSE,recent,Americas,0.6057692307692307,-0.33932007998871866,train,-0.4865176094136224,0.3636363636363637,0,10.62135173563291,0,8.910679007694915,0,6.496790073028375,0,1.1471832616887656,0,0,0,12,0,12,0,0.6057692307692307,0,-0.33932007998871866,0,0.929604221635884,0,0.3217807346500832,0,0.3636363636363637,0,-0.4865176094136224
S-011,S-011,Arena da Baixada,Curitiba,Brazil,WC-2014,2014,2007,1999,40000,Single-purpose,Existing,in use,NA,NA,https://en.wikipedia.org/wiki/Arena_da_Baixada,BRA,7409.69130673473,NA,2267.047,0.9808970976253298,1.7665691258766816,2007,0,15,12,27,Point(-49.276944 -25.448333),-49.276944,-25.448333,-49.2553428080241,-25.4581368087922,1.5099869799469292,10.59665973278358,8.910679007694915,7.726674387736979,0.9202775658580988,0,1,FALSE,recent,Americas,0.6057692307692307,-0.33932007998871866,train,-0.507422662943114,0.2727272727272727,0,10.59665973278358,0,8.910679007694915,0,7.726674387736979,0,0.9202775658580988,0,15,0,12,0,27,0,0.6057692307692307,0,-0.33932007998871866,0,0.9808970976253298,0,1.7665691258766816,0,0.2727272727272727,0,-0.507422662943114
S-012,S-012,Estádio Vila Capanema,Curitiba,Brazil,WC-1950,1950,1946,1947,10000,Single-purpose,New,in use,NA,NA,https://en.wikipedia.org/wiki/Estádio_Vila_Capanema,BRA,NA,NA,703.372,0.947229085774797,0.639290050829499,1975,29,3,76,79,Point(-49.255833 -25.439444),-49.255833,-25.439444,-49.2553428080241,-25.4581368087922,1.2933607853221736,9.210440366976515,NA,6.557306625690028,0.8300183335494696,1,1,FALSE,postwar,Americas,NA,NA,train,-0.8270325619731963,0.1111111111111111,0,9.210440366976515,1,8.956551223174765,0,6.557306625690028,0,0.8300183335494696,0,3,0,76,0,79,1,0.8181818181818182,1,0.597271311946225,0,0.947229085774797,0,0.639290050829499,0,0.1111111111111111,0,-0.8270325619731963
S-013,S-013,Estádio Castelão,Fortaleza,Brazil,WC-2014,2014,2007,1973,63000,Single-purpose,Existing,in use,NA,NA,https://en.wikipedia.org/wiki/Castelão_(Ceará),BRA,7409.69130673473,NA,2834.858,0.9860686015831136,2.2776892690327375,2007,0,41,12,53,Point(-38.522481 -3.807267),-38.522481,-3.807267,-38.5599910685237,-3.77702211074443,3.3285536629347545,11.050905878263569,8.910679007694915,7.950099815876586,1.4652334591790883,0,1,FALSE,recent,Americas,0.6057692307692307,-0.33932007998871866,test,-0.02660643176480746,0.7272727272727273,0,11.050905878263569,0,8.910679007694915,0,7.950099815876586,0,1.4652334591790883,0,41,0,12,0,53,0,0.6057692307692307,0,-0.33932007998871866,0,0.9860686015831136,0,2.2776892690327375,0,0.7272727272727273,0,-0.02660643176480746
S-014,S-014,Arena da Amazônia,Manaus,Brazil,WC-2014,2014,2007,2014,41000,Single-purpose,New,in use,NA,NA,https://en.wikipedia.org/wiki/Arena_da_Amazônia,BRA,7409.69130673473,NA,1619.93,0.9720316622691292,1.1840609784848255,2007,0,0,12,12,Point(-60.028056 -3.083056),-60.028056,-3.083056,-60.0013115668828,-3.0582326111379,2.5220480228033204,10.62135173563291,8.910679007694915,7.39075533758302,1.2590426450756969,1,1,FALSE,recent,Americas,0.6057692307692307,-0.33932007998871866,test,-0.4865176094136224,0.3636363636363637,0,10.62135173563291,0,8.910679007694915,0,7.39075533758302,0,1.2590426450756969,0,0,0,12,0,12,0,0.6057692307692307,0,-0.33932007998871866,0,0.9720316622691292,0,1.1840609784848255,0,0.3636363636363637,0,-0.4865176094136224
S-015,S-015,Arena das Dunas,Natal,Brazil,WC-2014,2014,2007,2014,40000,Single-purpose,New,in use,NA,NA,https://en.wikipedia.org/wiki/Arena_das_Dunas,BRA,7409.69130673473,NA,874.833,0.9477572559366756,0.5133552589669795,2007,0,0,12,12,Point(-35.21236 -5.82681),-35.21236,-5.82681,-35.2362741620568,-5.79950641457768,2.5050048482061498,10.59665973278358,8.910679007694915,6.775175433493009,1.2541919037113172,1,1,FALSE,recent,Americas,0.6057692307692307,-0.33932007998871866,train,-0.507422662943114,0.2727272727272727,0,10.59665973278358,0,8.910679007694915,0,6.775175433493009,0,1.2541919037113172,0,0,0,12,0,12,0,0.6057692307692307,0,-0.33932007998871866,0,0.9477572559366756,0,0.5133552589669795,0,0.2727272727272727,0,-0.507422662943114
S-016,S-016,Estádio Beira-Rio,Porto Alegre,Brazil,WC-2014,2014,2007,1969,43000,Single-purpose,Existing,in use,NA,NA,https://en.wikipedia.org/wiki/Estádio_Beira-Rio,BRA,7409.69130673473,NA,1706.867,0.9741424802110816,1.262318095528275,2007,0,45,12,57,Point(-51.236086 -30.065614),-51.236086,-30.065614,-51.1532096534832,-30.0532283902741,5.035050742566972,10.66897865021924,8.910679007694915,7.44300050246412,1.797584262561699,0,1,FALSE,recent,Americas,0.6057692307692307,-0.33932007998871866,test,-0.4447075023546392,0.5454545454545454,0,10.66897865021924,0,8.910679007694915,0,7.44300050246412,0,1.797584262561699,0,45,0,12,0,57,0,0.6057692307692307,0,-0.33932007998871866,0,0.9741424802110816,0,1.262318095528275,0,0.5454545454545454,0,-0.4447075023546392
S-017,S-017,Estádio dos Eucaliptos,Porto Alegre,Brazil,WC-1950,1950,1946,1931,20000,Single-purpose,Existing,not in use,demolished 2012,abandoned before demolition,https://en.wikipedia.org/wiki/Estádio_dos_Eucaliptos,BRA,NA,NA,797.254,0.9546417225555948,0.7669762192277079,1975,29,19,76,95,Point(-51.227222 -30.061667),-51.227222,-30.061667,-51.1532096534832,-30.0532283902741,4.4693292518120336,9.90353755128617,NA,6.682426842543815,1.6991559858459686,0,1,TRUE,postwar,Americas,NA,NA,train,-0.6506512098936047,0.2222222222222222,0,9.90353755128617,1,8.956551223174765,0,6.682426842543815,0,1.6991559858459686,0,19,0,76,0,95,1,0.8181818181818182,1,0.597271311946225,0,0.9546417225555948,0,0.7669762192277079,0,0.2222222222222222,0,-0.6506512098936047
S-018,S-018,Arena Pernambuco,Recife,Brazil,WC-2014,2014,2007,2013,43000,Multi-purpose,New,in use,NA,NA,https://en.wikipedia.org/wiki/Arena_Pernambuco,BRA,7409.69130673473,NA,3176.707,0.9883905013192612,2.5854076996685555,2007,0,1,12,13,Point(-35.008333333 -8.040555555),-35.008333333,-8.040555555,-34.9207751899257,-8.04622135042311,6.009686345168424,10.66897865021924,8.910679007694915,8.063915146496411,1.9472929561322536,1,0,FALSE,recent,Americas,0.6057692307692307,-0.33932007998871866,train,-0.4447075023546392,0.5454545454545454,0,10.66897865021924,0,8.910679007694915,0,8.063915146496411,0,1.9472929561322536,0,1,0,12,0,13,0,0.6057692307692307,0,-0.33932007998871866,0,0.9883905013192612,0,2.5854076996685555,0,0.5454545454545454,0,-0.4447075023546392
S-019,S-019,Estádio Ilha do Retiro,Recife,Brazil,WC-1950,1950,1946,1937,30000,Single-purpose,Existing,in use,NA,NA,https://en.wikipedia.org/wiki/Estádio_Ilha_do_Retiro,BRA,NA,NA,1793.038,0.9846452523826332,2.121312977203059,1975,29,13,76,89,Point(-34.902888888 -8.062888888),-34.902888888,-8.062888888,-34.9207751899257,-8.04622135042311,1.682212578326833,10.308985993422082,NA,7.492224224111246,0.986642042839606,0,1,FALSE,postwar,Americas,NA,NA,train,-0.47426985781401304,0.3333333333333333,0,10.308985993422082,1,8.956551223174765,0,7.492224224111246,0,0.986642042839606,0,13,0,76,0,89,1,0.8181818181818182,1,0.597271311946225,0,0.9846452523826332,0,2.121312977203059,0,0.3333333333333333,0,-0.47426985781401304
S-020,S-020,Estádio do Maracanã,Rio de Janeiro,Brazil,WC-1950,1950,1946,1950,200000,Single-purpose,New,in use,NA,NA,https://en.wikipedia.org/wiki/Maracanã_Stadium,BRA,NA,NA,5880.669,0.9964701729615248,7.68078060907859,1975,29,0,76,76,Point(-43.230277777 -22.912222222),-43.230277777,-22.912222222,-43.3666524274637,-22.8458452131082,9.829268980200304,12.206077645517674,NA,8.679595844154132,2.38225255921488,1,1,FALSE,postwar,Americas,NA,NA,train,2.5242131275390447,1,0,12.206077645517674,1,8.956551223174765,0,8.679595844154132,0,2.38225255921488,0,0,0,76,0,76,1,0.8181818181818182,1,0.597271311946225,0,0.9964701729615248,0,7.68078060907859,0,1,0,2.5242131275390447
S-020,S-020,Estádio do Maracanã,Rio de Janeiro,Brazil,WC-2014,2014,2007,1950,200000,Single-purpose,Existing,in use,NA,NA,https://en.wikipedia.org/wiki/Maracanã_Stadium,BRA,7409.69130673473,NA,8819.242,0.9967282321899736,7.664585977234602,2007,0,64,12,76,Point(-43.230277777 -22.912222222),-43.230277777,-22.912222222,-43.3666524274637,-22.8458452131082,9.829268980200304,12.206077645517674,8.910679007694915,9.084804586266156,2.38225255921488,0,1,FALSE,recent,Americas,0.6057692307692307,-0.33932007998871866,train,2.8373859017755403,1,0,12.206077645517674,0,8.910679007694915,0,9.084804586266156,0,2.38225255921488,0,64,0,12,0,76,0,0.6057692307692307,0,-0.33932007998871866,0,0.9967282321899736,0,7.664585977234602,0,1,0,2.8373859017755403
S-021,S-021,Arena Fonte Nova,Salvador,Brazil,WC-2014,2014,2007,2013,52000,Single-purpose,New,in use,NA,NA,https://en.wikipedia.org/wiki/Arena_Fonte_Nova,BRA,7409.69130673473,NA,2776.686,0.9855408970976254,2.2253252236590586,2007,0,1,12,13,Point(-38.504252777 -12.978819444),-38.504252777,-12.978819444,-38.4513681656682,-12.9366878889254,4.604531050408771,10.859018228147889,8.910679007694915,7.929373485968286,1.72357538672752,1,1,FALSE,recent,Americas,0.6057692307692307,-0.33932007998871866,train,-0.2565620205892149,0.6363636363636364,0,10.859018228147889,0,8.910679007694915,0,7.929373485968286,0,1.72357538672752,0,1,0,12,0,13,0,0.6057692307692307,0,-0.33932007998871866,0,0.9855408970976254,0,2.2253252236590586,0,0.6363636363636364,0,-0.2565620205892149
S-022,S-022,Arena Corinthians,São Paulo,Brazil,WC-2014,2014,2007,2014,63000,Single-purpose,New,in use,NA,NA,https://en.wikipedia.org/wiki/Arena_Corinthians,BRA,7409.69130673473,NA,17722.396,0.9986279683377308,15.6788395704556,2007,0,0,12,12,Point(-46.474 -23.545555555),-46.474,-23.545555555,-46.5998582137567,-23.5767447751221,8.2664461149112185,11.050905878263569,8.910679007694915,9.7826408536525,2.226399931196095,1,1,FALSE,recent,Americas,0.6057692307692307,-0.33932007998871866,test,-0.02660643176480746,0.7272727272727273,0,11.050905878263569,0,8.910679007694915,0,9.7826408536525,0,2.226399931196095,0,0,0,12,0,12,0,0.6057692307692307,0,-0.33932007998871866,0,0.9986279683377308,0,15.6788395704556,0,0.7272727272727273,0,-0.02660643176480746
S-023,S-023,Estádio do Pacaembu,São Paulo,Brazil,WC-1950,1950,1946,1940,60000,Single-purpose,Existing,in use,NA,NA,https://en.wikipedia.org/wiki/Pacaembu_Stadium,BRA,NA,NA,10536.121,0.9989410518884576,14.012525012071473,1975,29,10,76,86,Point(-46.665111 -23.548639),-46.665111,-23.548639,-46.5998582137567,-23.5767447751221,4.571267957203491,11.002116507732016,NA,9.262659634878,1.7176226684645477,0,1,FALSE,postwar,Americas,NA,NA,train,0.05487419842476181,0.7777777777777778,0,11.002116507732016,1,8.956551223174765,0,9.262659634878,0,1.7176226684645477,0,10,0,76,0,86,1,0.8181818181818182,1,0.597271311946225,0,0.9989410518884576,0,14.012525012071473,0,0.7777777777777778,0,0.05487419842476181
S-024,S-024,Commonwealth Stadium,Edmonton,Canada,WC-2015,2015,2011,1978,56000,Multi-purpose,Existing,in use,NA,NA,https://en.wikipedia.org/wiki/Commonwealth_Stadium_(Edmonton),CAN,52224.1237767406,NA,681.347,0.9317375886524822,0.3242530353276333,2011,0,37,11,48,Point(-113.476111111 53.559722222),-113.476111111,53.559722222,-113.526776631936,53.5580409008345,2.08495354103813,10.933124826700707,10.863318956488795,6.525538326103783,1.1265365976128776,0,0,FALSE,recent,Americas,0.919431279620853,1.2876490732343835,test,0.8409386505740855,1,0,10.933124826700707,0,10.863318956488795,0,6.525538326103783,0,1.1265365976128776,0,37,0,11,0,48,0,0.919431279620853,0,1.2876490732343835,0,0.9317375886524822,0,0.3242530353276333,0,1,0,0.8409386505740855
S-025,S-025,Moncton Stadium,Moncton,Canada,WC-2015,2015,2011,2010,13000,Multi-purpose,Existing,in use,NA,NA,https://en.wikipedia.org/wiki/Moncton_Stadium,CAN,52224.1237767406,NA,NA,NA,NA,NA,NA,5,11,16,Point(-64.7833 46.1083),-64.7833,46.1083,NA,NA,NA,9.472781556562168,10.863318956488795,NA,NA,0,0,FALSE,recent,Americas,0.919431279620853,1.2876490732343835,train,-1.2861414655838954,0.25,0,9.472781556562168,0,10.863318956488795,1,6.947718727117041,1,1.4190933953218807,0,5,0,11,0,16,0,0.919431279620853,0,1.2876490732343835,1,0.9608729538038422,1,0.7243927925395678,0,0.25,0,-1.2861414655838954
S-026,S-026,Olympic Stadium,Montreal,Canada,WC-2015,2015,2011,1976,56000,Multi-purpose,Existing,in use,NA,NA,https://en.wikipedia.org/wiki/Olympic_Stadium_(Montreal),CAN,52224.1237767406,NA,2429.778,0.9815799842395588,1.841113863722651,2011,0,39,11,50,Point(-73.55164 45.55781),-73.55164,45.55781,-73.6660077343496,45.5363747662468,5.735168304665074,10.933124826700707,10.863318956488795,7.795966649701896,1.9073427991068976,0,0,FALSE,recent,Americas,0.919431279620853,1.2876490732343835,train,0.8409386505740855,1,0,10.933124826700707,0,10.863318956488795,0,7.795966649701896,0,1.9073427991068976,0,39,0,11,0,50,0,0.919431279620853,0,1.2876490732343835,0,0.9815799842395588,0,1.841113863722651,0,1,0,0.8409386505740855
S-027,S-027,TD Place Stadium,Ottawa,Canada,WC-2015,2015,2011,1908,24000,Multi-purpose,Existing,in use,NA,NA,https://en.wikipedia.org/wiki/TD_Place_Stadium,CAN,52224.1237767406,NA,525.176,0.9086879432624112,0.1887660344501161,2011,0,107,11,118,Point(-75.68365 45.398177777),-75.68365,45.398177777,-75.7077321725072,45.3955477032064,1.1837641867607285,10.085850775128716,10.863318956488795,6.265635757531816,0.7810500789582399,0,0,FALSE,recent,Americas,0.919431279620853,1.2876490732343835,test,-0.7420046916830165,0.25,0,10.085850775128716,0,10.863318956488795,0,6.265635757531816,0,0.7810500789582399,0,107,0,11,0,118,0,0.919431279620853,0,1.2876490732343835,0,0.9086879432624112,0,0.1887660344501161,0,0.25,0,-0.7420046916830165
S-028,S-028,BC Place,Vancouver,Canada,WC-2015,2015,2011,1983,54000,Multi-purpose,Existing,in use,NA,NA,https://en.wikipedia.org/wiki/BC_Place,CAN,52224.1237767406,NA,1447.119,0.9692671394799054,0.9886027009888516,2011,0,32,11,43,Point(-123.111944444 49.276666666),-123.111944444,49.276666666,-123.041037806083,49.2459167118132,3.84311440950632,10.896757843893464,10.863318956488795,7.278020751889322,1.5775579868270293,0,0,FALSE,recent,Americas,0.919431279620853,1.2876490732343835,train,0.7420046916830165,0.75,0,10.896757843893464,0,10.863318956488795,0,7.278020751889322,0,1.5775579868270293,0,32,0,11,0,43,0,0.919431279620853,0,1.2876490732343835,0,0.9692671394799054,0,0.9886027009888516,0,0.75,0,0.7420046916830165
S-029,S-029,Investors Group Field,Winnipeg,Canada,WC-2015,2015,2011,2013,33000,Multi-purpose,New,in use,NA,NA,https://en.wikipedia.org/wiki/Investors_Group_Field,CAN,52224.1237767406,NA,558.191,0.9144011032308904,0.21740837735610524,2011,0,2,11,13,Point(-97.143056 49.807778),-97.143056,49.807778,-97.1474722573086,49.891838473895,5.817873587407796,10.404293143019792,10.863318956488795,6.326491096369483,1.919547632535875,1,0,FALSE,recent,Americas,0.919431279620853,1.2876490732343835,train,-0.2968018766732066,0.5,0,10.404293143019792,0,10.863318956488795,0,6.326491096369483,0,1.919547632535875,0,2,0,11,0,13,0,0.919431279620853,0,1.2876490732343835,0,0.9144011032308904,0,0.21740837735610524,0,0.5,0,-0.2968018766732066
S-030,S-030,Estadio Carlos Dittborn,Arica,Chile,WC-1962,1962,1956,1962,18000,Multi-purpose,New,in use,NA,NA,https://en.wikipedia.org/wiki/Estadio_Carlos_Dittborn,CHL,NA,NA,76.752,0.3743381574302859,-0.21295752422946412,1975,19,0,64,64,Point(-70.299166666 -18.4875),-70.299166666,-18.4875,-70.2966028045551,-18.4729862846676,1.0179193907855382,9.798182590890704,NA,4.3535242742011695,0.7020669760322714,1,0,FALSE,postwar,Americas,NA,NA,train,-0.5773502691896258,0.6666666666666666,0,9.798182590890704,1,8.956551223174765,0,4.3535242742011695,0,0.7020669760322714,0,0,0,64,0,64,1,0.8181818181818182,1,0.597271311946225,0,0.3743381574302859,0,-0.21295752422946412,0,0.6666666666666666,0,-0.5773502691896258
S-031,S-031,Estadio El Teniente,Rancagua,Chile,WC-1962,1962,1956,1947,18000,Multi-purpose,Existing,in use,NA,NA,https://en.wikipedia.org/wiki/Estadio_El_Teniente,CHL,NA,NA,88.323,0.468937522061419,-0.19722014481130443,1975,19,15,64,79,Point(-70.7375 -34.177777777),-70.7375,-34.177777777,-70.7343493500825,-34.1681513995251,0.6898454357895143,9.798182590890704,NA,4.492259013510475,0.5246370666397204,0,0,FALSE,postwar,Americas,NA,NA,train,-0.5773502691896258,0.6666666666666666,0,9.798182590890704,1,8.956551223174765,0,4.492259013510475,0,0.5246370666397204,0,15,0,64,0,79,1,0.8181818181818182,1,0.597271311946225,0,0.468937522061419,0,-0.19722014481130443,0,0.6666666666666666,0,-0.5773502691896258
S-032,S-032,Estadio Nacional,Santiago,Chile,WC-1962,1962,1956,1938,67000,Single-purpose,Existing,in use,NA,NA,https://en.wikipedia.org/wiki/Estadio_Nacional_Julio_Mart%C3%ADnez_Prádanos,CHL,NA,NA,2834.965,0.9917049064595836,3.5384074828659173,1975,19,24,64,88,Point(-70.610555555 -33.464444444),-70.610555555,-33.464444444,-70.6533926759612,-33.491535748246,3.1016005127333433,11.112462823634855,NA,7.950137546250052,1.4113772664954751,0,1,FALSE,postwar,Americas,NA,NA,train,1.1547005383792517,1,0,11.112462823634855,1,8.956551223174765,0,7.950137546250052,0,1.4113772664954751,0,24,0,64,0,88,1,0.8181818181818182,1,0.597271311946225,0,0.9917049064595836,0,3.5384074828659173,0,1,0,1.1547005383792517
S-033,S-033,Estadio Sausalito,Viña del Mar,Chile,WC-1962,1962,1956,1929,18000,Multi-purpose,Existing,in use,NA,NA,https://en.wikipedia.org/wiki/Estadio_Sausalito,CHL,NA,NA,556.334,0.935051182492058,0.4393079581074029,1975,19,33,64,97,Point(-71.535 -33.014444444),-71.535,-33.014444444,-71.5182763880219,-33.0396588716129,1.9956303369502284,9.798182590890704,NA,6.3231647011480705,1.097154672511721,0,0,FALSE,postwar,Americas,NA,NA,test,-0.5773502691896258,0.6666666666666666,0,9.798182590890704,1,8.956551223174765,0,6.3231647011480705,0,1.097154672511721,0,33,0,64,0,97,1,0.8181818181818182,1,0.597271311946225,0,0.935051182492058,0,0.4393079581074029,0,0.6666666666666666,0,-0.5773502691896258
S-034,S-034,Chengdu Sports Center,Chengdu,China,WC-2007,2007,2003,1991,40000,Multi-purpose,Existing,in use,NA,NA,https://en.wikipedia.org/wiki/Chengdu_Sports_Centre,CHN,1306.97245408557,NA,6004.029,0.995240253853128,5.332482025106226,2003,0,16,19,35,Point(104.06472222 30.66555556),104.06472222,30.66555556,104.046029731707,30.6722990667209,1.2059870198584892,10.59665973278358,7.176233472227781,8.700352563811332,0.7911750367969959,0,0,FALSE,recent,Asia,0.3671497584541063,-0.549032178566458,train,-0.9329187948570408,0.3333333333333333,0,10.59665973278358,0,7.176233472227781,0,8.700352563811332,0,0.7911750367969959,0,16,0,19,0,35,0,0.3671497584541063,0,-0.549032178566458,0,0.995240253853128,0,5.332482025106226,0,0.3333333333333333,0,-0.9329187948570408
S-035,S-035,New Plaza Stadium,Foshan,China,WC-1991,1991,1988,1991,14000,Multi-purpose,New,not in use,demolished 2007,urban redevelopment,https://en.wikipedia.org/wiki/New_Plaza_Stadium,CHN,284.023573149686,NA,3580,0.9928772814957708,3.7244334793328626,1988,0,0,35,35,Point(113.113 23.0312),113.113,23.0312,113.285893378223,23.142319499894,13.420470664809104,9.546884034617923,5.652571889654051,8.183397369998433,2.6686487710473776,1,0,FALSE,postwar,Asia,0.09142857142857144,-0.6027931564082946,test,-1.7668438972527765,0,0,9.546884034617923,0,5.652571889654051,0,8.183397369998433,0,2.6686487710473776,0,0,0,35,0,35,0,0.09142857142857144,0,-0.6027931564082946,0,0.9928772814957708,0,3.7244334793328626,0,0,0,-1.7668438972527765
S-037,S-037,Guangdong Provincial Stadium,Guangzhou,China,WC-1991,1991,1988,1932,25000,Multi-purpose,Existing,in use,NA,NA,https://en.wikipedia.org/wiki/Guangdong_Provincial_People's_Stadium,CHN,284.023573149686,NA,3580,0.9928772814957708,3.7244334793328626,1988,0,59,35,94,Point(113.278672 23.12711),113.278672,23.12711,113.285893378223,23.142319499894,1.1479603058414616,10.12667110305036,5.652571889654051,8.183397369998433,0.7645186968862324,0,0,FALSE,postwar,Asia,0.09142857142857144,-0.6027931564082946,train,-1.2869603696038745,0.25,0,10.12667110305036,0,5.652571889654051,0,8.183397369998433,0,0.7645186968862324,0,59,0,35,0,94,0,0.09142857142857144,0,-0.6027931564082946,0,0.9928772814957708,0,3.7244334793328626,0,0.25,0,-1.2869603696038745
S-039,S-039,Tianhe Stadium,Guangzhou,China,WC-1991,1991,1988,1987,60000,Multi-purpose,Existing,in use,NA,NA,https://en.wikipedia.org/wiki/Tianhe_Stadium,CHN,284.023573149686,NA,3580,0.9928772814957708,3.7244334793328626,1988,0,4,35,39,Point(113.31934 23.14052),113.31934,23.14052,113.285893378223,23.142319499894,2.131018831099434,11.002116507732016,5.652571889654051,8.183397369998433,1.141358456730345,0,0,FALSE,postwar,Asia,0.09142857142857144,-0.6027931564082946,train,0.23994176382445112,0.5,0,11.002116507732016,0,5.652571889654051,0,8.183397369998433,0,1.141358456730345,0,4,0,35,0,39,0,0.09142857142857144,0,-0.6027931564082946,0,0.9928772814957708,0,3.7244334793328626,0,0.5,0,0.23994176382445112
S-040,S-040,Ying Tung Stadium,Guangzhou,China,WC-1991,1991,1988,1988,15000,Multi-purpose,Existing,in use,NA,NA,https://en.wikipedia.org/wiki/Henry_Fok_Stadium,CHN,284.023573149686,NA,3580,0.9928772814957708,3.7244334793328626,1988,0,3,35,38,Point(113.352264 22.945908),113.352264,22.945908,113.285893378223,23.142319499894,14.22762543063371,9.61587214452889,5.652571889654051,8.183397369998433,2.7231112408072824,0,0,FALSE,postwar,Asia,0.09142857142857144,-0.6027931564082946,train,-1.7232181220119671,0.125,0,9.61587214452889,0,5.652571889654051,0,8.183397369998433,0,2.7231112408072824,0,3,0,35,0,38,0,0.09142857142857144,0,-0.6027931564082946,0,0.9928772814957708,0,3.7244334793328626,0,0.125,0,-1.7232181220119671
S-041,S-041,Yellow Dragon Sports Center,Hangzhou,China,WC-2007,2007,2003,2000,51000,Multi-purpose,Existing,in use,NA,NA,https://en.wikipedia.org/wiki/Yellow_Dragon_Sports_Center,CHN,1306.97245408557,NA,5459.276,0.9946736174070716,4.8230812443565325,2003,0,7,19,26,Point(120.129 30.2683),120.129,30.2683,120.251210061553,30.2812755535444,7.355450773832659,10.839600519357369,7.176233472227781,8.60525461691192,2.1229141131751716,0,0,FALSE,recent,Asia,0.3671497584541063,-0.549032178566458,test,-0.1999111703265087,0.3333333333333333,0,10.839600519357369,0,7.176233472227781,0,8.60525461691192,0,2.1229141131751716,0,7,0,19,0,26,0,0.3671497584541063,0,-0.549032178566458,0,0.9946736174070716,0,4.8230812443565325,0,0.3333333333333333,0,-0.1999111703265087
S-042,S-042,Jiangmen Stadium,Jiangmen,China,WC-1991,1991,1988,NA,13000,Multi-purpose,Existing,in use,NA,NA,https://en.wikipedia.org/wiki/Jiangmen_Stadium,CHN,284.023573149686,NA,3580,0.9928772814957708,3.7244334793328626,1988,0,NA,35,NA,Point(113.08382 22.588694),113.08382,22.588694,113.285893378223,23.142319499894,40.402501725331255,9.472781556562168,5.652571889654051,8.183397369998433,3.72334130715366,0,0,FALSE,postwar,Asia,0.09142857142857144,-0.6027931564082946,test,-1.8104696724935856,0,0,9.472781556562168,0,5.652571889654051,0,8.183397369998433,0,3.72334130715366,1,15,0,35,1,63,0,0.09142857142857144,0,-0.6027931564082946,0,0.9928772814957708,0,3.7244334793328626,0,0,0,-1.8104696724935856
S-043,S-043,Hongkou Football Stadium,Shanghai,China,WC-2007,2007,2003,1999,33000,Single-purpose,Existing,in use,NA,NA,https://en.wikipedia.org/wiki/Hongkou_Football_Stadium,CHN,1306.97245408557,NA,15880.487,0.9984134179510428,14.567998701914902,2003,0,8,19,27,Point(121.4762 31.2733),121.4762,31.2733,121.436920949501,31.2147761687116,4.667270513014489,10.404293143019792,7.176233472227781,9.672909370215685,1.7347076108310775,0,1,FALSE,recent,Asia,0.3671497584541063,-0.549032178566458,train,-1.399378192285561,0.16666666666666666,0,10.404293143019792,0,7.176233472227781,0,9.672909370215685,0,1.7347076108310775,0,8,0,19,0,27,0,0.3671497584541063,0,-0.549032178566458,0,0.9984134179510428,0,14.567998701914902,0,0.16666666666666666,0,-1.399378192285561
S-044,S-044,Tianjin Olympic Center,Tianjin,China,WC-2007,2007,2003,2007,60000,Multi-purpose,New,in use,NA,NA,https://en.wikipedia.org/wiki/Tianjin_Olympic_Center,CHN,1306.97245408557,NA,4720.436,0.993993653671804,4.132188908106702,2003,0,0,19,19,Point(117.169389 39.073444),117.169389,39.073444,117.194186505366,39.1326804781437,4.3082198729030425,11.002116507732016,7.176233472227781,8.459868269596958,1.6692565385402849,1,0,FALSE,recent,Asia,0.3671497584541063,-0.549032178566458,test,0.3998223406530174,0.6666666666666666,0,11.002116507732016,0,7.176233472227781,0,8.459868269596958,0,1.6692565385402849,0,0,0,19,0,19,0,0.3671497584541063,0,-0.549032178566458,0,0.993993653671804,0,4.132188908106702,0,0.6666666666666666,0,0.3998223406530174
S-045,S-045,Wuhan Sports Center,Wuhan,China,WC-2007,2007,2003,2002,60000,Multi-purpose,Existing,in use,NA,NA,https://en.wikipedia.org/wiki/Wuhan_Sports_Center,CHN,1306.97245408557,NA,5973.493,0.9950135992747052,5.303927685357803,2003,0,5,19,24,Point(114.166253 30.502313),114.166253,30.502313,114.29680212821,30.566050128464,8.940557818057027,11.002116507732016,7.176233472227781,8.69525451964296,2.296623137610701,0,0,FALSE,recent,Asia,0.3671497584541063,-0.549032178566458,train,0.3998223406530174,0.6666666666666666,0,11.002116507732016,0,7.176233472227781,0,8.69525451964296,0,2.296623137610701,0,5,0,19,0,24,0,0.3671497584541063,0,-0.549032178566458,0,0.9950135992747052,0,5.303927685357803,0,0.6666666666666666,0,0.3998223406530174
S-046,S-046,Zhongshan Stadium,Zhongshan,China,WC-1991,1991,1988,1991,12000,Multi-purpose,New,in use,NA,NA,https://en.wikipedia.org/wiki/Zhongshan_Sports_Center_Stadium,CHN,284.023573149686,NA,210.114,0.7790473364000594,-0.06725879216998318,1988,0,0,35,35,Point(113.389 22.5072),113.389,22.5072,111.299427559779,24.5309740415559,192.7622933071011,9.39274525863144,5.652571889654051,5.352398271935211,5.266632115547607,1,0,FALSE,postwar,Asia,0.09142857142857144,-0.6027931564082946,test,-1.8540954477343952,0,0,9.39274525863144,0,5.652571889654051,0,5.352398271935211,0,5.266632115547607,0,0,0,35,0,35,0,0.09142857142857144,0,-0.6027931564082946,0,0.7790473364000594,0,-0.06725879216998318,0,0,0,-1.8540954477343952
S-047,S-047,Villa Park,Birmingham,England,WC-1966,1966,1960,1897,52000,Single-purpose,Existing,in use,NA,NA,https://en.wikipedia.org/wiki/Villa_Park,GBR,1397.5948032844,NA,2250.104,0.9892340275326508,2.742955105034759,1975,15,69,60,129,Point(-1.884722222 52.509166666),-1.884722222,52.509166666,-1.96039982513583,52.5046010416867,3.2017897420630064,10.859018228147889,7.243223299607494,7.719176041527605,1.435510563584739,0,1,FALSE,postwar,Europe,0.8909090909090909,1.457873722107937,train,-0.34537710790625126,0.5714285714285714,0,10.859018228147889,0,7.243223299607494,0,7.719176041527605,0,1.435510563584739,0,69,0,60,0,129,0,0.8909090909090909,0,1.457873722107937,0,0.9892340275326508,0,2.742955105034759,0,0.5714285714285714,0,-0.34537710790625126
S-048,S-048,Goodison Park,Liverpool,England,WC-1966,1966,1960,1892,50000,Single-purpose,Existing,in use,NA,NA,https://en.wikipedia.org/wiki/Goodison_Park,GBR,1397.5948032844,NA,1410.598,0.9779385810095306,1.601167494126314,1975,15,74,60,134,Point(-2.966388888 53.438888888),-2.966388888,53.438888888,-2.92664752038951,53.4212433405949,2.0426098803908688,10.819798284210286,7.243223299607494,7.252477674968148,1.112715660392854,0,1,FALSE,postwar,Europe,0.8909090909090909,1.457873722107937,train,-0.4383632523425497,0.42857142857142855,0,10.819798284210286,0,7.243223299607494,0,7.252477674968148,0,1.112715660392854,0,74,0,60,0,134,0,0.8909090909090909,0,1.457873722107937,0,0.9779385810095306,0,1.601167494126314,0,0.42857142857142855,0,-0.4383632523425497
S-049,S-049,Wembley Stadium,London,England,WC-1966,1966,1960,1923,99000,Single-purpose,Existing,in use,rebuilt 2007,NA,https://en.wikipedia.org/wiki/Wembley_Stadium_(1923),GBR,1397.5948032844,NA,7369.842,0.9968231556653724,9.706161347154746,1975,15,43,60,103,Point(-0.279722222 51.555555555),-0.279722222,51.555555555,-0.1269853785119,51.508926472857,7.320966625103127,11.502885230075814,7.243223299607494,8.905287225604779,2.1187784289864573,0,1,FALSE,postwar,Europe,0.8909090909090909,1.457873722107937,train,1.8397972863467615,1,0,11.502885230075814,0,7.243223299607494,0,8.905287225604779,0,2.1187784289864573,0,43,0,60,0,103,0,0.8909090909090909,0,1.457873722107937,0,0.9968231556653724,0,9.706161347154746,0,1,0,1.8397972863467615
S-050,S-050,White City Stadium,London,England,WC-1966,1966,1960,1908,77000,Multi-purpose,Existing,not in use,demolished 1985,urban redevelopment,https://en.wikipedia.org/wiki/White_City_Stadium,GBR,1397.5948032844,NA,7369.842,0.9968231556653724,9.706161347154746,1975,15,58,60,118,Point(-0.2274 51.513619444),-0.2274,51.513619444,-0.1269853785119,51.508926472857,4.334944550247499,11.251573687764475,7.243223299607494,8.905287225604779,1.674278491119103,0,0,FALSE,postwar,Europe,0.8909090909090909,1.457873722107937,train,0.816949697547479,0.8571428571428571,0,11.251573687764475,0,7.243223299607494,0,8.905287225604779,0,1.674278491119103,0,58,0,60,0,118,0,0.8909090909090909,0,1.457873722107937,0,0.9968231556653724,0,9.706161347154746,0,0.8571428571428571,0,0.816949697547479
S-051,S-051,Old Trafford,Manchester,England,WC-1966,1966,1960,1910,58000,Single-purpose,Existing,in use,NA,NA,https://en.wikipedia.org/wiki/Old_Trafford,GBR,1397.5948032844,NA,2174.141,0.9887045534768796,2.639640045598093,1975,15,56,60,116,Point(-2.291388888 53.463055555),-2.291388888,53.463055555,-2.25536904358391,53.4938305721117,2.5942473259075456,10.968215530759236,7.243223299607494,7.6848487690077745,1.2793346023285084,0,1,FALSE,postwar,Europe,0.8909090909090909,1.457873722107937,train,-0.06641867459735597,0.7142857142857143,0,10.968215530759236,0,7.243223299607494,0,7.6848487690077745,0,1.2793346023285084,0,56,0,60,0,116,0,0.8909090909090909,0,1.457873722107937,0,0.9887045534768796,0,2.639640045598093,0,0.7142857142857143,0,-0.06641867459735597
S-052,S-052,Ayresome Park,Middlesbrough,England,WC-1966,1966,1960,1903,40000,Single-purpose,Existing,not in use,demolished 1997,replaced by successor stadium,https://en.wikipedia.org/wiki/Ayresome_Park,GBR,1397.5948032844,NA,291.619,0.8720437698552771,0.07927681190757947,1975,15,63,60,123,Point(-1.246944 54.564167),-1.246944,54.564167,-1.25924166157047,54.5581999439387,0.6431447275735288,10.59665973278358,7.243223299607494,5.678871421542769,0.4966119225606492,0,1,FALSE,postwar,Europe,0.8909090909090909,1.457873722107937,train,-0.9032939745240418,0.2857142857142857,0,10.59665973278358,0,7.243223299607494,0,5.678871421542769,0,0.4966119225606492,0,63,0,60,0,123,0,0.8909090909090909,0,1.457873722107937,0,0.8720437698552771,0,0.07927681190757947,0,0.2857142857142857,0,-0.9032939745240418
S-053,S-053,Hillsborough Stadium,Sheffield,England,WC-1966,1966,1960,1899,43000,Single-purpose,Existing,in use,NA,NA,https://en.wikipedia.org/wiki/Hillsborough_Stadium,GBR,1397.5948032844,NA,438.851,0.9181080127073772,0.2795227583680838,1975,15,67,60,127,Point(-1.500555555 53.411388888),-1.500555555,53.411388888,-1.45925608252335,53.3706344632346,3.2938054576448432,10.66897865021924,7.243223299607494,6.08643603319843,1.4571733928049309,0,1,FALSE,postwar,Europe,0.8909090909090909,1.457873722107937,test,-0.7638147578695942,0.2857142857142857,0,10.66897865021924,0,7.243223299607494,0,6.08643603319843,0,1.4571733928049309,0,67,0,60,0,127,0,0.8909090909090909,0,1.457873722107937,0,0.9181080127073772,0,0.2795227583680838,0,0.2857142857142857,0,-0.7638147578695942
S-054,S-054,Roker Park,Sunderland,England,WC-1966,1966,1960,1898,40000,Single-purpose,Existing,not in use,demolished 1998,replaced by successor stadium,https://en.wikipedia.org/wiki/Roker_Park,GBR,1397.5948032844,NA,89.588,0.47758559830568303,-0.19549965522838397,1975,15,68,60,128,Point(-1.375480555 54.9213),-1.375480555,54.9213,-1.40546098910939,54.9015943817062,1.8108015114627376,10.59665973278358,7.243223299607494,4.506321753945488,1.0334696780697648,0,1,FALSE,postwar,Europe,0.8909090909090909,1.457873722107937,train,-0.9032939745240418,0.2857142857142857,0,10.59665973278358,0,7.243223299607494,0,4.506321753945488,0,1.0334696780697648,0,68,0,60,0,128,0,0.8909090909090909,0,1.457873722107937,0,0.47758559830568303,0,-0.19549965522838397,0,0.2857142857142857,0,-0.9032939745240418
S-055,S-055,Stade du Fort Carré,Antibes,France,WC-1938,1938,1936,1935,7000,Multi-purpose,Existing,in use,NA,NA,https://en.wikipedia.org/wiki/Stade_du_Fort_Carré,FRA,NA,NA,350.787,0.8946346629015178,0.15974948198049238,1975,39,3,88,91,Point(7.12603 43.59221),7.12603,43.59221,7.23689310656928,43.6992907272345,9.254947821621927,8.853808274977197,NA,5.863025878806587,2.327760303419925,0,0,FALSE,pre-WWII,Europe,NA,NA,train,-1.197584834310372,0.14285714285714285,0,8.853808274977197,1,8.956551223174765,0,5.863025878806587,0,2.327760303419925,0,3,0,88,0,91,1,0.8181818181818182,1,0.597271311946225,0,0.8946346629015178,0,0.15974948198049238,0,0.14285714285714285,0,-1.197584834310372
S-056,S-056,Stade du Parc Lescure,Bordeaux,France,WC-1938,1938,1936,1938,35000,Multi-purpose,New,in use,NA,NA,https://en.wikipedia.org/wiki/Stade_Chaban-Delmas,FRA,NA,NA,432.66,0.9165195905400636,0.2711025599428979,1975,39,0,88,88,Point(-0.598056 44.829167),-0.598056,44.829167,-0.590814108045867,44.8356958502408,0.5745839729420662,10.463131911491969,NA,6.072260816936072,0.45399109322161474,1,0,FALSE,pre-WWII,Europe,NA,NA,test,0.06438628141453609,0.5714285714285714,0,10.463131911491969,1,8.956551223174765,0,6.072260816936072,0,0.45399109322161474,0,0,0,88,0,88,1,0.8181818181818182,1,0.597271311946225,0,0.9165195905400636,0,0.2711025599428979,0,0.5714285714285714,0,0.06438628141453609
S-056,S-056,Stade du Parc Lescure,Bordeaux,France,WC-1998,1998,1992,1938,35000,Multi-purpose,Existing,in use,NA,NA,https://en.wikipedia.org/wiki/Stade_Chaban-Delmas,FRA,23615.0168565483,NA,486.841,0.9127059784829088,0.2275054211395878,1992,0,60,28,88,Point(-0.598056 44.829167),-0.598056,44.829167,-0.590814108045867,44.8356958502408,0.5745839729420662,10.463131911491969,10.06968044117655,6.189989533090254,0.45399109322161474,0,0,FALSE,postwar,Europe,0.922279792746114,1.516934910393675,test,-0.7857032347405638,0.14285714285714285,0,10.463131911491969,0,10.06968044117655,0,6.189989533090254,0,0.45399109322161474,0,60,0,28,0,88,0,0.922279792746114,0,1.516934910393675,0,0.9127059784829088,0,0.2275054211395878,0,0.14285714285714285,0,-0.7857032347405638
S-057,S-057,Stade des Alpes,Grenoble,France,WC-2019,2019,2015,2008,18000,Multi-purpose,Existing,in use,NA,NA,https://en.wikipedia.org/wiki/Stade_des_Alpes,FRA,36702.4323733379,70,351.822,0.8637239607231348,0.03567755852211184,2015,0,11,7,18,Point(5.740194 45.187474),5.740194,45.187474,5.72387810164488,45.1803677865258,0.9350820738174918,9.798182590890704,10.510625554828527,5.865963680465084,0.6601497409917936,0,0,FALSE,recent,Europe,0.84688995215311,0.7852254710087205,train,-1.0300052584635462,0.125,0,9.798182590890704,0,10.510625554828527,0,5.865963680465084,0,0.6601497409917936,0,11,0,7,0,18,0,0.84688995215311,0,0.7852254710087205,0,0.8637239607231348,0,0.03567755852211184,0,0.125,0,-1.0300052584635462
S-058,S-058,Stade Jules Deschaseaux,Le Havre,France,WC-1938,1938,1936,1932,22000,Multi-purpose,Existing,in use,NA,NA,https://en.wikipedia.org/wiki/Stade_Jules_Deschaseaux,FRA,NA,NA,241.698,0.8379809389339923,0.01138071667519219,1975,39,6,88,94,Point(0.1712 49.50185),0.1712,49.50185,0.135765864728999,49.4976375722144,1.6182608092820745,9.99884318585288,NA,5.491817872072314,0.9625102841003216,0,0,FALSE,pre-WWII,Europe,NA,NA,train,-0.5215288794577427,0.5714285714285714,0,9.99884318585288,1,8.956551223174765,0,5.491817872072314,0,0.9625102841003216,0,6,0,88,0,94,1,0.8181818181818182,1,0.597271311946225,0,0.8379809389339923,0,0.01138071667519219,0,0.5714285714285714,0,-0.5215288794577427
S-059,S-059,Stade Océane,Le Havre,France,WC-2019,2019,2015,2012,24000,Multi-purpose,Existing,in use,NA,NA,https://en.wikipedia.org/wiki/Stade_Océane,FRA,36702.4323733379,70,179.414,0.7200146829402588,-0.10938426455419652,2015,0,7,7,14,Point(0.1697 49.4988),0.1697,49.4988,0.135765864728999,49.4976375722144,1.5265943482740765,10.085850775128716,10.510625554828527,5.195254209938894,0.9268722885214368,0,0,FALSE,recent,Europe,0.84688995215311,0.7852254710087205,train,-0.6110200685800699,0.5,0,10.085850775128716,0,10.510625554828527,0,5.195254209938894,0,0.9268722885214368,0,7,0,7,0,14,0,0.84688995215311,0,0.7852254710087205,0,0.7200146829402588,0,-0.10938426455419652,0,0.5,0,-0.6110200685800699
S-060,S-060,Stade Félix-Bollaert,Lens,France,WC-1998,1998,1992,1933,41000,Single-purpose,Existing,in use,NA,NA,https://en.wikipedia.org/wiki/Stade_Bollaert-Delelis,FRA,23615.0168565483,NA,198.074,0.7592264741931091,-0.0843075099904536,1992,0,65,28,93,Point(2.81491 50.4329),2.81491,50.4329,2.85769608609301,50.4238318401949,1.9869647668164216,10.62135173563291,10.06968044117655,5.293676614898442,1.0942577436560093,0,1,FALSE,postwar,Europe,0.922279792746114,1.516934910393675,train,-0.42701262757639347,0.5714285714285714,0,10.62135173563291,0,10.06968044117655,0,5.293676614898442,0,1.0942577436560093,0,65,0,28,0,93,0,0.922279792746114,0,1.516934910393675,0,0.7592264741931091,0,-0.0843075099904536,0,0.5714285714285714,0,-0.42701262757639347
S-061,S-061,Stade Victor Boucquey,Lille,France,WC-1938,1938,1936,1902,15000,Single-purpose,Existing,not in use,demolished 1975,replaced by successor stadium,https://en.wikipedia.org/wiki/Stade_Henri-Jooris,FRA,NA,NA,809.558,0.9553476879632898,0.7837105305543898,1975,39,36,88,124,Point(3.036111 50.6375),3.036111,50.6375,3.10839581952198,50.65965832155,3.5214351920198883,9.61587214452889,NA,6.6977228993803415,1.5088294638036013,0,1,FALSE,pre-WWII,Europe,NA,NA,train,-0.8370216583889698,0.2857142857142857,0,9.61587214452889,1,8.956551223174765,0,6.6977228993803415,0,1.5088294638036013,0,36,0,88,0,124,1,0.8181818181818182,1,0.597271311946225,0,0.9553476879632898,0,0.7837105305543898,0,0.2857142857142857,0,-0.8370216583889698
S-062,S-062,Parc Olympique Lyonnais,Lyon,France,WC-2019,2019,2015,2016,58000,Single-purpose,New,in use,NA,NA,https://en.wikipedia.org/wiki/Parc_Olympique_Lyonnais,FRA,36702.4323733379,70,1147.653,0.9616408185739196,0.7052792923200885,2015,0,3,7,10,Point(4.982131 45.765224),4.982131,45.765224,4.85885943098658,45.7528788427831,6.00993218811672,10.968215530759236,10.510625554828527,7.046345230496403,1.9473280274072295,1,1,FALSE,recent,Europe,0.84688995215311,0.7852254710087205,train,1.76322934075963,1,0,10.968215530759236,0,10.510625554828527,0,7.046345230496403,0,1.9473280274072295,0,3,0,7,0,10,0,0.84688995215311,0,0.7852254710087205,0,0.9616408185739196,0,0.7052792923200885,0,1,0,1.76322934075963
S-063,S-063,Stade de Gerland,Lyon,France,WC-1998,1998,1992,1926,44000,Multi-purpose,Existing,in use,NA,NA,https://en.wikipedia.org/wiki/Stade_de_Gerland,FRA,23615.0168565483,NA,968.012,0.9565572654228516,0.7470777402923064,1992,0,72,28,100,Point(4.83225 45.72377),4.83225,45.72377,4.85885943098658,45.7528788427831,2.3883824093903625,10.691967639914864,10.06968044117655,6.876276995715015,1.2203526421411608,0,0,FALSE,postwar,Europe,0.922279792746114,1.516934910393675,test,-0.24766732399430824,0.5714285714285714,0,10.691967639914864,0,10.06968044117655,0,6.876276995715015,0,1.2203526421411608,0,72,0,28,0,100,0,0.922279792746114,0,1.516934910393675,0,0.9565572654228516,0,0.7470777402923064,0,0.5714285714285714,0,-0.24766732399430824
S-064,S-064,Stade Vélodrome,Marseille,France,WC-1938,1938,1936,1937,60000,Multi-purpose,New,in use,NA,NA,https://en.wikipedia.org/wiki/Stade_Vélodrome,FRA,NA,NA,700.86,0.946523120367102,0.6358735529383559,1975,39,1,88,89,Point(5.394907 43.269241),5.394907,43.269241,5.40232730901477,43.3053787667524,2.527449648354813,11.002116507732016,NA,6.5537339539375346,1.2605751306117203,1,0,FALSE,pre-WWII,Europe,NA,NA,train,1.1911462061689184,1,0,11.002116507732016,1,8.956551223174765,0,6.5537339539375346,0,1.2605751306117203,0,1,0,88,0,89,1,0.8181818181818182,1,0.597271311946225,0,0.946523120367102,0,0.6358735529383559,0,1,0,1.1911462061689184
S-064,S-064,Stade Vélodrome,Marseille,France,WC-1998,1998,1992,1937,60000,Multi-purpose,Existing,in use,NA,NA,https://en.wikipedia.org/wiki/Stade_Vélodrome,FRA,23615.0168565483,NA,802.057,0.9481138499250988,0.5678781953800208,1992,0,61,28,89,Point(5.394907 43.269241),5.394907,43.269241,5.40232730901477,43.3053787667524,2.527449648354813,11.002116507732016,10.06968044117655,6.68842569523824,1.2605751306117203,0,0,FALSE,postwar,Europe,0.922279792746114,1.516934910393675,train,0.7088409617768128,0.8571428571428571,0,11.002116507732016,0,10.06968044117655,0,6.68842569523824,0,1.2605751306117203,0,61,0,28,0,89,0,0.922279792746114,0,1.516934910393675,0,0.9481138499250988,0,0.5678781953800208,0,0.8571428571428571,0,0.7088409617768128
S-065,S-065,Stade de la Mosson,Montpellier,France,WC-1998,1998,1992,1972,34000,Single-purpose,Existing,in use,NA,NA,https://en.wikipedia.org/wiki/Stade_de_la_Mosson,FRA,23615.0168565483,NA,207.625,0.771755413318807,-0.07399426330636912,1992,0,26,28,54,Point(3.81279 43.62061),3.81279,43.62061,3.8663733962312,43.6147012911113,2.7142394545023247,10.434145214930489,10.06968044117655,5.340538381981999,1.3121739343315435,0,1,FALSE,postwar,Europe,0.922279792746114,1.516934910393675,train,-0.8454850026012589,0.14285714285714285,0,10.434145214930489,0,10.06968044117655,0,5.340538381981999,0,1.3121739343315435,0,26,0,28,0,54,0,0.922279792746114,0,1.516934910393675,0,0.771755413318807,0,-0.07399426330636912,0,0.14285714285714285,0,-0.8454850026012589
S-065,S-065,Stade de la Mosson,Montpellier,France,WC-2019,2019,2015,1972,34000,Single-purpose,Existing,in use,NA,NA,https://en.wikipedia.org/wiki/Stade_de_la_Mosson,FRA,36702.4323733379,70,305.122,0.8422501605946591,-0.00361520711326238,2015,0,47,7,54,Point(3.81279 43.62061),3.81279,43.62061,3.8663733962312,43.6147012911113,2.7142394545023247,10.434145214930489,10.510625554828527,5.7239837153059785,1.3121739343315435,0,1,FALSE,recent,Europe,0.84688995215311,0.7852254710087205,train,0.08728858122572426,0.625,0,10.434145214930489,0,10.510625554828527,0,5.7239837153059785,0,1.3121739343315435,0,47,0,7,0,54,0,0.84688995215311,0,0.7852254710087205,0,0.8422501605946591,0,-0.00361520711326238,0,0.625,0,0.08728858122572426
S-066,S-066,Stade de la Beaujoire,Nantes,France,WC-1998,1998,1992,1984,40000,Single-purpose,Existing,in use,NA,NA,https://en.wikipedia.org/wiki/Stade_de_la_Beaujoire,FRA,23615.0168565483,NA,373.017,0.87920468473376,0.10459734967385302,1992,0,14,28,42,Point(-1.52466 47.2561),-1.52466,47.256100000000004,-1.5568753263603,47.2218863475185,2.8088604062610036,10.59665973278358,10.06968044117655,5.92430125092696,1.3373300384292572,0,1,FALSE,postwar,Europe,0.922279792746114,1.516934910393675,test,-0.4867943954370885,0.42857142857142855,0,10.59665973278358,0,10.06968044117655,0,5.92430125092696,0,1.3373300384292572,0,14,0,28,0,42,0,0.922279792746114,0,1.516934910393675,0,0.87920468473376,0,0.10459734967385302,0,0.42857142857142855,0,-0.4867943954370885
S-067,S-067,Allianz Riviera,Nice,France,WC-2019,2019,2015,2013,35000,Multi-purpose,Existing,in use,NA,NA,https://en.wikipedia.org/wiki/Allianz_Riviera,FRA,36702.4323733379,70,427.898,0.8882261172799852,0.09968690409977202,2015,0,6,7,13,Point(7.19262 43.70513),7.19262,43.70513,7.23689310656928,43.6992907272345,2.2504830671296063,10.463131911491969,10.510625554828527,6.0612191284203325,1.1788036213362834,0,0,FALSE,recent,Europe,0.84688995215311,0.7852254710087205,train,0.15711944620630366,0.75,0,10.463131911491969,0,10.510625554828527,0,6.0612191284203325,0,1.1788036213362834,0,6,0,7,0,13,0,0.84688995215311,0,0.7852254710087205,0,0.8882261172799852,0,0.09968690409977202,0,0.75,0,0.15711944620630366
S-068,S-068,Parc des Princes,Paris,France,WC-1938,1938,1936,1897,49000,Multi-purpose,Existing,in use,rebuilt 1972,NA,https://en.wikipedia.org/wiki/Parc_des_Princes,FRA,NA,NA,7423.859,0.9969996470172962,9.779628292451674,1975,39,41,88,129,Point(2.25305 48.84145),2.25305,48.84145,2.35557109932262,48.8491114639848,4.696855239081943,10.799595985047786,NA,8.9125889735916,1.7399143101494297,0,0,FALSE,pre-WWII,Europe,NA,NA,train,0.6953718392769902,0.7142857142857143,0,10.799595985047786,1,8.956551223174765,0,8.9125889735916,0,1.7399143101494297,0,41,0,88,0,129,1,0.8181818181818182,1,0.597271311946225,0,0.9969996470172962,0,9.779628292451674,0,0.7142857142857143,0,0.6953718392769902
S-068,S-068,Parc des Princes,Paris,France,WC-1998,1998,1992,1972,49000,Single-purpose,Existing,in use,NA,NA,https://en.wikipedia.org/wiki/Parc_des_Princes,FRA,23615.0168565483,NA,8124.42,0.997003949339507,8.474624706678622,1992,0,26,28,54,Point(2.25305 48.84145),2.25305,48.84145,2.35557109932262,48.8491114639848,4.696855239081943,10.799595985047786,10.06968044117655,9.00275269816963,1.7399143101494297,0,1,FALSE,postwar,Europe,0.922279792746114,1.516934910393675,train,0.05124151530916707,0.7142857142857143,0,10.799595985047786,0,10.06968044117655,0,9.00275269816963,0,1.7399143101494297,0,26,0,28,0,54,0,0.922279792746114,0,1.516934910393675,0,0.997003949339507,0,8.474624706678622,0,0.7142857142857143,0,0.05124151530916707
S-068,S-068,Parc des Princes,Paris,France,WC-2019,2019,2015,1972,49000,Single-purpose,Existing,in use,NA,NA,https://en.wikipedia.org/wiki/Parc_des_Princes,FRA,36702.4323733379,70,9271.626,0.9967881068183904,7.540683299110412,2015,0,47,7,54,Point(2.25305 48.84145),2.25305,48.84145,2.35557109932262,48.8491114639848,4.696855239081943,10.799595985047786,10.510625554828527,9.13482189783977,1.7399143101494297,0,1,FALSE,recent,Europe,0.84688995215311,0.7852254710087205,train,1.1347515559344152,0.875,0,10.799595985047786,0,10.510625554828527,0,9.13482189783977,0,1.7399143101494297,0,47,0,7,0,54,0,0.84688995215311,0,0.7852254710087205,0,0.9967881068183904,0,7.540683299110412,0,0.875,0,1.1347515559344152
S-069,S-069,Stade Olympique de Colombes,Paris,France,WC-1938,1938,1936,1907,60000,Multi-purpose,Existing,in use,NA,NA,https://en.wikipedia.org/wiki/Stade_Olympique_Yves-du-Manoir,FRA,NA,NA,7423.859,0.9969996470172962,9.779628292451674,1975,39,31,88,119,Point(2.24961 48.93145),2.24961,48.93145,2.35557109932262,48.8491114639848,7.460684327429933,11.002116507732016,NA,8.9125889735916,2.1354300601138627,0,0,FALSE,pre-WWII,Europe,NA,NA,train,1.1911462061689184,1,0,11.002116507732016,1,8.956551223174765,0,8.9125889735916,0,2.1354300601138627,0,31,0,88,0,119,1,0.8181818181818182,1,0.597271311946225,0,0.9969996470172962,0,9.779628292451674,0,1,0,1.1911462061689184
S-070,S-070,Stade Auguste-Delaune,Reims,France,WC-2019,2019,2015,1935,21000,Multi-purpose,Existing,in use,NA,NA,https://en.wikipedia.org/wiki/Stade_Auguste-Delaune,FRA,36702.4323733379,70,185.841,0.7295585941084702,-0.103976671304977,2015,0,84,7,91,Point(4.02478 49.24716),4.02478,49.24716,4.03016864414582,49.2520896771436,0.41889612180403374,9.952325334619427,10.510625554828527,5.230257987792567,0.34987919028617587,0,0,FALSE,recent,Europe,0.84688995215311,0.7852254710087205,train,-0.820512663521808,0.25,0,9.952325334619427,0,10.510625554828527,0,5.230257987792567,0,0.34987919028617587,0,84,0,7,0,91,0,0.84688995215311,0,0.7852254710087205,0,0.7295585941084702,0,-0.103976671304977,0,0.25,0,-0.820512663521808
S-070,S-071,Vélodrome Municipal,Reims,France,WC-1938,1938,1936,1935,22000,Multi-purpose,Existing,in use,NA,NA,https://en.wikipedia.org/wiki/Stade_Auguste_Delaune,FRA,NA,NA,183.568,0.774620543593364,-0.06768019989015447,1975,39,3,88,91,Point(4.02478 49.24716),4.02478,49.24716,4.03016864414582,49.2520896771436,0.41889612180403374,9.99884318585288,NA,5.218017959263308,0.34987919028617587,0,0,FALSE,pre-WWII,Europe,NA,NA,train,-0.5215288794577427,0.5714285714285714,0,9.99884318585288,1,8.956551223174765,0,5.218017959263308,0,0.34987919028617587,0,3,0,88,0,91,1,0.8181818181818182,1,0.597271311946225,0,0.774620543593364,0,-0.06768019989015447,0,0.5714285714285714,0,-0.5215288794577427
S-072,S-072,Roazhon Park,Rennes,France,WC-2019,2019,2015,1912,29000,Single-purpose,Existing,in use,NA,NA,https://en.wikipedia.org/wiki/Roazhon_Park,FRA,36702.4323733379,70,233.81,0.7904927961824355,-0.06361618576400772,2015,0,107,7,114,Point(-1.71282 48.10743),-1.71282,48.10743,-1.66911523642712,48.1079737486346,2.018970902266944,10.275085591132717,10.510625554828527,5.458776676484857,1.1049160124758506,0,1,FALSE,recent,Europe,0.84688995215311,0.7852254710087205,test,-0.26186574367717275,0.5,0,10.275085591132717,0,10.510625554828527,0,5.458776676484857,0,1.1049160124758506,0,107,0,7,0,114,0,0.84688995215311,0,0.7852254710087205,0,0.7904927961824355,0,-0.06361618576400772,0,0.5,0,-0.26186574367717275
S-073,S-073,Stade de France,Saint-Denis,France,WC-1998,1998,1992,1998,80000,Multi-purpose,New,in use,NA,NA,https://en.wikipedia.org/wiki/Stade_de_France,FRA,23615.0168565483,NA,8124.42,0.997003949339507,8.474624706678622,1992,0,0,28,28,Point(2.36 48.924444444),2.36,48.924444444,2.35557109932262,48.8491114639848,5.2147419643894946,11.289794413577894,10.06968044117655,9.00275269816963,1.8269242059011712,1,0,FALSE,postwar,Europe,0.922279792746114,1.516934910393675,train,1.904476318990714,1,0,11.289794413577894,0,10.06968044117655,0,9.00275269816963,0,1.8269242059011712,0,0,0,28,0,28,0,0.922279792746114,0,1.516934910393675,0,0.997003949339507,0,8.474624706678622,0,1,0,1.904476318990714
S-074,S-074,Stade Geoffroy-Guichard,Saint-Étienne,France,WC-1998,1998,1992,1931,36000,Multi-purpose,Existing,in use,NA,NA,https://en.wikipedia.org/wiki/Stade_Geoffroy-Guichard,FRA,23615.0168565483,NA,224.408,0.7936810567887784,-0.05587184480579432,1992,0,67,28,95,Point(4.390171 45.460749),4.390171,45.460749,4.3923581306438,45.4379347817726,1.5816448638823033,10.491301994830229,10.06968044117655,5.417912093433686,0.9484267399290262,0,0,FALSE,postwar,Europe,0.922279792746114,1.516934910393675,train,-0.7259214668798688,0.2857142857142857,0,10.491301994830229,0,10.06968044117655,0,5.417912093433686,0,0.9484267399290262,0,67,0,28,0,95,0,0.922279792746114,0,1.516934910393675,0,0.7936810567887784,0,-0.05587184480579432,0,0.2857142857142857,0,-0.7259214668798688
S-075,S-075,Stade de la Meinau,Strasbourg,France,WC-1938,1938,1936,1914,30000,Single-purpose,Existing,in use,NA,NA,https://en.wikipedia.org/wiki/Stade_de_la_Meinau,FRA,NA,NA,325.62,0.8856336039534063,0.12552057974068373,1975,39,24,88,112,Point(7.75738 48.55942),7.75738,48.55942,7.74276454882101,48.578067351074,1.4530148586270428,10.308985993422082,NA,5.788797415648597,0.8973178225866014,0,1,FALSE,pre-WWII,Europe,NA,NA,test,-0.16096570353634038,0.5714285714285714,0,10.308985993422082,1,8.956551223174765,0,5.788797415648597,0,0.8973178225866014,0,24,0,88,0,112,1,0.8181818181818182,1,0.597271311946225,0,0.8856336039534063,0,0.12552057974068373,0,0.5714285714285714,0,-0.16096570353634038
S-076,S-076,Stade de Toulouse,Toulouse,France,WC-1998,1998,1992,1937,37000,Multi-purpose,Existing,in use,NA,NA,https://en.wikipedia.org/wiki/Stadium_Municipal,FRA,23615.0168565483,NA,369.505,0.8782513958872395,0.1008050638027919,1992,0,61,28,89,Point(1.434055 43.583296),1.434055,43.583296,1.43024790567507,43.6040511088086,1.448262725626943,10.518700218288163,10.06968044117655,5.914866939921734,0.8953786814514514,0,0,FALSE,postwar,Europe,0.922279792746114,1.516934910393675,train,-0.6661396990191737,0.42857142857142855,0,10.518700218288163,0,10.06968044117655,0,5.914866939921734,0,0.8953786814514514,0,61,0,28,0,89,0,0.922279792746114,0,1.516934910393675,0,0.8782513958872395,0,0.1008050638027919,0,0.42857142857142855,0,-0.6661396990191737
S-077,S-077,Stade du T.O.E.C.,Toulouse,France,WC-1938,1938,1936,1908,15000,Multi-purpose,Existing,not in use,demolished 1965,urban redevelopment,https://en.wikipedia.org/wiki/Stade_Chapou,FRA,NA,NA,257.937,0.8519237557359689,0.03346690666495074,1975,39,30,88,118,Point(1.419166666 43.608611111),1.419166666,43.608611111,1.43024790567507,43.6040511088086,0.6383849088850809,9.61587214452889,NA,5.556584788867859,0.4937109449350604,0,0,FALSE,pre-WWII,Europe,NA,NA,test,-0.8370216583889698,0.2857142857142857,0,9.61587214452889,1,8.956551223174765,0,5.556584788867859,0,0.4937109449350604,0,30,0,88,0,118,1,0.8181818181818182,1,0.597271311946225,0,0.8519237557359689,0,0.03346690666495074,0,0.2857142857142857,0,-0.8370216583889698
S-078,S-078,Stade du Hainaut,Valenciennes,France,WC-2019,2019,2015,2011,23000,Multi-purpose,Existing,in use,NA,NA,https://en.wikipedia.org/wiki/Stade_du_Hainaut,FRA,36702.4323733379,70,101.46,0.4900431311370102,-0.17497373462571603,2015,0,8,7,15,Point(3.53178 50.34851),3.53178,50.34851,3.51689821962067,50.3608489529918,1.0769491647279876,10.043292972227004,10.510625554828527,4.629472478511056,0.7309000692588632,0,0,FALSE,recent,Europe,0.84688995215311,0.7852254710087205,train,-0.6808509335606492,0.375,0,10.043292972227004,0,10.510625554828527,0,4.629472478511056,0,0.7309000692588632,0,8,0,7,0,15,0,0.84688995215311,0,0.7852254710087205,0,0.4900431311370102,0,-0.17497373462571603,0,0.375,0,-0.6808509335606492
S-079,S-079,Impuls Arena,Augsburg,Germany,WC-2011,2011,2007,2009,25000,Single-purpose,New,in use,NA,NA,https://en.wikipedia.org/wiki/Impuls_Arena,DEU,42350.9217211489,NA,289.395,0.8312401055408971,-0.01363198567779646,2007,0,2,15,17,Point(10.8859261 48.3233205),10.8859261,48.3233205,10.8924028610026,48.3615151219045,2.6586847026545755,10.12667110305036,10.65376907617345,5.671242065171562,1.297103711964687,1,1,FALSE,recent,Europe,0.875,1.0602595323521091,test,-0.8209984658854877,0,0,10.12667110305036,0,10.65376907617345,0,5.671242065171562,0,1.297103711964687,0,2,0,15,0,17,0,0.875,0,1.0602595323521091,0,0.8312401055408971,0,-0.01363198567779646,0,0,0,-0.8209984658854877
S-080,S-080,Olympiastadion,Berlin,Germany,WC-1974,1974,1966,1936,86000,Multi-purpose,Existing,in use,NA,NA,https://en.wikipedia.org/wiki/Olympiastadion_(Berlin),DEU,1870.80540291774,NA,3025.918,0.9929403459230498,3.7981170854962745,1975,9,38,52,90,Point(13.239444444 52.514722222),13.239444444,52.514722222,13.3999531382876,52.5018146389819,6.81624633264691,11.362114203075018,7.534658700201382,8.015300219127205,2.056204430703279,0,0,FALSE,postwar,Europe,0.8429752066115702,1.1552713117888287,train,1.6960459279719402,0.9583333333333334,0,11.362114203075018,0,7.534658700201382,0,8.015300219127205,0,2.056204430703279,0,38,0,52,0,90,0,0.8429752066115702,0,1.1552713117888287,0,0.9929403459230498,0,3.7981170854962745,0,0.9583333333333334,0,1.6960459279719402
S-080,S-080,Olympiastadion,Berlin,Germany,WC-2006,2006,2000,1936,86000,Multi-purpose,Existing,in use,NA,NA,https://en.wikipedia.org/wiki/Olympiastadion_(Berlin),DEU,23925.8559901991,NA,3328.134,0.9907065278244318,3.0231519992287152,2000,0,70,20,90,Point(13.239444444 52.514722222),13.239444444,52.514722222,13.3999531382876,52.5018146389819,6.81624633264691,11.362114203075018,10.082756788660268,8.110467489092947,2.056204430703279,0,0,FALSE,recent,Europe,0.8910891089108911,1.2454796599286724,train,1.9008900282836596,1,0,11.362114203075018,0,10.082756788660268,0,8.110467489092947,0,2.056204430703279,0,70,0,20,0,90,0,0.8910891089108911,0,1.2454796599286724,0,0.9907065278244318,0,3.0231519992287152,0,1,0,1.9008900282836596
S-080,S-080,Olympiastadion,Berlin,Germany,WC-2011,2011,2007,1936,86000,Multi-purpose,Existing,in use,NA,NA,https://en.wikipedia.org/wiki/Olympiastadion_(Berlin),DEU,42350.9217211489,NA,3300.99,0.988707124010554,2.6972821521745196,2007,0,75,15,90,Point(13.239444444 52.514722222),13.239444444,52.514722222,13.3999531382876,52.5018146389819,6.81624633264691,11.362114203075018,10.65376907617345,8.102280596007892,2.056204430703279,0,0,FALSE,recent,Europe,0.875,1.0602595323521091,train,0.45420979941349904,0.9090909090909092,0,11.362114203075018,0,10.65376907617345,0,8.102280596007892,0,2.056204430703279,0,75,0,15,0,90,0,0.875,0,1.0602595323521091,0,0.988707124010554,0,2.6972821521745196,0,0.9090909090909092,0,0.45420979941349904
S-081,S-081,Ruhrstadion,Bochum,Germany,WC-2011,2011,2007,1911,21000,Single-purpose,Existing,in use,NA,NA,https://en.wikipedia.org/wiki/Ruhrstadion,DEU,42350.9217211489,NA,2624.551,0.9842744063324538,2.0883795445879474,2007,0,100,15,115,Point(7.236489 51.489944),7.236489,51.489944,6.97216877251344,51.4886212700177,11.384639152799013,9.952325334619427,10.65376907617345,7.873046057760707,2.516456926691191,0,1,FALSE,recent,Europe,0.875,1.0602595323521091,test,-0.904618680003454,0,0,9.952325334619427,0,10.65376907617345,0,7.873046057760707,0,2.516456926691191,0,100,0,15,0,115,0,0.875,0,1.0602595323521091,0,0.9842744063324538,0,2.0883795445879474,0,0,0,-0.904618680003454
S-082,S-082,RheinEnergieStadion,Cologne,Germany,WC-2006,2006,2000,2004,45000,Single-purpose,New,in use,NA,NA,https://en.wikipedia.org/wiki/RheinEnergieStadion,DEU,23925.8559901991,NA,949.868,0.9564438472735416,0.6617489675539576,2000,0,2,20,22,Point(6.875 50.933611),6.875,50.933611,6.97174042360981,50.9664308711368,4.788101068304887,10.714439990727769,10.082756788660268,6.857375251649774,1.7558042703142418,1,1,FALSE,recent,Europe,0.8910891089108911,1.2454796599286724,train,-0.985646681332268,0.2222222222222222,0,10.714439990727769,0,10.082756788660268,0,6.857375251649774,0,1.7558042703142418,0,2,0,20,0,22,0,0.8910891089108911,0,1.2454796599286724,0,0.9564438472735416,0,0.6617489675539576,0,0.2222222222222222,0,-0.985646681332268
S-083,S-083,Westfalenstadion,Dortmund,Germany,WC-1974,1974,1966,1974,65000,Single-purpose,New,in use,NA,NA,https://en.wikipedia.org/wiki/Westfalenstadion,DEU,1870.80540291774,NA,752.653,0.950935404165196,0.706315700739302,1975,9,0,52,52,Point(7.451667 51.4925),7.451667,51.4925,7.43708001553127,51.5091810345978,1.3137215461294325,11.082157933374816,7.534658700201382,6.624932049876228,0.838857287100912,1,1,FALSE,postwar,Europe,0.8429752066115702,1.1552713117888287,train,0.5186256143385272,0.6666666666666666,0,11.082157933374816,0,7.534658700201382,0,6.624932049876228,0,0.838857287100912,0,0,0,52,0,52,0,0.8429752066115702,0,1.1552713117888287,0,0.950935404165196,0,0.706315700739302,0,0.6666666666666666,0,0.5186256143385272
S-083,S-083,Westfalenstadion,Dortmund,Germany,WC-2006,2006,2000,1974,65000,Single-purpose,Existing,in use,NA,NA,https://en.wikipedia.org/wiki/Westfalenstadion,DEU,23925.8559901991,NA,714.411,0.940432202440936,0.4279614628639676,2000,0,32,20,52,Point(7.451667 51.4925),7.451667,51.4925,7.43708001553127,51.5091810345978,1.3137215461294325,11.082157933374816,10.082756788660268,6.572857202720127,0.838857287100912,0,1,FALSE,recent,Europe,0.8910891089108911,1.2454796599286724,train,0.4224200062852577,0.7777777777777778,0,11.082157933374816,0,10.082756788660268,0,6.572857202720127,0,0.838857287100912,0,32,0,20,0,52,0,0.8910891089108911,0,1.2454796599286724,0,0.940432202440936,0,0.4279614628639676,0,0.7777777777777778,0,0.4224200062852577
S-084,S-084,Rudolf-Harbig-Stadion,Dresden,Germany,WC-2011,2011,2007,2009,26000,Single-purpose,New,in use,NA,NA,https://en.wikipedia.org/wiki/Rudolf-Harbig-Stadion,DEU,42350.9217211489,NA,488.02,0.9006860158311346,0.16516208212710967,2007,0,2,15,17,Point(13.747778 51.040278),13.747778,51.040278,13.7498897576508,51.0410986710973,0.10797244159471424,10.165890277802454,10.65376907617345,6.192403388433999,0.102531715808837,1,1,FALSE,recent,Europe,0.875,1.0602595323521091,test,-0.8000934123559962,0,0,10.165890277802454,0,10.65376907617345,0,6.192403388433999,0,0.102531715808837,0,2,0,15,0,17,0,0.875,0,1.0602595323521091,0,0.9006860158311346,0,0.16516208212710967,0,0,0,-0.8000934123559962
S-085,S-085,Rheinstadion,Düsseldorf,Germany,WC-1974,1974,1966,1925,70000,Multi-purpose,Existing,in use,rebuilt 2004,NA,https://en.wikipedia.org/wiki/Rheinstadion,DEU,1870.80540291774,NA,745.976,0.9504059301094246,0.6972345078972787,1975,9,49,52,101,Point(6.734167 51.260278),6.734167,51.260278,6.78599084249741,51.2193990097306,3.6100083728532706,11.156264806643742,7.534658700201382,6.616033056102629,1.5282296732440597,0,0,FALSE,postwar,Europe,0.8429752066115702,1.1552713117888287,train,0.7989637842512446,0.75,0,11.156264806643742,0,7.534658700201382,0,6.616033056102629,0,1.5282296732440597,0,49,0,52,0,101,0,0.8429752066115702,0,1.1552713117888287,0,0.9504059301094246,0,0.6972345078972787,0,0.75,0,0.7989637842512446
S-086,S-086,Waldstadion,Frankfurt,Germany,WC-1974,1974,1966,1974,62000,Multi-purpose,New,in use,rebuilt 2005,NA,https://en.wikipedia.org/wiki/Waldstadion_(Frankfurt),DEU,1870.80540291774,NA,678.148,0.9445817154959408,0.6049836245531477,1975,9,0,52,52,Point(8.645278 50.068611),8.645278,50.068611,8.6735447932538,50.1176131033912,3.614177684763018,11.034905792929417,7.534658700201382,6.5208390714066216,1.52913366892837,1,0,FALSE,postwar,Europe,0.8429752066115702,1.1552713117888287,train,0.35042271239089673,0.625,0,11.034905792929417,0,7.534658700201382,0,6.5208390714066216,0,1.52913366892837,0,0,0,52,0,52,0,0.8429752066115702,0,1.1552713117888287,0,0.9445817154959408,0,0.6049836245531477,0,0.625,0,0.35042271239089673
S-086,S-086,Waldstadion,Frankfurt,Germany,WC-2006,2006,2000,2005,62000,Single-purpose,New,in use,NA,NA,https://en.wikipedia.org/wiki/Waldstadion_(Frankfurt),DEU,23925.8559901991,NA,706.882,0.9398723547195162,0.4204858468372157,2000,0,1,20,21,Point(8.645278 50.068611),8.645278,50.068611,8.6735447932538,50.1176131033912,3.614177684763018,11.034905792929417,10.082756788660268,6.562277413136621,1.52913366892837,1,1,FALSE,recent,Europe,0.8910891089108911,1.2454796599286724,train,0.2112100031426289,0.6666666666666666,0,11.034905792929417,0,10.082756788660268,0,6.562277413136621,0,1.52913366892837,0,1,0,20,0,21,0,0.8910891089108911,0,1.2454796599286724,0,0.9398723547195162,0,0.4204858468372157,0,0.6666666666666666,0,0.2112100031426289
S-086,S-086,Waldstadion,Frankfurt,Germany,WC-2011,2011,2007,2005,62000,Single-purpose,Existing,in use,NA,NA,https://en.wikipedia.org/wiki/Waldstadion_(Frankfurt),DEU,42350.9217211489,NA,730.71,0.9382585751978892,0.3836216532564875,2007,0,6,15,21,Point(8.645278 50.068611),8.645278,50.068611,8.6735447932538,50.1176131033912,3.614177684763018,11.034905792929417,10.65376907617345,6.595384260599929,1.52913366892837,0,1,FALSE,recent,Europe,0.875,1.0602595323521091,train,-0.04751148529429905,0.7272727272727273,0,11.034905792929417,0,10.65376907617345,0,6.595384260599929,0,1.52913366892837,0,6,0,15,0,21,0,0.875,0,1.0602595323521091,0,0.9382585751978892,0,0.3836216532564875,0,0.7272727272727273,0,-0.04751148529429905
S-087,S-087,Arena AufShalke,Gelsenkirchen,Germany,WC-2006,2006,2000,2001,52000,Single-purpose,New,in use,NA,NA,https://en.wikipedia.org/wiki/Arena_AufSchalke,DEU,23925.8559901991,NA,2709.378,0.9867875937744932,2.4087832556706164,2000,0,5,20,25,Point(7.067588888 51.554502777),7.067588888,51.554502777,6.97216877251344,51.4886212700177,6.13458178151735,10.859018228147889,10.082756788660268,7.904843387541677,1.964953634146728,1,1,FALSE,recent,Europe,0.8910891089108911,1.2454796599286724,train,-0.492823340666134,0.4444444444444444,0,10.859018228147889,0,10.082756788660268,0,7.904843387541677,0,1.964953634146728,0,5,0,20,0,25,0,0.8910891089108911,0,1.2454796599286724,0,0.9867875937744932,0,2.4087832556706164,0,0.4444444444444444,0,-0.492823340666134
S-088,S-088,Parkstadion,Gelsenkirchen,Germany,WC-1974,1974,1966,1973,72000,Multi-purpose,New,in use,rebuilt 2020,NA,https://en.wikipedia.org/wiki/Parkstadion,DEU,1870.80540291774,NA,2851.143,0.9918813978115072,3.560410708535867,1975,9,1,52,53,Point(7.067835 51.559368),7.067835,51.559368,6.97216877251344,51.4886212700177,6.395221439526118,11.184435286790633,7.534658700201382,7.95582592052966,2.0008340402074873,1,0,FALSE,postwar,Europe,0.8429752066115702,1.1552713117888287,train,0.9110990522163316,0.8333333333333334,0,11.184435286790633,0,7.534658700201382,0,7.95582592052966,0,2.0008340402074873,0,1,0,52,0,53,0,0.8429752066115702,0,1.1552713117888287,0,0.9918813978115072,0,3.560410708535867,0,0.8333333333333334,0,0.9110990522163316
S-089,S-089,Volksparkstadion,Hamburg,Germany,WC-1974,1974,1966,1953,61000,Single-purpose,Existing,in use,NA,NA,https://en.wikipedia.org/wiki/Volksparkstadion,DEU,1870.80540291774,NA,1623.382,0.9823508648076243,1.8905688027525096,1975,9,21,52,73,Point(9.898611 53.586944),9.898611,53.586944,9.99393549574449,53.5746498512905,4.005897324124649,11.0186455364637,7.534658700201382,7.39288271473622,1.6106166822368426,0,1,FALSE,postwar,Europe,0.8429752066115702,1.1552713117888287,test,0.2943550784083533,0.5833333333333334,0,11.0186455364637,0,7.534658700201382,0,7.39288271473622,0,1.6106166822368426,0,21,0,52,0,73,0,0.8429752066115702,0,1.1552713117888287,0,0.9823508648076243,0,1.8905688027525096,0,0.5833333333333334,0,0.2943550784083533
S-089,S-089,Volksparkstadion,Hamburg,Germany,WC-2006,2006,2000,1953,61000,Single-purpose,Existing,in use,NA,NA,https://en.wikipedia.org/wiki/Volksparkstadion,DEU,23925.8559901991,NA,1565.144,0.9735751875489866,1.2726623858665929,2000,0,53,20,73,Point(9.898611 53.586944),9.898611,53.586944,9.99393549574449,53.5746498512905,4.005897324124649,11.0186455364637,10.082756788660268,7.356371826346224,1.6106166822368426,0,1,FALSE,recent,Europe,0.8910891089108911,1.2454796599286724,test,0.14080666876175257,0.5555555555555556,0,11.0186455364637,0,10.082756788660268,0,7.356371826346224,0,1.6106166822368426,0,53,0,20,0,73,0,0.8910891089108911,0,1.2454796599286724,0,0.9735751875489866,0,1.2726623858665929,0,0.5555555555555556,0,0.14080666876175257
S-090,S-090,Niedersachsenstadion,Hanover,Germany,WC-1974,1974,1966,1954,60000,Multi-purpose,Existing,in use,NA,NA,https://en.wikipedia.org/wiki/Niedersachsenstadion,DEU,1870.80540291774,NA,620.256,0.9417578538651606,0.526246404842137,1975,9,20,52,72,Point(9.731111 52.36),9.731111,52.36,9.75256346503945,52.378297770762,1.5565342654793914,11.002116507732016,7.534658700201382,6.431743235311887,0.9386525387257748,0,0,FALSE,postwar,Europe,0.8429752066115702,1.1552713117888287,train,0.2382874444258098,0.5833333333333334,0,11.002116507732016,0,7.534658700201382,0,6.431743235311887,0,0.9386525387257748,0,20,0,52,0,72,0,0.8429752066115702,0,1.1552713117888287,0,0.9417578538651606,0,0.526246404842137,0,0.5833333333333334,0,0.2382874444258098
S-090,S-090,Niedersachsenstadion,Hanover,Germany,WC-2006,2006,2000,1954,60000,Single-purpose,Existing,in use,NA,NA,https://en.wikipedia.org/wiki/Niedersachsenstadion,DEU,23925.8559901991,NA,579.89,0.925428283506886,0.2943942768452801,2000,0,52,20,72,Point(9.731111 52.36),9.731111,52.36,9.75256346503945,52.378297770762,1.5565342654793914,11.002116507732016,10.082756788660268,6.364561410183416,0.9386525387257748,0,1,FALSE,recent,Europe,0.8910891089108911,1.2454796599286724,train,0.07040333438087629,0.5555555555555556,0,11.002116507732016,0,10.082756788660268,0,6.364561410183416,0,0.9386525387257748,0,52,0,20,0,72,0,0.8910891089108911,0,1.2454796599286724,0,0.925428283506886,0,0.2943942768452801,0,0.5555555555555556,0,0.07040333438087629
S-091,S-091,Fritz-Walter-Stadion,Kaiserslautern,Germany,WC-2006,2006,2000,1920,46000,Single-purpose,Existing,in use,NA,NA,https://en.wikipedia.org/wiki/Fritz-Walter-Stadion,DEU,23925.8559901991,NA,66.199,0.23256074347777408,-0.2156544244959651,2000,0,86,20,106,Point(7.775833 49.434444),7.775833,49.434444,7.76199954650996,49.4417622355343,0.8021289722871265,10.736418414365376,10.082756788660268,4.207658366466,0.5889687283714741,0,1,FALSE,recent,Europe,0.8910891089108911,1.2454796599286724,train,-0.9152433469513916,0.3333333333333333,0,10.736418414365376,0,10.082756788660268,0,4.207658366466,0,0.5889687283714741,0,86,0,20,0,106,0,0.8910891089108911,0,1.2454796599286724,0,0.23256074347777408,0,-0.2156544244959651,0,0.3333333333333333,0,-0.9152433469513916
S-092,S-092,Zentralstadion,Leipzig,Germany,WC-2006,2006,2000,2004,43000,Single-purpose,New,in use,NA,NA,https://en.wikipedia.org/wiki/Red_Bull_Arena_(Leipzig),DEU,23925.8559901991,NA,447.209,0.8994513492330086,0.16265404440465378,2000,0,2,20,22,Point(12.348056 51.345833),12.348056,51.345833,12.3725937574042,51.3396157463662,1.1441349907507592,10.66897865021924,10.082756788660268,6.105259641486505,0.7627362033304244,1,1,FALSE,recent,Europe,0.8910891089108911,1.2454796599286724,train,-1.1264533500940206,0.1111111111111111,0,10.66897865021924,0,10.082756788660268,0,6.105259641486505,0,0.7627362033304244,0,2,0,20,0,22,0,0.8910891089108911,0,1.2454796599286724,0,0.8994513492330086,0,0.16265404440465378,0,0.1111111111111111,0,-1.1264533500940206
S-093,S-093,BayArena,Leverkusen,Germany,WC-2011,2011,2007,1958,30000,Single-purpose,Existing,in use,NA,NA,https://en.wikipedia.org/wiki/BayArena,DEU,42350.9217211489,NA,975.854,0.9547229551451188,0.6042902144042076,2007,0,53,15,68,Point(7.002205555 51.038255555),7.002205555,51.038255555,6.97174042360981,50.9664308711368,5.1421134601915455,10.308985993422082,10.65376907617345,6.884337203823754,1.8151688946893556,0,1,FALSE,recent,Europe,0.875,1.0602595323521091,test,-0.7164731982380298,0.09090909090909093,0,10.308985993422082,0,10.65376907617345,0,6.884337203823754,0,1.8151688946893556,0,53,0,15,0,68,0,0.875,0,1.0602595323521091,0,0.9547229551451188,0,0.6042902144042076,0,0.09090909090909093,0,-0.7164731982380298
S-094,S-094,Borussia-Park,Mönchengladbach,Germany,WC-2011,2011,2007,2004,46000,Single-purpose,Existing,in use,NA,NA,https://en.wikipedia.org/wiki/Borussia-Park,DEU,42350.9217211489,NA,210.511,0.7622163588390501,-0.08464012284442811,2007,0,7,15,22,Point(6.385463888 51.174583333),6.385463888,51.174583333,6.44305607964969,51.1817906418755,2.54665911770456,10.736418414365376,10.65376907617345,5.354277006590152,1.266006066776364,0,1,FALSE,recent,Europe,0.875,1.0602595323521091,test,-0.3819923417661644,0.5454545454545454,0,10.736418414365376,0,10.65376907617345,0,5.354277006590152,0,1.266006066776364,0,7,0,15,0,22,0,0.875,0,1.0602595323521091,0,0.7622163588390501,0,-0.08464012284442811,0,0.5454545454545454,0,-0.3819923417661644
S-095,S-095,Allianz Arena,Munich,Germany,WC-2006,2006,2000,2005,66000,Single-purpose,New,in use,NA,NA,https://en.wikipedia.org/wiki/Allianz_Arena,DEU,23925.8559901991,NA,1271.276,0.9674168626133692,0.9808780412591362,2000,0,1,20,21,Point(11.624752777 48.218775),11.624752777,48.218775,11.5576103090309,48.1396053528052,6.291227832337487,11.097425172408933,10.082756788660268,7.148562701495142,1.9866719587707833,1,1,FALSE,recent,Europe,0.8910891089108911,1.2454796599286724,test,0.492823340666134,0.7777777777777778,0,11.097425172408933,0,10.082756788660268,0,7.148562701495142,0,1.9866719587707833,0,1,0,20,0,21,0,0.8910891089108911,0,1.2454796599286724,0,0.9674168626133692,0,0.9808780412591362,0,0.7777777777777778,0,0.492823340666134
S-096,S-096,Olympiastadion,Munich,Germany,WC-1974,1974,1966,1972,78000,Multi-purpose,New,in use,NA,NA,https://en.wikipedia.org/wiki/Olympiastadion_(Munich),DEU,1870.80540291774,NA,1376.229,0.9774091069537592,1.5544232202327242,1975,9,2,52,54,Point(11.546666666 48.173055555),11.546666666,48.173055555,11.5576103090309,48.1396053528052,2.3682456948700916,11.264476926102368,7.534658700201382,7.2278287884602115,1.2143920435026556,1,0,FALSE,postwar,Europe,0.8429752066115702,1.1552713117888287,train,1.2475048561115925,0.9166666666666666,0,11.264476926102368,0,7.534658700201382,0,7.2278287884602115,0,1.2143920435026556,0,2,0,52,0,54,0,0.8429752066115702,0,1.1552713117888287,0,0.9774091069537592,0,1.5544232202327242,0,0.9166666666666666,0,1.2475048561115925
S-097,S-097,Frankenstadion,Nuremberg,Germany,WC-2006,2006,2000,1928,41000,Multi-purpose,Existing,in use,NA,NA,https://en.wikipedia.org/wiki/Nuremberg,DEU,23925.8559901991,NA,567.746,0.923412831709775,0.2823363832300754,2000,0,78,20,98,Point(11.0775 49.453888888),11.0775,49.453888888,11.0539087116879,49.4458106527262,1.1990367792629606,10.62135173563291,10.082756788660268,6.343433937273396,0.7880194368820326,0,0,FALSE,recent,Europe,0.8910891089108911,1.2454796599286724,test,-1.267260018855773,0,0,10.62135173563291,0,10.082756788660268,0,6.343433937273396,0,0.7880194368820326,0,78,0,20,0,98,0,0.8910891089108911,0,1.2454796599286724,0,0.923412831709775,0,0.2823363832300754,0,0,0,-1.267260018855773
S-098,S-098,Rhein-Neckar-Arena,Sinsheim,Germany,WC-2011,2011,2007,2009,30000,Multi-purpose,New,in use,NA,NA,https://en.wikipedia.org/wiki/Rhein-Neckar-Arena,DEU,42350.9217211489,NA,NA,NA,NA,NA,NA,2,15,17,Point(8.888278 49.239),8.888278,49.239,NA,NA,NA,10.308985993422082,10.65376907617345,NA,NA,1,0,FALSE,recent,Europe,0.875,1.0602595323521091,train,-0.7164731982380298,0.09090909090909093,0,10.308985993422082,0,10.65376907617345,1,6.947718727117041,1,1.4190933953218807,0,2,0,15,0,17,0,0.875,0,1.0602595323521091,1,0.9608729538038422,1,0.7243927925395678,0,0.09090909090909093,0,-0.7164731982380298
S-099,S-099,Neckarstadion,Stuttgart,Germany,WC-1974,1974,1966,1929,72000,Multi-purpose,Existing,in use,NA,NA,https://en.wikipedia.org/wiki/Mercedes-Benz_Arena_(Stuttgart),DEU,1870.80540291774,NA,773.913,0.9534062830921284,0.7352308062988973,1975,9,45,52,97,Point(9.231944 48.792222),9.231944,48.792222,9.20135599405822,48.7930825252067,1.395129522991504,11.184435286790633,7.534658700201382,6.652750764987423,0.8734373099815804,0,0,FALSE,postwar,Europe,0.8429752066115702,1.1552713117888287,train,0.9110990522163316,0.8333333333333334,0,11.184435286790633,0,7.534658700201382,0,6.652750764987423,0,0.8734373099815804,0,45,0,52,0,97,0,0.8429752066115702,0,1.1552713117888287,0,0.9534062830921284,0,0.7352308062988973,0,0.8333333333333334,0,0.9110990522163316
S-099,S-099,Neckarstadion,Stuttgart,Germany,WC-2006,2006,2000,1929,72000,Multi-purpose,Existing,in use,NA,NA,https://en.wikipedia.org/wiki/Mercedes-Benz_Arena_(Stuttgart),DEU,23925.8559901991,NA,787.622,0.9462546187437018,0.5006533641701885,2000,0,77,20,97,Point(9.231944 48.792222),9.231944,48.792222,9.20135599405822,48.7930825252067,1.395129522991504,11.184435286790633,10.082756788660268,6.6702871185943415,0.8734373099815804,0,0,FALSE,recent,Europe,0.8910891089108911,1.2454796599286724,train,0.9152433469513916,0.8888888888888888,0,11.184435286790633,0,10.082756788660268,0,6.6702871185943415,0,0.8734373099815804,0,77,0,20,0,97,0,0.8910891089108911,0,1.2454796599286724,0,0.9462546187437018,0,0.5006533641701885,0,0.8888888888888888,0,0.9152433469513916
S-100,S-100,Volkswagen Arena,Wolfsburg,Germany,WC-2011,2011,2007,2002,26000,Single-purpose,Existing,in use,NA,NA,https://en.wikipedia.org/wiki/Volkswagen_Arena,DEU,42350.9217211489,NA,71.928,0.28641077918624236,-0.19737361724234423,2020,13,9,15,24,Point(10.803889 52.431944),10.803889,52.431944,10.7620575202004,52.4232238750564,1.8646191877358087,10.165890277802454,10.65376907617345,4.289472653063274,1.05243542256636,0,1,FALSE,recent,Europe,0.875,1.0602595323521091,test,-0.8000934123559962,0,0,10.165890277802454,0,10.65376907617345,0,4.289472653063274,0,1.05243542256636,0,9,0,15,0,24,0,0.875,0,1.0602595323521091,0,0.28641077918624236,0,-0.19737361724234423,0,0,0,-0.8000934123559962
S-101,S-101,Stadio San Nicola,Bari,Italy,WC-1990,1990,1984,1990,51000,Multi-purpose,New,in use,NA,NA,https://en.wikipedia.org/wiki/Stadio_San_Nicola,ITA,7757.55374836822,NA,248.704,0.8173560421735604,-0.01903895902326298,1984,0,0,36,36,Point(16.840072 41.084736),16.840072,41.084736,16.8700673396439,41.1081519834582,2.2512728706060257,10.839600519357369,8.956551223174765,5.520276216380489,1.1790465721599892,1,0,FALSE,postwar,Europe,0.8181818181818182,0.597271311946225,train,0.2253979236666416,0.6666666666666666,0,10.839600519357369,0,8.956551223174765,0,5.520276216380489,0,1.1790465721599892,0,0,0,36,0,36,0,0.8181818181818182,0,0.597271311946225,0,0.8173560421735604,0,-0.01903895902326298,0,0.6666666666666666,0,0.2253979236666416
S-102,S-102,Stadio Renato Dall'Ara,Bologna,Italy,WC-1934,1934,1932,1927,50000,Multi-purpose,Existing,in use,NA,NA,https://en.wikipedia.org/wiki/Stadio_Renato_Dall%27Ara,ITA,NA,NA,447.707,0.9202259089304624,0.2915675455193432,1975,43,7,92,99,Point(11.3098 44.4922),11.3098,44.4922,11.3403927204957,44.4944394319832,1.5174278770362315,10.819798284210286,NA,6.1063701134842745,0.9232376965552076,0,0,FALSE,pre-WWII,Europe,NA,NA,test,0.41102960272502015,0.8333333333333334,0,10.819798284210286,1,8.956551223174765,0,6.1063701134842745,0,0.9232376965552076,0,7,0,92,0,99,1,0.8181818181818182,1,0.597271311946225,0,0.9202259089304624,0,0.2915675455193432,0,0.8333333333333334,0,0.41102960272502015
S-102,S-102,Stadio Renato Dall'Ara,Bologna,Italy,WC-1990,1990,1984,1927,50000,Multi-purpose,Existing,in use,NA,NA,https://en.wikipedia.org/wiki/Stadio_Renato_Dall%27Ara,ITA,7757.55374836822,NA,444.427,0.9059205190592052,0.2104652501663155,1984,0,63,36,99,Point(11.3098 44.4922),11.3098,44.4922,11.3403927204957,44.4944394319832,1.5174278770362315,10.819798284210286,8.956551223174765,6.099033372653684,0.9232376965552076,0,0,FALSE,postwar,Europe,0.8181818181818182,0.597271311946225,test,0.15995981679568114,0.5555555555555556,0,10.819798284210286,0,8.956551223174765,0,6.099033372653684,0,0.9232376965552076,0,63,0,36,0,99,0,0.8181818181818182,0,0.597271311946225,0,0.9059205190592052,0,0.2104652501663155,0,0.5555555555555556,0,0.15995981679568114
S-103,S-103,Stadio Sant'Elia,Cagliari,Italy,WC-1990,1990,1984,1970,35000,Single-purpose,Existing,not in use,demolished 2017,replaced by successor stadium,https://en.wikipedia.org/wiki/Stadio_Sant%27Elia,ITA,7757.55374836822,NA,264.013,0.8290348742903487,-0.00108767103726619,1984,0,20,36,56,Point(9.134805555 39.199416666),9.134805555,39.199416666,9.14199258177793,39.2366147326997,2.601690301288075,10.463131911491969,8.956551223174765,5.57977888138676,1.281403263403797,0,1,FALSE,postwar,Europe,0.8181818181818182,0.597271311946225,train,-0.8216117862687254,0.2222222222222222,0,10.463131911491969,0,8.956551223174765,0,5.57977888138676,0,1.281403263403797,0,20,0,36,0,56,0,0.8181818181818182,0,0.597271311946225,0,0.8290348742903487,0,-0.00108767103726619,0,0.2222222222222222,0,-0.8216117862687254
S-104,S-104,Stadio Comunale,Florence,Italy,WC-1990,1990,1984,1931,39000,Single-purpose,Existing,in use,NA,NA,https://en.wikipedia.org/wiki/Stadio_Artemio_Franchi,ITA,7757.55374836822,NA,433.663,0.902676399026764,0.19784341569761932,1984,0,59,36,95,Point(11.282258 43.780822),11.282258,43.780822,11.2323707712498,43.7800015354818,2.492072685185275,10.5713425658087,8.956551223174765,6.0745710182000865,1.2504954525331469,0,1,FALSE,postwar,Europe,0.8181818181818182,0.597271311946225,train,-0.5598593587848837,0.5555555555555556,0,10.5713425658087,0,8.956551223174765,0,6.0745710182000865,0,1.2504954525331469,0,59,0,36,0,95,0,0.8181818181818182,0,0.597271311946225,0,0.902676399026764,0,0.19784341569761932,0,0.5555555555555556,0,-0.5598593587848837
S-105,S-105,Stadio Giovanni Berta,Florence,Italy,WC-1934,1934,1932,1931,47000,Single-purpose,Existing,in use,NA,NA,https://en.wikipedia.org/wiki/Stadio_Artemio_Franchi_(Florence),ITA,NA,NA,431.514,0.916166607836216,0.26954391878714545,1975,43,3,92,95,Point(11.282258 43.780822),11.282258,43.780822,11.2323707712498,43.7800015354818,2.492072685185275,10.757924157061597,NA,6.069614695790236,1.2504954525331469,0,1,FALSE,pre-WWII,Europe,NA,NA,train,0.27651082365137714,0.8333333333333334,0,10.757924157061597,1,8.956551223174765,0,6.069614695790236,0,1.2504954525331469,0,3,0,92,0,95,1,0.8181818181818182,1,0.597271311946225,0,0.916166607836216,0,0.26954391878714545,0,0.8333333333333334,0,0.27651082365137714
S-106,S-106,Stadio Luigi Ferraris,Genoa,Italy,WC-1934,1934,1932,1911,37000,Multi-purpose,Existing,in use,NA,NA,https://en.wikipedia.org/wiki/Stadio_Luigi_Ferraris,ITA,NA,NA,741.481,0.9500529474055772,0.6911209895769409,1975,43,23,92,115,Point(8.952428 44.416431),8.952428,44.416431,8.92140679118141,44.4177940366646,1.535539088810121,10.518700218288163,NA,6.609997281123856,0.9304062727423138,0,0,FALSE,pre-WWII,Europe,NA,NA,test,-0.17188510659409947,0.3333333333333333,0,10.518700218288163,1,8.956551223174765,0,6.609997281123856,0,0.9304062727423138,0,23,0,92,0,115,1,0.8181818181818182,1,0.597271311946225,0,0.9500529474055772,0,0.6911209895769409,0,0.3333333333333333,0,-0.17188510659409947
S-106,S-106,Stadio Luigi Ferraris,Genoa,Italy,WC-1990,1990,1984,1911,37000,Multi-purpose,Existing,in use,NA,NA,https://en.wikipedia.org/wiki/Stadio_Luigi_Ferraris,ITA,7757.55374836822,NA,698.527,0.940632603406326,0.5084221563810777,1984,0,79,36,115,Point(8.952428 44.416431),8.952428,44.416431,8.92140679118141,44.4177940366646,1.535539088810121,10.518700218288163,8.956551223174765,6.550404392359899,0.9304062727423138,0,0,FALSE,postwar,Europe,0.8181818181818182,0.597271311946225,test,-0.6907355725268046,0.4444444444444444,0,10.518700218288163,0,8.956551223174765,0,6.550404392359899,0,0.9304062727423138,0,79,0,36,0,115,0,0.8181818181818182,0,0.597271311946225,0,0.940632603406326,0,0.5084221563810777,0,0.4444444444444444,0,-0.6907355725268046
S-107,S-107,San Siro,Milan,Italy,WC-1934,1934,1932,1926,75000,Single-purpose,Existing,in use,NA,NA,https://en.wikipedia.org/wiki/San_Siro,ITA,NA,NA,2544.708,0.9902929756441934,3.1436374078700835,1975,43,8,92,100,Point(9.123888888 45.478055555),9.123888888,45.478055555,9.19240351352659,45.5181467423715,4.327258689102235,11.225256725762891,NA,7.842164082830636,1.672836788629667,0,1,FALSE,pre-WWII,Europe,NA,NA,train,1.5320194283387116,1,0,11.225256725762891,1,8.956551223174765,0,7.842164082830636,0,1.672836788629667,0,8,0,92,0,100,1,0.8181818181818182,1,0.597271311946225,0,0.9902929756441934,0,3.1436374078700835,0,1,0,1.5320194283387116
S-107,S-107,San Siro,Milan,Italy,WC-1990,1990,1984,1926,75000,Single-purpose,Existing,in use,NA,NA,https://en.wikipedia.org/wiki/San_Siro,ITA,7757.55374836822,NA,2583.583,0.9896188158961882,2.7188332299803486,1984,0,64,36,100,Point(9.123888888 45.478055555),9.123888888,45.478055555,9.19240351352659,45.5181467423715,4.327258689102235,11.225256725762891,8.956551223174765,7.857319458649356,1.672836788629667,0,1,FALSE,postwar,Europe,0.8181818181818182,0.597271311946225,train,1.7959124885696922,1,0,11.225256725762891,0,8.956551223174765,0,7.857319458649356,0,1.672836788629667,0,64,0,36,0,100,0,0.8181818181818182,0,0.597271311946225,0,0.9896188158961882,0,2.7188332299803486,0,1,0,1.7959124885696922
S-108,S-108,Stadio Giorgio Ascarelli,Naples,Italy,WC-1934,1934,1932,1934,40000,Multi-purpose,New,not in use,"destroyed 1942, war",war,https://en.wikipedia.org/wiki/Stadio_Giorgio_Ascarelli,ITA,NA,NA,2594.394,0.9908224496999648,3.211213886460584,1975,43,0,92,92,Point(14.293333 40.859722),14.293333,40.859722,14.3092110700935,40.8614542525246,0.8392462317494804,10.59665973278358,NA,7.861493614518074,0.6093558310307915,1,0,FALSE,pre-WWII,Europe,NA,NA,train,-0.03736632752045649,0.5,0,10.59665973278358,1,8.956551223174765,0,7.861493614518074,0,0.6093558310307915,0,0,0,92,0,92,1,0.8181818181818182,1,0.597271311946225,0,0.9908224496999648,0,3.211213886460584,0,0.5,0,-0.03736632752045649
S-109,S-109,Stadio San Paolo,Naples,Italy,WC-1990,1990,1984,1959,60000,Multi-purpose,Existing,in use,NA,NA,https://en.wikipedia.org/wiki/Stadio_San_Paolo,ITA,7757.55374836822,NA,2759.365,0.9905920519059204,2.924954681724713,1984,0,31,36,67,Point(14.193008 40.827967),14.193008,40.827967,14.3092110700935,40.8614542525246,6.5067854895815715,11.002116507732016,8.956551223174765,7.923118196344226,2.0158073434632144,0,0,FALSE,postwar,Europe,0.8181818181818182,0.597271311946225,train,0.8143408855052855,0.7777777777777778,0,11.002116507732016,0,8.956551223174765,0,7.923118196344226,0,2.0158073434632144,0,31,0,36,0,67,0,0.8181818181818182,0,0.597271311946225,0,0.9905920519059204,0,2.924954681724713,0,0.7777777777777778,0,0.8143408855052855
S-110,S-110,Stadio La Favorita,Palermo,Italy,WC-1990,1990,1984,1932,33000,Multi-purpose,Existing,in use,NA,NA,https://en.wikipedia.org/wiki/Stadio_Renzo_Barbera,ITA,7757.55374836822,NA,712.659,0.9422546634225466,0.5249932976586338,1984,0,58,36,94,Point(13.342275 38.152767),13.342275,38.152767,13.3466907885868,38.1219594904434,2.1444824211585094,10.404293143019792,8.956551223174765,6.570405257220246,1.145649304640274,0,0,FALSE,postwar,Europe,0.8181818181818182,0.597271311946225,train,-0.9524880000106464,0.1111111111111111,0,10.404293143019792,0,8.956551223174765,0,6.570405257220246,0,1.145649304640274,0,58,0,36,0,94,0,0.8181818181818182,0,0.597271311946225,0,0.9422546634225466,0,0.5249932976586338,0,0.1111111111111111,0,-0.9524880000106464
S-111,S-111,Stadio Nazionale PNF,Rome,Italy,WC-1934,1934,1932,1911,47000,Multi-purpose,Existing,not in use,demolished 1957,replaced by successor stadium,https://en.wikipedia.org/wiki/Stadio_Nazionale_PNF,ITA,NA,NA,1938.676,0.9864101659018708,2.3193909707820017,1975,43,23,92,115,Point(12.472222 41.927222),12.472222,41.927222,12.5140259735732,41.8887035629011,3.4248905048879656,10.757924157061597,NA,7.570276227800321,1.4872455334956518,0,0,FALSE,pre-WWII,Europe,NA,NA,train,0.27651082365137714,0.8333333333333334,0,10.757924157061597,1,8.956551223174765,0,7.570276227800321,0,1.4872455334956518,0,23,0,92,0,115,1,0.8181818181818182,1,0.597271311946225,0,0.9864101659018708,0,2.3193909707820017,0,0.8333333333333334,0,0.27651082365137714
S-112,S-112,Stadio Olimpico,Rome,Italy,WC-1990,1990,1984,1953,74000,Multi-purpose,Existing,in use,NA,NA,https://en.wikipedia.org/wiki/Stadio_Olimpico,ITA,7757.55374836822,NA,2113.712,0.9852392538523924,2.1678638892482094,1984,0,37,36,73,Point(12.454722222 41.933888888),12.454722222,41.933888888,12.5140259735732,41.8887035629011,4.368953787316799,11.211833885608511,8.956551223174765,7.656673911995608,1.6806330640867193,0,0,FALSE,postwar,Europe,0.8181818181818182,0.597271311946225,test,1.7304743816987316,0.8888888888888888,0,11.211833885608511,0,8.956551223174765,0,7.656673911995608,0,1.6806330640867193,0,37,0,36,0,73,0,0.8181818181818182,0,0.597271311946225,0,0.9852392538523924,0,2.1678638892482094,0,0.8888888888888888,0,1.7304743816987316
S-113,S-113,Stadio Littorio,Trieste,Italy,WC-1934,1934,1932,1932,8000,Multi-purpose,Existing,in use,NA,NA,https://en.wikipedia.org/wiki/Stadio_Giuseppe_Grezar,ITA,NA,NA,236.638,0.832333215672432,0.00449875834351053,1975,43,2,92,94,Point(13.79425764 45.62381518),13.79425764,45.62381518,13.7879675282265,45.6444490374391,1.459327181442809,8.987321812850125,NA,5.470748507360558,0.899887809056841,0,0,FALSE,pre-WWII,Europe,NA,NA,train,-1.4722333043059816,0.16666666666666666,0,8.987321812850125,1,8.956551223174765,0,5.470748507360558,0,0.899887809056841,0,2,0,92,0,94,1,0.8181818181818182,1,0.597271311946225,0,0.832333215672432,0,0.00449875834351053,0,0.16666666666666666,0,-1.4722333043059816
S-114,S-114,Stadio Benito Mussolini,Turin,Italy,WC-1934,1934,1932,1933,28000,Multi-purpose,New,in use,NA,NA,https://en.wikipedia.org/wiki/Stadio_Olimpico_Grande_Torino,ITA,NA,NA,1275.883,0.9752912107306742,1.4179455540764143,1975,43,1,92,93,Point(7.65 45.041667),7.65,45.041667,7.64722894308938,45.0661095934941,1.6961298125059705,10.239995502805316,NA,7.152177230848393,0.9918173419301912,1,0,FALSE,pre-WWII,Europe,NA,NA,train,-0.5754414438150285,0.3333333333333333,0,10.239995502805316,1,8.956551223174765,0,7.152177230848393,0,0.9918173419301912,0,1,0,92,0,93,1,0.8181818181818182,1,0.597271311946225,0,0.9752912107306742,0,1.4179455540764143,0,0.3333333333333333,0,-0.5754414438150285
S-115,S-115,Stadio delle Alpi,Turin,Italy,WC-1990,1990,1984,1990,63000,Multi-purpose,New,in use,rebuilt 2011,NA,https://en.wikipedia.org/wiki/Stadio_delle_Alpi,ITA,7757.55374836822,NA,1274.9,0.9688564476885644,1.1842754263760449,1984,0,0,36,36,Point(7.641261111 45.109561111),7.641261111,45.109561111,7.64722894308938,45.0661095934941,3.0196778788545533,11.050905878263569,8.956551223174765,7.151407090927697,1.391201769782208,1,0,FALSE,postwar,Europe,0.8181818181818182,0.597271311946225,train,1.0106552061181668,0.8888888888888888,0,11.050905878263569,0,8.956551223174765,0,7.151407090927697,0,1.391201769782208,0,0,0,36,0,36,0,0.8181818181818182,0,0.597271311946225,0,0.9688564476885644,0,1.1842754263760449,0,0.8888888888888888,0,1.0106552061181668
S-116,S-116,Stadio Friuli,Udine,Italy,WC-1990,1990,1984,1976,36000,Single-purpose,Existing,in use,NA,NA,https://en.wikipedia.org/wiki/Stadio_Friuli,ITA,7757.55374836822,NA,77.192,0.32068126520681267,-0.2201534214345431,1984,0,14,36,50,Point(13.200136 46.081603),13.200136,46.081603,13.2365470112557,46.0666773453474,2.0294408699111948,10.491301994830229,8.956551223174765,4.359167340527799,1.108378071110823,0,1,FALSE,postwar,Europe,0.8181818181818182,0.597271311946225,train,-0.756173679397765,0.4444444444444444,0,10.491301994830229,0,8.956551223174765,0,4.359167340527799,0,1.108378071110823,0,14,0,36,0,50,0,0.8181818181818182,0,0.597271311946225,0,0.32068126520681267,0,-0.2201534214345431,0,0.4444444444444444,0,-0.756173679397765
S-117,S-117,Stadio Marc'Antonio Bentegodi,Verona,Italy,WC-1990,1990,1984,1963,36000,Multi-purpose,Existing,in use,NA,NA,https://en.wikipedia.org/wiki/Stadio_Marc%27Antonio_Bentegodi,ITA,7757.55374836822,NA,200.134,0.7693430656934307,-0.07599199694081908,1984,0,27,36,63,Point(10.968647 45.435356),10.968647,45.435356,10.9895172348855,45.4377552416273,1.026485646135086,10.491301994830229,8.956551223174765,5.303971352602236,0.7063030839795156,0,0,FALSE,postwar,Europe,0.8181818181818182,0.597271311946225,train,-0.756173679397765,0.4444444444444444,0,10.491301994830229,0,8.956551223174765,0,5.303971352602236,0,0.7063030839795156,0,27,0,36,0,63,0,0.8181818181818182,0,0.597271311946225,0,0.7693430656934307,0,-0.07599199694081908,0,0.4444444444444444,0,-0.756173679397765
S-118,S-118,Kashima Stadium,Ibaraki,Japan,WC-2002,2002,1996,1993,42000,Single-purpose,Existing,in use,NA,NA,https://en.wikipedia.org/wiki/Kashima_Soccer_Stadium,JPN,39929.7185750327,NA,14976.794,0.9988839285714286,15.266956938495015,1996,0,9,24,33,Point(140.640525 35.991744),140.640525,35.991744,135.479603274489,34.7225105202779,304.0467748453724,10.645448706505872,10.594901195763931,9.61432398320959,5.720465124997708,0,1,FALSE,recent,Asia,0.9747474747474748,2.407833608561742,train,-1.0833448353584645,0.25,0,10.645448706505872,0,10.594901195763931,0,9.61432398320959,0,5.720465124997708,0,9,0,24,0,33,0,0.9747474747474748,0,2.407833608561742,0,0.9988839285714286,0,15.266956938495015,0,0.25,0,-1.0833448353584645
S-119,S-119,Kobe Wing Stadium,Kobe,Japan,WC-2002,2002,1996,2001,42000,Single-purpose,New,in use,NA,NA,https://en.wikipedia.org/wiki/Kobe_Wing_Stadium,JPN,39929.7185750327,NA,14976.794,0.9988839285714286,15.266956938495015,1996,0,1,24,25,Point(135.168888888 34.656666666),135.168888888,34.656666666,135.479603274489,34.7225105202779,18.249516286337197,10.645448706505872,10.594901195763931,9.61432398320959,2.957485932435597,1,1,FALSE,recent,Asia,0.9747474747474748,2.407833608561742,test,-1.0833448353584645,0.25,0,10.645448706505872,0,10.594901195763931,0,9.61432398320959,0,2.957485932435597,0,1,0,24,0,25,0,0.9747474747474748,0,2.407833608561742,0,0.9988839285714286,0,15.266956938495015,0,0.25,0,-1.0833448353584645
S-120,S-120,Miyagi Stadium,Miyagi,Japan,WC-2002,2002,1996,2000,49000,Single-purpose,New,in use,NA,NA,https://en.wikipedia.org/wiki/Miyagi_Stadium,JPN,39929.7185750327,NA,1119.773,0.9621775793650794,0.8712475201936742,1996,0,2,24,26,Point(140.950419444 38.335391666),140.950419444,38.335391666,140.907866398296,38.2719119659416,4.961420004018429,10.799595985047786,10.594901195763931,7.02177390479687,1.7853087084066648,1,1,FALSE,recent,Asia,0.9747474747474748,2.407833608561742,test,-0.4203141164505517,0.375,0,10.799595985047786,0,10.594901195763931,0,7.02177390479687,0,1.7853087084066648,0,2,0,24,0,26,0,0.9747474747474748,0,2.407833608561742,0,0.9621775793650794,0,0.8712475201936742,0,0.375,0,-0.4203141164505517
S-121,S-121,Niigata Stadium,Niigata,Japan,WC-2002,2002,1996,2001,42000,Multi-purpose,New,in use,NA,NA,https://en.wikipedia.org/wiki/Denka_Big_Swan_Stadium,JPN,39929.7185750327,NA,501.224,0.9109623015873016,0.22865257392197016,1996,0,1,24,25,Point(139.059166666 37.8825),139.059166666,37.8825,139.048435839728,37.9053985982911,1.6887569132308875,10.645448706505872,10.594901195763931,6.219046235306801,0.989078972765586,1,0,FALSE,recent,Asia,0.9747474747474748,2.407833608561742,test,-1.0833448353584645,0.25,0,10.645448706505872,0,10.594901195763931,0,6.219046235306801,0,0.989078972765586,0,1,0,24,0,25,0,0.9747474747474748,0,2.407833608561742,0,0.9109623015873016,0,0.22865257392197016,0,0.25,0,-1.0833448353584645
S-122,S-122,Ōita Stadium,Ōita,Japan,WC-2002,2002,1996,2001,43000,Multi-purpose,New,in use,NA,NA,https://en.wikipedia.org/wiki/Showa_Denko_Dome_Oita,JPN,39929.7185750327,NA,406.752,0.8900049603174603,0.1305079972365654,1996,0,1,24,25,Point(131.6575 33.200556),131.6575,33.200556,131.637577184805,33.2320330121462,2.4636990548390343,10.66897865021924,10.594901195763931,6.010659146455373,1.2423371089927784,1,0,FALSE,recent,Asia,0.9747474747474748,2.407833608561742,train,-0.9886261612287623,0.3125,0,10.66897865021924,0,10.594901195763931,0,6.010659146455373,0,1.2423371089927784,0,1,0,24,0,25,0,0.9747474747474748,0,2.407833608561742,0,0.8900049603174603,0,0.1305079972365654,0,0.3125,0,-0.9886261612287623
S-123,S-123,Nagai Stadium,Osaka,Japan,WC-2002,2002,1996,1964,50000,Multi-purpose,Existing,in use,NA,NA,https://en.wikipedia.org/wiki/Nagai_Stadium,JPN,39929.7185750327,NA,14976.794,0.9988839285714286,15.266956938495015,1996,0,38,24,62,Point(135.518333 34.613889),135.518333,34.613889,135.479603274489,34.7225105202779,7.829854825905665,10.819798284210286,10.594901195763931,9.61432398320959,2.178138573473428,0,0,FALSE,recent,Asia,0.9747474747474748,2.407833608561742,train,-0.3255954423208499,0.4375,0,10.819798284210286,0,10.594901195763931,0,9.61432398320959,0,2.178138573473428,0,38,0,24,0,62,0,0.9747474747474748,0,2.407833608561742,0,0.9988839285714286,0,15.266956938495015,0,0.4375,0,-0.3255954423208499
S-124,S-124,Saitama Stadium,Saitama,Japan,WC-2002,2002,1996,2001,63000,Single-purpose,New,in use,NA,NA,https://en.wikipedia.org/wiki/Saitama_Stadium_2002,JPN,39929.7185750327,NA,29438.348,1,30.29070043437869,1996,0,1,24,25,Point(139.717492 35.903142),139.717492,35.903142,139.655776246888,35.6661787766663,16.75279589960612,11.050905878263569,10.594901195763931,10.29008742585844,2.876543018987933,1,1,FALSE,recent,Asia,0.9747474747474748,2.407833608561742,train,0.9057473213652734,0.75,0,11.050905878263569,0,10.594901195763931,0,10.29008742585844,0,2.876543018987933,0,1,0,24,0,25,0,0.9747474747474748,0,2.407833608561742,0,1,0,30.29070043437869,0,0.75,0,0.9057473213652734
S-125,S-125,Sapporo Dome,Sapporo,Japan,WC-2002,2002,1996,2001,42000,Multi-purpose,New,in use,NA,NA,https://en.wikipedia.org/wiki/Sapporo_Dome,JPN,39929.7185750327,NA,1996.53,0.9800347222222222,1.7820882414758048,1996,0,1,24,25,Point(141.409767 43.015172),141.409767,43.015172,141.369539272211,43.0693553937135,4.264107513410917,10.645448706505872,10.594901195763931,7.5996666963011155,1.6609116180946328,1,0,FALSE,recent,Asia,0.9747474747474748,2.407833608561742,train,-1.0833448353584645,0.25,0,10.645448706505872,0,10.594901195763931,0,7.5996666963011155,0,1.6609116180946328,0,1,0,24,0,25,0,0.9747474747474748,0,2.407833608561742,0,0.9800347222222222,0,1.7820882414758048,0,0.25,0,-1.0833448353584645
S-126,S-126,Shizuoka Stadium ECOPA,Shizuoka,Japan,WC-2002,2002,1996,2001,51000,Multi-purpose,New,in use,NA,NA,https://en.wikipedia.org/wiki/Shizuoka_Stadium,JPN,39929.7185750327,NA,399.117,0.8869047619047619,0.12257618841497736,1996,0,1,24,25,Point(137.970503 34.743222),137.970503,34.743222,138.430366160784,34.9893139474733,31.15956262536321,10.839600519357369,10.594901195763931,5.991757004338197,3.4707098442606736,1,0,FALSE,recent,Asia,0.9747474747474748,2.407833608561742,train,-0.2308767681911481,0.5,0,10.839600519357369,0,10.594901195763931,0,5.991757004338197,0,3.4707098442606736,0,1,0,24,0,25,0,0.9747474747474748,0,2.407833608561742,0,0.8869047619047619,0,0.12257618841497736,0,0.5,0,-0.2308767681911481
S-127,S-127,International Stadium Yokohama,Yokohama,Japan,WC-2002,2002,1996,1998,72000,Multi-purpose,New,in use,NA,NA,https://en.wikipedia.org/wiki/International_Stadium_Yokohama,JPN,39929.7185750327,NA,29438.348,1,30.29070043437869,1996,0,4,24,28,Point(139.606247 35.510044),139.606247,35.510044,139.655776246888,35.6661787766663,11.153558456605497,11.184435286790633,10.594901195763931,10.29008742585844,2.4976220039933077,1,0,FALSE,recent,Asia,0.9747474747474748,2.407833608561742,train,1.7582153885325895,1,0,11.184435286790633,0,10.594901195763931,0,10.29008742585844,0,2.4976220039933077,0,4,0,24,0,28,0,0.9747474747474748,0,2.407833608561742,0,1,0,30.29070043437869,0,1,0,1.7582153885325895
S-128,S-128,Estadio Jalisco,Guadalajara,Mexico,WC-1970,1970,1964,1960,71000,Single-purpose,Existing,in use,NA,NA,https://en.wikipedia.org/wiki/Estadio_Jalisco,MEX,480.704214437745,NA,2010.388,0.9872926226614896,2.4169243691775657,1975,11,10,56,66,Point(-103.328139 20.705),-103.328139,20.705,-103.347430134243,20.6567869138028,3.560946872992334,11.170449240431308,6.177330262690169,7.606580309998749,1.5175302495565568,0,1,FALSE,postwar,Americas,0.6491228070175439,-0.22663883066806265,train,0.33684052378171253,0.8,0,11.170449240431308,0,6.177330262690169,0,7.606580309998749,0,1.5175302495565568,0,10,0,56,0,66,0,0.6491228070175439,0,-0.22663883066806265,0,0.9872926226614896,0,2.4169243691775657,0,0.8,0,0.33684052378171253
S-128,S-128,Estadio Jalisco,Guadalajara,Mexico,WC-1986,1986,1983,1960,71000,Single-purpose,Existing,in use,NA,NA,https://en.wikipedia.org/wiki/Estadio_Jalisco,MEX,2169.85285279223,NA,2596.184,0.9899432278994322,2.793329980961839,1983,0,26,40,66,Point(-103.328139 20.705),-103.328139,20.705,-103.347430134243,20.6567869138028,3.560946872992334,11.170449240431308,7.682875389042406,7.862183060134838,1.5175302495565568,0,1,FALSE,postwar,Americas,0.5950920245398773,-0.31421753606403885,train,0.7282166665615523,0.8,0,11.170449240431308,0,7.682875389042406,0,7.862183060134838,0,1.5175302495565568,0,26,0,40,0,66,0,0.5950920245398773,0,-0.31421753606403885,0,0.9899432278994322,0,2.793329980961839,0,0.8,0,0.7282166665615523
S-129,S-129,Estadio Tres de Marzo,Guadalajara,Mexico,WC-1986,1986,1983,1971,30000,Multi-purpose,Existing,in use,NA,NA,https://en.wikipedia.org/wiki/Estadio_Tres_de_Marzo,MEX,2169.85285279223,NA,2596.184,0.9899432278994322,2.793329980961839,1983,0,15,40,55,Point(-103.416111111 20.693888888),-103.416111111,20.693888888,-103.347430134243,20.6567869138028,5.132462934226903,10.308985993422082,7.682875389042406,7.862183060134838,1.8135964529784547,0,0,FALSE,postwar,Americas,0.5950920245398773,-0.31421753606403885,train,-0.7721292293692841,0.1,0,10.308985993422082,0,7.682875389042406,0,7.862183060134838,0,1.8135964529784547,0,15,0,40,0,55,0,0.5950920245398773,0,-0.31421753606403885,0,0.9899432278994322,0,2.793329980961839,0,0.1,0,-0.7721292293692841
S-130,S-130,Estadio Sergio León Chavez,Irapuato,Mexico,WC-1986,1986,1983,1969,31000,Multi-purpose,Existing,in use,NA,NA,https://en.wikipedia.org/wiki/Estadio_Sergio_León_Chávez,MEX,2169.85285279223,NA,178.383,0.7425790754257907,-0.09713698528376462,1983,0,17,40,57,Point(-101.3563 20.6845),-101.3563,20.6845,-101.35576269944,20.6733583262701,0.7714635563398757,10.34177474101152,7.682875389042406,5.1895231848225025,0.5718060729073622,0,0,FALSE,postwar,Americas,0.5950920245398773,-0.31421753606403885,test,-0.7355354270295076,0.2,0,10.34177474101152,0,7.682875389042406,0,5.1895231848225025,0,0.5718060729073622,0,17,0,40,0,57,0,0.5950920245398773,0,-0.31421753606403885,0,0.7425790754257907,0,-0.09713698528376462,0,0.2,0,-0.7355354270295076
S-131,S-131,Estadio Nou Camp,León,Mexico,WC-1970,1970,1964,1967,31000,Single-purpose,New,in use,NA,NA,https://en.wikipedia.org/wiki/Estadio_Nou_Camp,MEX,480.704214437745,NA,440.463,0.9188139781150724,0.2817151925243429,1975,11,3,56,59,Point(-101.657744 21.115544),-101.657744,21.115544,-101.667174394411,21.1247226270869,0.8794042629425046,10.34177474101152,6.177330262690169,6.090094211322649,0.6309548452107724,1,1,FALSE,postwar,Americas,0.6491228070175439,-0.22663883066806265,train,-0.8049917602240927,0.2,0,10.34177474101152,0,6.177330262690169,0,6.090094211322649,0,0.6309548452107724,0,3,0,56,0,59,0,0.6491228070175439,0,-0.22663883066806265,0,0.9188139781150724,0,0.2817151925243429,0,0.2,0,-0.8049917602240927
S-131,S-131,Estadio Nou Camp,León,Mexico,WC-1986,1986,1983,1967,31000,Single-purpose,Existing,in use,NA,NA,https://en.wikipedia.org/wiki/Estadio_Nou_Camp,MEX,2169.85285279223,NA,634.285,0.9373884833738848,0.44789119149559103,1983,0,19,40,59,Point(-101.657744 21.115544),-101.657744,21.115544,-101.667174394411,21.1247226270869,0.8794042629425046,10.34177474101152,7.682875389042406,6.454073717101254,0.6309548452107724,0,1,FALSE,postwar,Americas,0.5950920245398773,-0.31421753606403885,train,-0.7355354270295076,0.2,0,10.34177474101152,0,7.682875389042406,0,6.454073717101254,0,0.6309548452107724,0,19,0,40,0,59,0,0.5950920245398773,0,-0.31421753606403885,0,0.9373884833738848,0,0.44789119149559103,0,0.2,0,-0.7355354270295076
S-132,S-132,Estadio Azteca,Mexico City,Mexico,WC-1970,1970,1964,1966,115000,Single-purpose,New,in use,NA,NA,https://en.wikipedia.org/wiki/Estadio_Azteca,MEX,480.704214437745,NA,11119.402,0.9991175432403812,14.8058284780125,1975,11,4,56,60,Point(-99.150555555 19.303055555),-99.150555555,19.303055555,-99.1049386818456,19.4448241307528,10.248090727712013,11.652696102959752,6.177330262690169,9.316536718230276,2.4201984011552673,1,1,FALSE,postwar,Americas,0.6491228070175439,-0.22663883066806265,train,1.5928560361880983,1,0,11.652696102959752,0,6.177330262690169,0,9.316536718230276,0,2.4201984011552673,0,4,0,56,0,60,0,0.6491228070175439,0,-0.22663883066806265,0,0.9991175432403812,0,14.8058284780125,0,1,0,1.5928560361880983
S-132,S-132,Estadio Azteca,Mexico City,Mexico,WC-1986,1986,1983,1966,115000,Single-purpose,Existing,in use,NA,NA,https://en.wikipedia.org/wiki/Estadio_Azteca,MEX,2169.85285279223,NA,13899.24,0.9993511759935118,16.306067375654024,1983,0,20,40,60,Point(-99.150555555 19.303055555),-99.150555555,19.303055555,-99.1049386818456,19.4448241307528,10.248090727712013,11.652696102959752,7.682875389042406,9.539661385156776,2.4201984011552673,0,1,FALSE,postwar,Americas,0.5950920245398773,-0.31421753606403885,train,2.338343969511718,1,0,11.652696102959752,0,7.682875389042406,0,9.539661385156776,0,2.4201984011552673,0,20,0,40,0,60,0,0.5950920245398773,0,-0.31421753606403885,0,0.9993511759935118,0,16.306067375654024,0,1,0,2.338343969511718
S-133,S-133,Estadio Olímpico Universitario,Mexico City,Mexico,WC-1986,1986,1983,1952,72000,Multi-purpose,Existing,in use,NA,NA,https://en.wikipedia.org/wiki/Estadio_Ol%C3%ADmpico_Universitario,MEX,2169.85285279223,NA,13899.24,0.9993511759935118,16.306067375654024,1983,0,34,40,74,Point(-99.192106 19.331928),-99.192106,19.331928,-99.1049386818456,19.4448241307528,9.660757565468057,11.184435286790633,7.682875389042406,9.539661385156776,2.3665694823916095,0,0,FALSE,postwar,Americas,0.5950920245398773,-0.31421753606403885,train,0.7648104689013288,0.9,0,11.184435286790633,0,7.682875389042406,0,9.539661385156776,0,2.3665694823916095,0,34,0,40,0,74,0,0.5950920245398773,0,-0.31421753606403885,0,0.9993511759935118,0,16.306067375654024,0,0.9,0,0.7648104689013288
S-134,S-134,Estadio Tecnológico,Monterrey,Mexico,WC-1986,1986,1983,1950,34000,Multi-purpose,Existing,not in use,demolished 2017,replaced by successor stadium,https://en.wikipedia.org/wiki/Estadio_Tecnológico,MEX,2169.85285279223,NA,2192.826,0.9863746958637468,2.3111178491234887,1983,0,36,40,76,Point(-100.286417 25.65225),-100.286417,25.65225,-100.288026130133,25.7141114579572,4.280188067561086,10.434145214930489,7.682875389042406,7.693402330488735,1.6639617159401,0,0,FALSE,postwar,Americas,0.5950920245398773,-0.31421753606403885,train,-0.6257540200101781,0.4,0,10.434145214930489,0,7.682875389042406,0,7.693402330488735,0,1.6639617159401,0,36,0,40,0,76,0,0.5950920245398773,0,-0.31421753606403885,0,0.9863746958637468,0,2.3111178491234887,0,0.4,0,-0.6257540200101781
S-135,S-135,Estadio Universitario,Monterrey,Mexico,WC-1986,1986,1983,1967,44000,Single-purpose,Existing,in use,NA,NA,https://en.wikipedia.org/wiki/Estadio_Universitario_(UANL),MEX,2169.85285279223,NA,2192.826,0.9863746958637468,2.3111178491234887,1983,0,19,40,59,Point(-100.312055555 25.722805555),-100.312055555,25.722805555,-100.288026130133,25.7141114579572,1.6137241225043042,10.691967639914864,7.682875389042406,7.693402330488735,0.9607760711872784,0,1,FALSE,postwar,Americas,0.5950920245398773,-0.31421753606403885,train,-0.2598159966124131,0.6,0,10.691967639914864,0,7.682875389042406,0,7.693402330488735,0,0.9607760711872784,0,19,0,40,0,59,0,0.5950920245398773,0,-0.31421753606403885,0,0.9863746958637468,0,2.3111178491234887,0,0.6,0,-0.2598159966124131
S-136,S-136,Estadio Neza 86,Nezahualcóyotl,Mexico,WC-1986,1986,1983,1981,35000,Single-purpose,Existing,in use,NA,NA,https://en.wikipedia.org/wiki/Estadio_Neza_86,MEX,2169.85285279223,NA,13899.24,0.9993511759935118,16.306067375654024,1983,0,5,40,45,Point(-98.986944444 19.405833333),-98.986944444,19.405833333,-99.1049386818456,19.4448241307528,8.155997751859752,10.463131911491969,7.682875389042406,9.539661385156776,2.2144091565529105,0,1,FALSE,postwar,Americas,0.5950920245398773,-0.31421753606403885,train,-0.5891602176704016,0.5,0,10.463131911491969,0,7.682875389042406,0,9.539661385156776,0,2.2144091565529105,0,5,0,40,0,45,0,0.5950920245398773,0,-0.31421753606403885,0,0.9993511759935118,0,16.306067375654024,0,0.5,0,-0.5891602176704016
S-137,S-137,Estadio Cuauhtémoc,Puebla,Mexico,WC-1970,1970,1964,1968,46000,Single-purpose,New,in use,NA,NA,https://en.wikipedia.org/wiki/Estadio_Cuauhtémoc,MEX,480.704214437745,NA,576.518,0.9376985527709142,0.4667596274684035,1975,11,2,56,58,Point(-98.164444 19.078056),-98.164444,19.078056,-98.2035936090208,19.0413348607655,3.605981962722294,10.736418414365376,6.177330262690169,6.358739610741379,1.527355885351376,1,1,FALSE,postwar,Americas,0.6491228070175439,-0.22663883066806265,train,-0.37680465372191574,0.6,0,10.736418414365376,0,6.177330262690169,0,6.358739610741379,0,1.527355885351376,0,2,0,56,0,58,0,0.6491228070175439,0,-0.22663883066806265,0,0.9376985527709142,0,0.4667596274684035,0,0.6,0,-0.37680465372191574
S-137,S-137,Estadio Cuauhtémoc,Puebla,Mexico,WC-1986,1986,1983,1968,46000,Single-purpose,Existing,in use,NA,NA,https://en.wikipedia.org/wiki/Estadio_Cuauhtémoc,MEX,2169.85285279223,NA,836.252,0.951338199513382,0.6893415597317386,1983,0,18,40,58,Point(-98.164444 19.078056),-98.164444,19.078056,-98.2035936090208,19.0413348607655,3.605981962722294,10.736418414365376,7.682875389042406,6.730125100444229,1.527355885351376,0,1,FALSE,postwar,Americas,0.5950920245398773,-0.31421753606403885,train,-0.18662839193286013,0.7,0,10.736418414365376,0,7.682875389042406,0,6.730125100444229,0,1.527355885351376,0,18,0,40,0,58,0,0.5950920245398773,0,-0.31421753606403885,0,0.951338199513382,0,0.6893415597317386,0,0.7,0,-0.18662839193286013
S-138,S-138,Estadio La Corregidora,Querétaro,Mexico,WC-1986,1986,1983,1985,39000,Single-purpose,New,in use,NA,NA,https://en.wikipedia.org/wiki/Estadio_La_Corregidora,MEX,2169.85285279223,NA,241.721,0.8249889884011159,-0.0103704308611317,1985,2,1,40,41,Point(-100.366388888 20.577777777),-100.366388888,20.577777777,-100.418934467459,20.6046290854626,3.876356956630794,10.5713425658087,7.682875389042406,5.491912635565368,1.5843984157957265,1,1,FALSE,postwar,Americas,0.5950920245398773,-0.31421753606403885,test,-0.4427850083112956,0.5,0,10.5713425658087,0,7.682875389042406,0,5.491912635565368,0,1.5843984157957265,0,1,0,40,0,41,0,0.5950920245398773,0,-0.31421753606403885,0,0.8249889884011159,0,-0.0103704308611317,0,0.5,0,-0.4427850083112956
S-139,S-139,La Bombonera,Toluca,Mexico,WC-1970,1970,1964,1940,33000,Single-purpose,Existing,in use,NA,NA,https://en.wikipedia.org/wiki/Estadio_Nemesio_D%C3%ADez,MEX,480.704214437745,NA,195.142,0.7847066367425457,-0.05913087170893705,1980,16,30,56,86,Point(-99.666794 19.287286),-99.666794,19.287286,-99.6263103620099,19.2881212607046,2.6437458791436876,10.404293143019792,6.177330262690169,5.278838886710393,1.2930122401777584,0,1,FALSE,postwar,Americas,0.6491228070175439,-0.22663883066806265,train,-0.7479001460238024,0.4,0,10.404293143019792,0,6.177330262690169,0,5.278838886710393,0,1.2930122401777584,0,30,0,56,0,86,0,0.6491228070175439,0,-0.22663883066806265,0,0.7847066367425457,0,-0.05913087170893705,0,0.4,0,-0.7479001460238024
S-139,S-139,La Bombonera,Toluca,Mexico,WC-1986,1986,1983,1940,33000,Single-purpose,Existing,in use,NA,NA,https://en.wikipedia.org/wiki/Estadio_Nemesio_D%C3%ADez,MEX,2169.85285279223,NA,292.557,0.8520681265206813,0.03935736450107107,1983,0,46,40,86,Point(-99.666794 19.287286),-99.666794,19.287286,-99.6263103620099,19.2881212607046,2.6437458791436876,10.404293143019792,7.682875389042406,5.6820718282487075,1.2930122401777584,0,1,FALSE,postwar,Americas,0.5950920245398773,-0.31421753606403885,train,-0.6623478223499546,0.3,0,10.404293143019792,0,7.682875389042406,0,5.6820718282487075,0,1.2930122401777584,0,46,0,40,0,86,0,0.5950920245398773,0,-0.31421753606403885,0,0.8520681265206813,0,0.03935736450107107,0,0.3,0,-0.6623478223499546
S-140,S-140,Al Bayt Stadium,Al Khor,Qatar,WC-2022,2022,2010,2021,69000,Single-purpose,New,in use,NA,NA,https://en.wikipedia.org/wiki/Al_Bayt_Stadium,QAT,77387.2936379616,NA,83.737,0.3794622373130219,-0.18988563366973613,2015,5,1,4,5,Point(51.48777771 25.65222168),51.48777771,25.65222168,51.5014615818478,25.677959775387,1.974187624487876,11.141876276228,11.256590803151566,4.43955234216437,1.089970934308869,1,1,FALSE,recent,Asia,0.9714285714285714,2.527969625184527,test,1.2711385857652389,0.8666666666666667,0,11.141876276228,0,11.256590803151566,0,4.43955234216437,0,1.089970934308869,0,1,0,4,0,5,0,0.9714285714285714,0,2.527969625184527,0,0.3794622373130219,0,-0.18988563366973613,0,0.8666666666666667,0,1.2711385857652389
S-141,S-141,Ahmad bin Ali Stadium,Al Rayyan,Qatar,WC-2022,2022,2010,2020,45000,Single-purpose,New,in use,NA,NA,https://en.wikipedia.org/wiki/Ahmad_bin_Ali_Stadium,QAT,77387.2936379616,NA,1104.055,0.9618565729298434,0.7135547787802383,2010,0,2,4,6,Point(51.341279 25.330538),51.341279,25.330538,51.4801627572882,25.256453198594,10.08476476118113,10.714439990727769,11.256590803151566,7.007650386468837,2.405571621479195,1,1,FALSE,recent,Asia,0.9714285714285714,2.527969625184527,train,-0.2644650748907546,0.7333333333333333,0,10.714439990727769,0,11.256590803151566,0,7.007650386468837,0,2.405571621479195,0,2,0,4,0,6,0,0.9714285714285714,0,2.527969625184527,0,0.9618565729298434,0,0.7135547787802383,0,0.7333333333333333,0,-0.2644650748907546
S-142,S-142,Education City Stadium,Al Rayyan,Qatar,WC-2022,2022,2010,2020,45000,Single-purpose,New,in use,NA,NA,https://en.wikipedia.org/wiki/Education_City_Stadium,QAT,77387.2936379616,NA,1104.055,0.9618565729298434,0.7135547787802383,2010,0,2,4,6,Point(51.424274 25.310595),51.424274,25.310595,51.4801627572882,25.256453198594,5.122903297578231,10.714439990727769,11.256590803151566,7.007650386468837,1.8120363790636107,1,1,FALSE,recent,Asia,0.9714285714285714,2.527969625184527,train,-0.2644650748907546,0.7333333333333333,0,10.714439990727769,0,11.256590803151566,0,7.007650386468837,0,1.8120363790636107,0,2,0,4,0,6,0,0.9714285714285714,0,2.527969625184527,0,0.9618565729298434,0,0.7135547787802383,0,0.7333333333333333,0,-0.2644650748907546
S-143,S-143,Khalifa International Stadium,Al Rayyan,Qatar,WC-2022,2022,2010,1976,46000,Multi-purpose,Existing,in use,NA,NA,https://en.wikipedia.org/wiki/Khalifa_International_Stadium,QAT,77387.2936379616,NA,1104.055,0.9618565729298434,0.7135547787802383,2010,0,46,4,50,Point(51.448055555 25.263611111),51.448055555,25.263611111,51.4801627572882,25.256453198594,2.068649747996884,10.736418414365376,11.256590803151566,7.007650386468837,1.1212376433498743,0,0,FALSE,recent,Asia,0.9714285714285714,2.527969625184527,train,-0.2004815890300882,0.8,0,10.736418414365376,0,11.256590803151566,0,7.007650386468837,0,1.1212376433498743,0,46,0,4,0,50,0,0.9714285714285714,0,2.527969625184527,0,0.9618565729298434,0,0.7135547787802383,0,0.8,0,-0.2004815890300882
S-144,S-144,Al Janoub Stadium,Al Wakrah,Qatar,WC-2022,2022,2010,2019,44000,Single-purpose,New,in use,NA,NA,https://en.wikipedia.org/wiki/Al_Janoub_Stadium,QAT,77387.2936379616,NA,73.507,0.3017417534299893,-0.20044382908148384,2010,0,3,4,7,Point(51.574083333 25.159777777),51.574083333,25.159777777,51.5986516309793,25.1687871421285,1.6595740520165618,10.691967639914864,11.256590803151566,4.310893080703118,0.9781659791504576,1,1,FALSE,recent,Asia,0.9714285714285714,2.527969625184527,test,-0.328448560751421,0.6,0,10.691967639914864,0,11.256590803151566,0,4.310893080703118,0,0.9781659791504576,0,3,0,4,0,7,0,0.9714285714285714,0,2.527969625184527,0,0.3017417534299893,0,-0.20044382908148384,0,0.6,0,-0.328448560751421
S-145,S-145,Al Thumama Stadium,Doha,Qatar,WC-2022,2022,2010,2021,44000,Single-purpose,New,in use,NA,NA,https://en.wikipedia.org/wiki/Al_Thumama_Stadium,QAT,77387.2936379616,NA,1104.055,0.9618565729298434,0.7135547787802383,2010,0,1,4,5,Point(51.532113 25.235052),51.532113,25.235052,51.4801627572882,25.256453198594,3.571464422732121,10.691967639914864,11.256590803151566,7.007650386468837,1.5198335961863128,1,1,FALSE,recent,Asia,0.9714285714285714,2.527969625184527,train,-0.328448560751421,0.6,0,10.691967639914864,0,11.256590803151566,0,7.007650386468837,0,1.5198335961863128,0,1,0,4,0,5,0,0.9714285714285714,0,2.527969625184527,0,0.9618565729298434,0,0.7135547787802383,0,0.6,0,-0.328448560751421
S-146,S-146,Stadium 974,Doha,Qatar,WC-2022,2022,2010,2021,44000,Single-purpose,New,in use,NA,NA,https://en.wikipedia.org/wiki/Stadium_974,QAT,77387.2936379616,NA,1104.055,0.9618565729298434,0.7135547787802383,2010,0,1,4,5,Point(51.566465 25.288695),51.566465,25.288695,51.4801627572882,25.256453198594,5.840779446728415,10.691967639914864,11.256590803151566,7.007650386468837,1.922901679342233,1,1,FALSE,recent,Asia,0.9714285714285714,2.527969625184527,test,-0.328448560751421,0.6,0,10.691967639914864,0,11.256590803151566,0,7.007650386468837,0,1.922901679342233,0,1,0,4,0,5,0,0.9714285714285714,0,2.527969625184527,0,0.9618565729298434,0,0.7135547787802383,0,0.6,0,-0.328448560751421
S-147,S-147,Lusail Stadium,Lusail,Qatar,WC-2022,2022,2010,2022,89000,Single-purpose,New,in use,NA,NA,https://en.wikipedia.org/wiki/Lusail_Stadium,QAT,77387.2936379616,NA,1104.055,0.9618565729298434,0.7135547787802383,2010,0,0,4,4,Point(51.490388888 25.420861111),51.490388888,25.420861111,51.4801627572882,25.256453198594,11.390197867095848,11.39640288460621,11.256590803151566,7.007650386468837,2.516905665416346,1,1,FALSE,recent,Asia,0.9714285714285714,2.527969625184527,train,2.550808302978566,1,0,11.39640288460621,0,11.256590803151566,0,7.007650386468837,0,2.516905665416346,0,0,0,4,0,4,0,0.9714285714285714,0,2.527969625184527,0,0.9618565729298434,0,0.7135547787802383,0,1,0,2.550808302978566
S-148,S-148,Kaliningrad Stadium,Kaliningrad,Russia,WC-2018,2018,2010,2018,34000,Single-purpose,New,in use,NA,NA,https://en.wikipedia.org/wiki/Kaliningrad_Stadium,RUS,10674.990234375,NA,391.802,0.8823586649800526,0.081853731914556,2010,0,0,8,8,Point(20.533888888 54.698055555),20.533888888,54.698055555,20.5056510495494,54.7134909789155,1.5535538513352245,10.434145214930489,9.27575259579704,5.973305668117043,0.9374860561078686,1,1,FALSE,recent,Europe,0.6285714285714286,-0.231908903776408,train,-0.9682834193580848,0.13333333333333333,0,10.434145214930489,0,9.27575259579704,0,5.973305668117043,0,0.9374860561078686,0,0,0,8,0,8,0,0.6285714285714286,0,-0.231908903776408,0,0.8823586649800526,0,0.081853731914556,0,0.13333333333333333,0,-0.9682834193580848
S-149,S-149,Kazan Arena,Kazan,Russia,WC-2018,2018,2010,2013,43000,Single-purpose,New,in use,NA,NA,https://en.wikipedia.org/wiki/Kazan_Arena,RUS,10674.990234375,NA,1030.164,0.9589374331030456,0.6480204503127526,2010,0,5,8,13,Point(49.161 55.821),49.161,55.821,49.1414934098541,55.80228365209,1.5003011612613195,10.66897865021924,9.27575259579704,6.938443540232029,0.9164111891234172,1,1,FALSE,recent,Europe,0.6285714285714286,-0.231908903776408,train,-0.39243204661208736,0.4,0,10.66897865021924,0,9.27575259579704,0,6.938443540232029,0,0.9164111891234172,0,5,0,8,0,13,0,0.6285714285714286,0,-0.231908903776408,0,0.9589374331030456,0,0.6480204503127526,0,0.4,0,-0.39243204661208736
S-150,S-150,Luzhniki Stadium,Moscow,Russia,WC-2018,2018,2010,1956,78000,Multi-purpose,Existing,in use,NA,NA,https://en.wikipedia.org/wiki/Luzhniki_Stadium,RUS,10674.990234375,NA,12790.165,0.9976646881385618,11.07802908887443,2010,0,62,8,70,Point(37.553611111 55.715833333),37.553611111,55.715833333,37.6383476191421,55.7503707612675,4.074131539430602,11.264476926102368,9.27575259579704,9.45650997721129,1.624155385048908,0,0,FALSE,recent,Europe,0.6285714285714286,-0.231908903776408,train,1.8469899585112364,0.9333333333333332,0,11.264476926102368,0,9.27575259579704,0,9.45650997721129,0,1.624155385048908,0,62,0,8,0,70,0,0.6285714285714286,0,-0.231908903776408,0,0.9976646881385618,0,11.07802908887443,0,0.9333333333333332,0,1.8469899585112364
S-151,S-151,Otkritie Arena,Moscow,Russia,WC-2018,2018,2010,2014,44000,Multi-purpose,New,in use,NA,NA,https://en.wikipedia.org/wiki/Otkritie_Arena,RUS,10674.990234375,NA,12790.165,0.9976646881385618,11.07802908887443,2010,0,4,8,12,Point(37.4403 55.8178),37.4403,55.8178,37.6383476191421,55.7503707612675,9.005188640399673,10.691967639914864,9.27575259579704,9.45650997721129,2.3031038224706117,1,0,FALSE,recent,Europe,0.6285714285714286,-0.231908903776408,train,-0.328448560751421,0.6,0,10.691967639914864,0,9.27575259579704,0,9.45650997721129,0,2.3031038224706117,0,4,0,8,0,12,0,0.6285714285714286,0,-0.231908903776408,0,0.9976646881385618,0,11.07802908887443,0,0.6,0,-0.328448560751421
S-152,S-152,Nizhny Novgorod Stadium,Nizhny Novgorod,Russia,WC-2018,2018,2010,2018,43000,Single-purpose,New,in use,NA,NA,https://en.wikipedia.org/wiki/Nizhny_Novgorod_Stadium,RUS,10674.990234375,NA,1216.485,0.9653595407220006,0.8132695552699247,2010,0,0,8,8,Point(43.963333333 56.3375),43.963333333,56.3375,43.9198772136398,56.2985983600243,3.1653883982337847,10.66897865021924,9.27575259579704,7.104542534552307,1.426809524148286,1,1,FALSE,recent,Europe,0.6285714285714286,-0.231908903776408,train,-0.39243204661208736,0.4,0,10.66897865021924,0,9.27575259579704,0,7.104542534552307,0,1.426809524148286,0,0,0,8,0,8,0,0.6285714285714286,0,-0.231908903776408,0,0.9653595407220006,0,0.8132695552699247,0,0.4,0,-0.39243204661208736
S-153,S-153,Rostov Arena,Rostov-on-Don,Russia,WC-2018,2018,2010,2018,43000,Single-purpose,New,in use,NA,NA,https://en.wikipedia.org/wiki/Rostov_Arena,RUS,10674.990234375,NA,1065.639,0.9601050890337648,0.6794834201248278,2010,0,0,8,8,Point(39.7378 47.2094),39.7378,47.2094,39.7073766108239,47.2436415130629,2.7662655003526013,10.66897865021924,9.27575259579704,6.972267862283325,1.3260839270470284,1,1,FALSE,recent,Europe,0.6285714285714286,-0.231908903776408,train,-0.39243204661208736,0.4,0,10.66897865021924,0,9.27575259579704,0,6.972267862283325,0,1.3260839270470284,0,0,0,8,0,8,0,0.6285714285714286,0,-0.231908903776408,0,0.9601050890337648,0,0.6794834201248278,0,0.4,0,-0.39243204661208736
S-154,S-154,Krestovsky Stadium,Saint Petersburg,Russia,WC-2018,2018,2010,2017,64000,Single-purpose,New,in use,NA,NA,https://en.wikipedia.org/wiki/Krestovsky_Stadium,RUS,10674.990234375,NA,4129.886,0.9921183224676462,3.3971806958892357,2010,0,1,8,9,Point(30.220533 59.972953),30.220533,59.972953,30.3377740290309,59.9340628982321,4.870764031127621,11.06665398721974,9.27575259579704,8.326247190792307,1.769984783994914,1,1,FALSE,recent,Europe,0.6285714285714286,-0.231908903776408,train,0.9512211564619067,0.8666666666666667,0,11.06665398721974,0,9.27575259579704,0,8.326247190792307,0,1.769984783994914,0,1,0,8,0,9,0,0.6285714285714286,0,-0.231908903776408,0,0.9921183224676462,0,3.3971806958892357,0,0.8666666666666667,0,0.9512211564619067
S-155,S-155,Samara Arena,Samara,Russia,WC-2018,2018,2010,2018,42000,Single-purpose,New,in use,NA,NA,https://en.wikipedia.org/wiki/Samara_Arena,RUS,10674.990234375,NA,985.359,0.9562129025980344,0.6082826529221947,2010,0,0,8,8,Point(50.23769 53.277534),50.23769,53.277534,50.2050269962482,53.2161828344996,4.453850214132453,10.645448706505872,9.27575259579704,6.894020385698359,1.696321820557536,1,1,FALSE,recent,Europe,0.6285714285714286,-0.231908903776408,train,-0.4564155324727538,0.2,0,10.645448706505872,0,9.27575259579704,0,6.894020385698359,0,1.696321820557536,0,0,0,8,0,8,0,0.6285714285714286,0,-0.231908903776408,0,0.9562129025980344,0,0.6082826529221947,0,0.2,0,-0.4564155324727538
S-156,S-156,Mordovia Arena,Saransk,Russia,WC-2018,2018,2010,2018,42000,Single-purpose,New,in use,NA,NA,https://en.wikipedia.org/wiki/Mordovia_Arena,RUS,10674.990234375,NA,292.538,0.838571567578087,-0.00618404780146498,2010,0,0,8,8,Point(45.2014 54.1828),45.2014,54.1828,45.1806911992701,54.1890890117258,0.9443663425710666,10.645448706505872,9.27575259579704,5.6820071027783605,0.6649361361088092,1,1,FALSE,recent,Europe,0.6285714285714286,-0.231908903776408,test,-0.4564155324727538,0.2,0,10.645448706505872,0,9.27575259579704,0,5.6820071027783605,0,0.6649361361088092,0,0,0,8,0,8,0,0.6285714285714286,0,-0.231908903776408,0,0.838571567578087,0,-0.00618404780146498,0,0.2,0,-0.4564155324727538
S-157,S-157,Fisht Olympic Stadium,Sochi,Russia,WC-2018,2018,2010,2014,44000,Multi-purpose,New,in use,NA,NA,https://en.wikipedia.org/wiki/Fisht_Olympic_Stadium,RUS,10674.990234375,NA,184.809,0.7306606986474652,-0.10172948190675214,2010,0,4,8,12,Point(39.955858093 43.401769445),39.955858093,43.401769445,39.731151310852,43.6008333726071,17.79629645825117,10.691967639914864,9.27575259579704,5.224719264388515,2.933659853527932,1,0,FALSE,recent,Europe,0.6285714285714286,-0.231908903776408,train,-0.328448560751421,0.6,0,10.691967639914864,0,9.27575259579704,0,5.224719264388515,0,2.933659853527932,0,4,0,8,0,12,0,0.6285714285714286,0,-0.231908903776408,0,0.7306606986474652,0,-0.10172948190675214,0,0.6,0,-0.328448560751421
S-158,S-158,Volgograd Arena,Volgograd,Russia,WC-2018,2018,2010,2018,44000,Single-purpose,New,in use,NA,NA,https://en.wikipedia.org/wiki/Volgograd_Arena,RUS,10674.990234375,NA,704.33,0.9365573610975966,0.3590365093473474,2010,0,0,8,8,Point(44.5481 48.7346),44.5481,48.7346,44.5134200289165,48.74092557162,1.6414441380177438,10.691967639914864,9.27575259579704,6.558665778400993,0.9713257895726616,1,1,FALSE,recent,Europe,0.6285714285714286,-0.231908903776408,test,-0.328448560751421,0.6,0,10.691967639914864,0,9.27575259579704,0,6.558665778400993,0,0.9713257895726616,0,0,0,8,0,8,0,0.6285714285714286,0,-0.231908903776408,0,0.9365573610975966,0,0.3590365093473474,0,0.6,0,-0.328448560751421
S-159,S-159,Central Stadium,Yekaterinburg,Russia,WC-2018,2018,2010,1957,33000,Single-purpose,Existing,in use,NA,NA,https://en.wikipedia.org/wiki/Central_Stadium_(Yekaterinburg),RUS,10674.990234375,NA,1173.776,0.9645811034348544,0.7753907116419072,2010,0,61,8,69,Point(60.57358 56.83244),60.57358,56.83244,60.5960410379284,56.8387472765916,0.9553501091043436,10.404293143019792,9.27575259579704,7.068832770106597,0.6705692613445551,0,1,FALSE,recent,Europe,0.6285714285714286,-0.231908903776408,train,-1.0322669052187514,0.06666666666666667,0,10.404293143019792,0,9.27575259579704,0,7.068832770106597,0,0.6705692613445551,0,61,0,8,0,69,0,0.6285714285714286,0,-0.231908903776408,0,0.9645811034348544,0,0.7753907116419072,0,0.06666666666666667,0,-1.0322669052187514
S-160,S-160,Free State Stadium,Bloemfontein,South Africa,WC-2010,2010,2004,1955,41000,Multi-purpose,Existing,in use,NA,NA,https://en.wikipedia.org/wiki/Free_State_Stadium,ZAF,5221.46333731721,NA,355.995,0.8610607434270172,0.04539252000805491,2004,0,55,16,71,Point(26.208888888 -29.117222222),26.208888888,-29.117222222,26.2457278956099,-29.1659517489229,4.0391625337843315,10.62135173563291,8.560724473265765,5.877721776079319,1.617239904344841,0,0,FALSE,recent,Africa,0.6135265700483091,-0.3458846588012086,train,-0.7348469228349535,0.2857142857142857,0,10.62135173563291,0,8.560724473265765,0,5.877721776079319,0,1.617239904344841,0,55,0,16,0,71,0,0.6135265700483091,0,-0.3458846588012086,0,0.8610607434270172,0,0.04539252000805491,0,0.2857142857142857,0,-0.7348469228349535
S-161,S-161,Cape Town Stadium,Cape Town,South Africa,WC-2010,2010,2004,2009,64000,Multi-purpose,New,in use,NA,NA,https://en.wikipedia.org/wiki/Cape_Town_Stadium,ZAF,5221.46333731721,NA,2685.563,0.9848141432456936,2.1852980005320113,2004,0,1,16,17,Point(18.411152777 -33.903461111),18.411152777,-33.903461111,18.5999587421507,-33.9805360922243,12.07517809559146,11.06665398721974,8.560724473265765,7.89601796048018,2.570715630935961,1,0,FALSE,recent,Africa,0.6135265700483091,-0.3458846588012086,train,0.6736096792653741,0.8571428571428571,0,11.06665398721974,0,8.560724473265765,0,7.89601796048018,0,2.570715630935961,0,1,0,16,0,17,0,0.6135265700483091,0,-0.3458846588012086,0,0.9848141432456936,0,2.1852980005320113,0,0.8571428571428571,0,0.6736096792653741
S-162,S-162,Moses Mabhida Stadium,Durban,South Africa,WC-2010,2010,2004,2009,63000,Multi-purpose,New,in use,NA,NA,https://en.wikipedia.org/wiki/Moses_Mabhida_Stadium,ZAF,5221.46333731721,NA,2647.865,0.98447416137806,2.1506691951892214,2004,0,1,16,17,Point(31.0303 -29.829),31.0303,-29.829,30.7347684823797,-29.6451663770183,21.83489447187473,11.050905878263569,8.560724473265765,7.881886525346024,3.1282898252938875,1,0,FALSE,recent,Africa,0.6135265700483091,-0.3458846588012086,test,0.6123724356957946,0.7142857142857143,0,11.050905878263569,0,8.560724473265765,0,7.881886525346024,0,3.1282898252938875,0,1,0,16,0,17,0,0.6135265700483091,0,-0.3458846588012086,0,0.98447416137806,0,2.1506691951892214,0,0.7142857142857143,0,0.6123724356957946
S-163,S-163,Ellis Park Stadium,Johannesburg,South Africa,WC-2010,2010,2004,1928,56000,Multi-purpose,Existing,in use,NA,NA,https://en.wikipedia.org/wiki/Ellis_Park_Stadium,ZAF,5221.46333731721,NA,3683.706,0.9911604714415232,3.1021768707974955,2004,0,82,16,98,Point(28.060833333 -26.1975),28.060833333,-26.1975,27.8600917239307,-26.1204492874788,13.554991796809585,10.933124826700707,8.560724473265765,8.211946018536949,2.677934013597949,0,0,FALSE,recent,Africa,0.6135265700483091,-0.3458846588012086,train,0.18371173070873836,0.7142857142857143,0,10.933124826700707,0,8.560724473265765,0,8.211946018536949,0,2.677934013597949,0,82,0,16,0,98,0,0.6135265700483091,0,-0.3458846588012086,0,0.9911604714415232,0,3.1021768707974955,0,0.7142857142857143,0,0.18371173070873836
S-164,S-164,Soccer City,Johannesburg,South Africa,WC-2010,2010,2004,2009,84000,Multi-purpose,New,in use,NA,NA,https://en.wikipedia.org/wiki/FNB_Stadium,ZAF,5221.46333731721,NA,3683.706,0.9911604714415232,3.1021768707974955,2004,0,1,16,17,Point(27.982378 -26.234806),27.982378,-26.234806,27.8600917239307,-26.1204492874788,10.963331043856186,11.338583982516496,8.560724473265765,8.211946018536949,2.48184622511687,1,0,FALSE,recent,Africa,0.6135265700483091,-0.3458846588012086,train,1.8983545506569632,1,0,11.338583982516496,0,8.560724473265765,0,8.211946018536949,0,2.48184622511687,0,1,0,16,0,17,0,0.6135265700483091,0,-0.3458846588012086,0,0.9911604714415232,0,3.1021768707974955,0,1,0,1.8983545506569632
S-165,S-165,Mbombela Stadium,Nelspruit,South Africa,WC-2010,2010,2004,2009,41000,Multi-purpose,New,in use,NA,NA,https://en.wikipedia.org/wiki/Mbombela_Stadium,ZAF,5221.46333731721,NA,NA,NA,NA,NA,NA,1,16,17,Point(30.929777777 -25.461888888),30.929777777,-25.461888888,NA,NA,NA,10.62135173563291,8.560724473265765,NA,NA,1,0,FALSE,recent,Africa,0.6135265700483091,-0.3458846588012086,train,-0.7348469228349535,0.2857142857142857,0,10.62135173563291,0,8.560724473265765,1,6.947718727117041,1,1.4190933953218807,0,1,0,16,0,17,0,0.6135265700483091,0,-0.3458846588012086,1,0.9608729538038422,1,0.7243927925395678,0,0.2857142857142857,0,-0.7348469228349535
S-166,S-166,Peter Mokaba Stadium,Polokwane,South Africa,WC-2010,2010,2004,2010,42000,Multi-purpose,New,in use,NA,NA,https://en.wikipedia.org/wiki/Peter_Mokaba_Stadium,ZAF,5221.46333731721,NA,93.863,0.42497733454215775,-0.1953979198592105,2004,0,0,16,16,Point(29.468765 -23.924689),29.468765,-23.924689,29.408234298797,-23.8660616387749,5.576714355579143,10.645448706505872,8.560724473265765,4.552433745502806,1.88353528256858,1,0,FALSE,recent,Africa,0.6135265700483091,-0.3458846588012086,train,-0.6736096792653741,0.42857142857142855,0,10.645448706505872,0,8.560724473265765,0,4.552433745502806,0,1.88353528256858,0,0,0,16,0,16,0,0.6135265700483091,0,-0.3458846588012086,0,0.42497733454215775,0,-0.1953979198592105,0,0.42857142857142855,0,-0.6736096792653741
S-167,S-167,Nelson Mandela Bay Stadium,Port Elizabeth,South Africa,WC-2010,2010,2004,2009,42000,Multi-purpose,New,in use,NA,NA,https://en.wikipedia.org/wiki/Nelson_Mandela_Bay_Stadium,ZAF,5221.46333731721,NA,488.592,0.9001586582048957,0.16719409308986022,2004,0,1,16,17,Point(25.598889 -33.937778),25.598889,-33.937778,25.547649468856,-33.8816308165377,4.871933347952828,10.645448706505872,8.560724473265765,6.193572391195338,1.7701839404223212,1,0,FALSE,recent,Africa,0.6135265700483091,-0.3458846588012086,test,-0.6736096792653741,0.42857142857142855,0,10.645448706505872,0,8.560724473265765,0,6.193572391195338,0,1.7701839404223212,0,1,0,16,0,17,0,0.6135265700483091,0,-0.3458846588012086,0,0.9001586582048957,0,0.16719409308986022,0,0.42857142857142855,0,-0.6736096792653741
S-168,S-168,Loftus Versfeld Stadium,Pretoria,South Africa,WC-2010,2010,2004,1923,43000,Multi-purpose,Existing,in use,NA,NA,https://en.wikipedia.org/wiki/Loftus_Versfeld_Stadium,ZAF,5221.46333731721,NA,878.247,0.9473028105167725,0.5251252073623615,2004,0,87,16,103,Point(28.223014 -25.753189),28.223014,-25.753189,28.1785168972407,-25.7268649965862,3.316963322622349,10.66897865021924,8.560724473265765,6.779065859349409,1.46255222050351,0,0,FALSE,recent,Africa,0.6135265700483091,-0.3458846588012086,train,-0.6123724356957946,0.5714285714285714,0,10.66897865021924,0,8.560724473265765,0,6.779065859349409,0,1.46255222050351,0,87,0,16,0,103,0,0.6135265700483091,0,-0.3458846588012086,0,0.9473028105167725,0,0.5251252073623615,0,0.5714285714285714,0,-0.6123724356957946
S-169,S-169,Royal Bafokeng Stadium,Rustenburg,South Africa,WC-2010,2010,2004,1999,42000,Multi-purpose,Existing,in use,NA,NA,https://en.wikipedia.org/wiki/Royal_Bafokeng_Stadium,ZAF,5221.46333731721,NA,78.335,0.3508497549786258,-0.2000489793496464,2005,1,11,16,27,Point(27.160833333 -25.578611111),27.160833333,-25.578611111,27.2159025658186,-25.6455845879525,5.767120319434181,10.645448706505872,8.560724473265765,4.373679393186053,1.912075637413312,0,0,FALSE,recent,Africa,0.6135265700483091,-0.3458846588012086,test,-0.6736096792653741,0.42857142857142855,0,10.645448706505872,0,8.560724473265765,0,4.373679393186053,0,1.912075637413312,0,11,0,16,0,27,0,0.6135265700483091,0,-0.3458846588012086,0,0.3508497549786258,0,-0.2000489793496464,0,0.42857142857142855,0,-0.6736096792653741
S-170,S-170,Busan Asiad Stadium,Busan,South Korea,WC-2002,2002,1996,2001,56000,Multi-purpose,New,in use,NA,NA,https://en.wikipedia.org/wiki/Busan_Asiad_Stadium,KOR,13864.9376534518,NA,3720.274,0.9929315476190476,3.572842382321837,1996,0,1,24,25,Point(129.058361 35.190103),129.058361,35.190103,129.058963034942,35.1597692255284,2.098490466754095,10.933124826700707,9.537190583130853,8.22182136175494,1.1309150466859377,1,0,FALSE,recent,Asia,0.797979797979798,0.44895178966526345,train,0.24271660245736085,0.625,0,10.933124826700707,0,9.537190583130853,0,8.22182136175494,0,1.1309150466859377,0,1,0,24,0,25,0,0.797979797979798,0,0.44895178966526345,0,0.9929315476190476,0,3.572842382321837,0,0.625,0,0.24271660245736085
S-171,S-171,Daegu World Cup Stadium,Daegu,South Korea,WC-2002,2002,1996,2001,68000,Multi-purpose,New,in use,NA,NA,https://en.wikipedia.org/wiki/Daegu_Stadium,KOR,13864.9376534518,NA,2432.735,0.9856150793650794,2.2352506078177576,1996,0,1,24,25,Point(128.690205 35.829739),128.690205,35.829738999999996,128.594100778195,35.8578102275641,5.727825149303701,11.127277689932466,9.537190583130853,7.797182393339219,1.9062519338227883,1,0,FALSE,recent,Asia,0.797979797979798,0.44895178966526345,train,1.3793406920137825,0.9375,0,11.127277689932466,0,9.537190583130853,0,7.797182393339219,0,1.9062519338227883,0,1,0,24,0,25,0,0.797979797979798,0,0.44895178966526345,0,0.9856150793650794,0,2.2352506078177576,0,0.9375,0,1.3793406920137825
S-172,S-172,Daejeon World Cup Stadium,Daejeon,South Korea,WC-2002,2002,1996,2001,40000,Single-purpose,New,in use,NA,NA,https://en.wikipedia.org/wiki/Daejeon_World_Cup_Stadium,KOR,13864.9376534518,NA,1181.47,0.964781746031746,0.9353429764956412,1996,0,1,24,25,Point(127.325056 36.365229),127.325056,36.365229,127.396290543965,36.3439040613971,4.233598137276522,10.59665973278358,9.537190583130853,7.075360750065406,1.6550990218856323,1,1,FALSE,recent,Asia,0.797979797979798,0.44895178966526345,test,-1.272782183617868,0,0,10.59665973278358,0,9.537190583130853,0,7.075360750065406,0,1.6550990218856323,0,1,0,24,0,25,0,0.797979797979798,0,0.44895178966526345,0,0.964781746031746,0,0.9353429764956412,0,0,0,-1.272782183617868
S-173,S-173,Gwangju World Cup Stadium,Gwangju,South Korea,WC-2002,2002,1996,2001,43000,Multi-purpose,New,in use,NA,NA,https://en.wikipedia.org/wiki/Gwangju_World_Cup_Stadium,KOR,13864.9376534518,NA,1186.497,0.96515376984127,0.9405653999332476,1996,0,1,24,25,Point(126.874914 35.133727),126.874914,35.133727,127.237836325559,37.3825984649313,156.86757372316418,10.66897865021924,9.537190583130853,7.079603009589816,5.0617565405977905,1,0,FALSE,recent,Asia,0.797979797979798,0.44895178966526345,test,-0.9886261612287623,0.3125,0,10.66897865021924,0,9.537190583130853,0,7.079603009589816,0,5.0617565405977905,0,1,0,24,0,25,0,0.797979797979798,0,0.44895178966526345,0,0.96515376984127,0,0.9405653999332476,0,0.3125,0,-0.9886261612287623
S-174,S-174,Incheon Munhak Stadium,Incheon,South Korea,WC-2002,2002,1996,2002,52000,Multi-purpose,New,in use,NA,NA,https://en.wikipedia.org/wiki/Incheon_Munhak_Stadium,KOR,13864.9376534518,NA,18064.102,0.999751984126984,18.474283307762775,1996,0,0,24,24,Point(126.690699 37.434984),126.690699,37.434984,126.948537460265,37.4974757609934,14.801051479494625,10.859018228147889,9.537190583130853,9.801737289843132,2.7600764871537153,1,0,FALSE,recent,Asia,0.797979797979798,0.44895178966526345,train,-0.13615809406144633,0.5625,0,10.859018228147889,0,9.537190583130853,0,9.801737289843132,0,2.7600764871537153,0,0,0,24,0,24,0,0.797979797979798,0,0.44895178966526345,0,0.999751984126984,0,18.474283307762775,0,0.5625,0,-0.13615809406144633
S-175,S-175,Jeonju World Cup Stadium,Jeonju,South Korea,WC-2002,2002,1996,2001,42000,Single-purpose,New,in use,NA,NA,https://en.wikipedia.org/wiki/Jeonju_World_Cup_Stadium,KOR,13864.9376534518,NA,534.278,0.9191468253968254,0.26299154036450734,1996,0,1,24,25,Point(127.06448 35.868071),127.06448,35.868071,127.127911804809,35.8259282936362,4.598534756883906,10.645448706505872,9.537190583130853,6.282786238105303,1.722504912948179,1,1,FALSE,recent,Asia,0.797979797979798,0.44895178966526345,train,-1.0833448353584645,0.25,0,10.645448706505872,0,9.537190583130853,0,6.282786238105303,0,1.722504912948179,0,1,0,24,0,25,0,0.797979797979798,0,0.44895178966526345,0,0.9191468253968254,0,0.26299154036450734,0,0.25,0,-1.0833448353584645
S-176,S-176,Jeju World Cup Stadium,Seogwipo,South Korea,WC-2002,2002,1996,2001,42000,Single-purpose,New,in use,NA,NA,https://en.wikipedia.org/wiki/Jeju_World_Cup_Stadium,KOR,13864.9376534518,NA,NA,NA,NA,NA,NA,1,24,25,Point(126.509361 33.246212),126.509361,33.246212,NA,NA,NA,10.645448706505872,9.537190583130853,NA,NA,1,1,FALSE,recent,Asia,0.797979797979798,0.44895178966526345,train,-1.0833448353584645,0.25,0,10.645448706505872,0,9.537190583130853,1,6.947718727117041,1,1.4190933953218807,0,1,0,24,0,25,0,0.797979797979798,0,0.44895178966526345,1,0.9608729538038422,1,0.7243927925395678,0,0.25,0,-1.0833448353584645
S-177,S-177,Seoul World Cup Stadium,Seoul,South Korea,WC-2002,2002,1996,2001,64000,Single-purpose,New,in use,NA,NA,https://en.wikipedia.org/wiki/Seoul_World_Cup_Stadium,KOR,13864.9376534518,NA,18064.102,0.999751984126984,18.474283307762775,1996,0,1,24,25,Point(126.897243 37.56823),126.897243,37.56823,126.948537460265,37.4974757609934,5.645276377920074,11.06665398721974,9.537190583130853,9.801737289843132,1.8939062831618525,1,1,FALSE,recent,Asia,0.797979797979798,0.44895178966526345,train,1.0004659954949753,0.8125,0,11.06665398721974,0,9.537190583130853,0,9.801737289843132,0,1.8939062831618525,0,1,0,24,0,25,0,0.797979797979798,0,0.44895178966526345,0,0.999751984126984,0,18.474283307762775,0,0.8125,0,1.0004659954949753
S-178,S-178,Suwon World Cup Stadium,Suwon,South Korea,WC-2002,2002,1996,2001,43000,Single-purpose,New,in use,NA,NA,https://en.wikipedia.org/wiki/Suwon_World_Cup_Stadium,KOR,13864.9376534518,NA,18064.102,0.999751984126984,18.474283307762775,1996,0,1,24,25,Point(127.036855 37.286421),127.036855,37.286421,126.948537460265,37.4974757609934,15.384528671641789,10.66897865021924,9.537190583130853,9.801737289843132,2.7963375158927724,1,1,FALSE,recent,Asia,0.797979797979798,0.44895178966526345,test,-0.9886261612287623,0.3125,0,10.66897865021924,0,9.537190583130853,0,9.801737289843132,0,2.7963375158927724,0,1,0,24,0,25,0,0.797979797979798,0,0.44895178966526345,0,0.999751984126984,0,18.474283307762775,0,0.3125,0,-0.9886261612287623
S-179,S-179,Ulsan Munsu Football Stadium,Ulsan,South Korea,WC-2002,2002,1996,2001,44000,Single-purpose,New,in use,NA,NA,https://en.wikipedia.org/wiki/Ulsan_Munsu_Football_Stadium,KOR,13864.9376534518,NA,808.745,0.9484126984126984,0.5481283801595047,1996,0,1,24,25,Point(129.259444444 35.535277777),129.259444444,35.535277777,129.354704028336,35.5298334333223,5.3753951324120806,10.691967639914864,9.537190583130853,6.696719383287083,1.8524460706785488,1,1,FALSE,recent,Asia,0.797979797979798,0.44895178966526345,train,-0.8939074870990606,0.375,0,10.691967639914864,0,9.537190583130853,0,6.696719383287083,0,1.8524460706785488,0,1,0,24,0,25,0,0.797979797979798,0,0.44895178966526345,0,0.9484126984126984,0,0.5481283801595047,0,0.375,0,-0.8939074870990606
S-180,S-180,Estadio Riazor,A Coruña,Spain,WC-1982,1982,1966,1944,34000,Single-purpose,Existing,in use,NA,NA,https://en.wikipedia.org/wiki/Estadio_Riazor,ESP,915.62923367863,NA,238.717,0.8348040945993647,0.00732634557109279,1975,9,38,44,82,Point(-8.417372 43.368667),-8.417372,43.368667,-8.40687745405963,43.3541489344037,1.1344659762682603,10.434145214930489,6.820703065171747,5.479459060911309,0.7582164871817217,0,1,FALSE,postwar,Europe,0.7272727272727273,0.1427008945531852,train,-1.2194710391203207,0.16666666666666666,0,10.434145214930489,0,6.820703065171747,0,5.479459060911309,0,0.7582164871817217,0,38,0,44,0,82,0,0.7272727272727273,0,0.1427008945531852,0,0.8348040945993647,0,0.00732634557109279,0,0.16666666666666666,0,-1.2194710391203207
S-181,S-181,Estadio José Rico Pérez,Alicante,Spain,WC-1982,1982,1966,1974,33000,Multi-purpose,New,in use,NA,NA,https://en.wikipedia.org/wiki/Estadio_José_Rico_Pérez,ESP,915.62923367863,NA,172.424,0.7582068478644547,-0.08283682906965256,1975,9,8,44,52,Point(-0.4925 38.357222),-0.4925,38.357222,-0.480018031421816,38.3631357521286,0.7909900505066481,10.404293143019792,6.820703065171747,5.155739463073394,0.5827685677904741,1,0,FALSE,postwar,Europe,0.7272727272727273,0.1427008945531852,train,-1.2755386731028642,0.125,0,10.404293143019792,0,6.820703065171747,0,5.155739463073394,0,0.5827685677904741,0,8,0,44,0,52,0,0.7272727272727273,0,0.1427008945531852,0,0.7582068478644547,0,-0.08283682906965256,0,0.125,0,-1.2755386731028642
S-182,S-182,Camp Nou,Barcelona,Spain,WC-1982,1982,1966,1957,121000,Single-purpose,Existing,in use,NA,NA,https://en.wikipedia.org/wiki/Camp_Nou,ESP,915.62923367863,NA,2234.53,0.9890575361807272,2.7217733621379985,1975,9,25,44,69,Point(2.122777777 41.380833333),2.122777777,41.380833333,2.15510955627463,41.4251649163782,3.495297216788036,11.703554089007538,6.820703065171747,7.712233615400586,1.503031787381256,0,1,FALSE,postwar,Europe,0.7272727272727273,0.1427008945531852,test,3.6584131173609618,1,0,11.703554089007538,0,6.820703065171747,0,7.712233615400586,0,1.503031787381256,0,25,0,44,0,69,0,0.7272727272727273,0,0.1427008945531852,0,0.9890575361807272,0,2.7217733621379985,0,1,0,3.6584131173609618
S-183,S-183,Estadi de Sarrià,Barcelona,Spain,WC-1982,1982,1966,1923,40000,Single-purpose,Existing,not in use,demolished 1997,urban redevelopment,https://en.wikipedia.org/wiki/Sarrià_Stadium,ESP,915.62923367863,NA,2234.53,0.9890575361807272,2.7217733621379985,1975,9,59,44,103,Point(2.133333333 41.393055555),2.133333333,41.393055555,2.15510955627463,41.4251649163782,2.491837711193789,10.59665973278358,6.820703065171747,7.712233615400586,1.250428162439707,0,1,FALSE,postwar,Europe,0.7272727272727273,0.1427008945531852,train,-0.8830652352250598,0.25,0,10.59665973278358,0,6.820703065171747,0,7.712233615400586,0,1.250428162439707,0,59,0,44,0,103,0,0.7272727272727273,0,0.1427008945531852,0,0.9890575361807272,0,2.7217733621379985,0,0.25,0,-0.8830652352250598
S-184,S-184,Estadio San Mamés,Bilbao,Spain,WC-1982,1982,1966,1913,46000,Single-purpose,Existing,not in use,demolished 2013,replaced by successor stadium,https://en.wikipedia.org/wiki/San_Mamés_Stadium_(1913),ESP,915.62923367863,NA,900.398,0.9622308506883164,0.9072593635286904,1975,9,69,44,113,Point(-2.949369 43.264205),-2.949369,43.264205,-2.96054999323992,43.2831460421655,1.4260529420043493,10.736418414365376,6.820703065171747,6.803946891483285,0.886265633039042,0,1,FALSE,postwar,Europe,0.7272727272727273,0.1427008945531852,train,-0.5466594313297989,0.375,0,10.736418414365376,0,6.820703065171747,0,6.803946891483285,0,0.886265633039042,0,69,0,44,0,113,0,0.7272727272727273,0,0.1427008945531852,0,0.9622308506883164,0,0.9072593635286904,0,0.375,0,-0.5466594313297989
S-185,S-185,Nuevo Estadio,Elche,Spain,WC-1982,1982,1966,1976,53000,Single-purpose,New,in use,NA,NA,https://en.wikipedia.org/wiki/Estadio_Manuel_Mart%C3%ADnez_Valero,ESP,915.62923367863,NA,83.299,0.4297564419343452,-0.20405314059359067,1975,9,6,44,50,Point(-0.663333 38.266944),-0.663333,38.266944,-0.70161852811235,38.2686411674683,2.0825133370381694,10.87806606028079,6.820703065171747,4.434370002541247,1.125745282742272,1,1,FALSE,postwar,Europe,0.7272727272727273,0.1427008945531852,train,-0.15418599345199455,0.5416666666666666,0,10.87806606028079,0,6.820703065171747,0,4.434370002541247,0,1.125745282742272,0,6,0,44,0,50,0,0.7272727272727273,0,0.1427008945531852,0,0.4297564419343452,0,-0.20405314059359067,0,0.5416666666666666,0,-0.15418599345199455
S-186,S-186,Estadio El Molinón,Gijón,Spain,WC-1982,1982,1966,1908,45000,Single-purpose,Existing,in use,NA,NA,https://en.wikipedia.org/wiki/El_Molinón,ESP,915.62923367863,NA,193.267,0.7876809036357219,-0.05448887304055364,1975,9,74,44,118,Point(-5.637222 43.536111),-5.637222,43.536111,-5.67448864219863,43.5316975114937,1.8935671913693208,10.714439990727769,6.820703065171747,5.269233501505964,1.0624900632479968,0,1,FALSE,postwar,Europe,0.7272727272727273,0.1427008945531852,train,-0.6027270653123424,0.3333333333333333,0,10.714439990727769,0,6.820703065171747,0,5.269233501505964,0,1.0624900632479968,0,74,0,44,0,118,0,0.7272727272727273,0,0.1427008945531852,0,0.7876809036357219,0,-0.05448887304055364,0,0.3333333333333333,0,-0.6027270653123424
S-187,S-187,Estadio Santiago Bernabéu,Madrid,Spain,WC-1982,1982,1966,1947,90000,Single-purpose,Existing,in use,NA,NA,https://en.wikipedia.org/wiki/Santiago_Bernabéu_Stadium,ESP,915.62923367863,NA,2951.852,0.9924108718672784,3.697382080398579,1975,9,35,44,79,Point(-3.68835 40.45306),-3.68835,40.45306,-3.70761468237855,40.4051902313398,3.463079920678157,11.407576060361786,6.820703065171747,7.9905267619644125,1.4958390928760328,0,1,FALSE,postwar,Europe,0.7272727272727273,0.1427008945531852,train,1.9203164639021144,1,0,11.407576060361786,0,6.820703065171747,0,7.9905267619644125,0,1.4958390928760328,0,35,0,44,0,79,0,0.7272727272727273,0,0.1427008945531852,0,0.9924108718672784,0,3.697382080398579,0,1,0,1.9203164639021144
S-188,S-188,Vicente Calderón,Madrid,Spain,WC-1982,1982,1966,1966,66000,Single-purpose,Existing,not in use,demolished 2019,replaced by successor stadium,https://en.wikipedia.org/wiki/Vicente_Calderón_Stadium,ESP,915.62923367863,NA,2951.852,0.9924108718672784,3.697382080398579,1975,9,16,44,60,Point(-3.720556 40.401667),-3.720556,40.401667,-3.70761468237855,40.4051902313398,0.7239202237095979,11.097425172408933,6.820703065171747,7.9905267619644125,0.5446008972204798,0,1,FALSE,postwar,Europe,0.7272727272727273,0.1427008945531852,test,0.5746932483210706,0.6666666666666666,0,11.097425172408933,0,6.820703065171747,0,7.9905267619644125,0,0.5446008972204798,0,16,0,44,0,60,0,0.7272727272727273,0,0.1427008945531852,0,0.9924108718672784,0,3.697382080398579,0,0.6666666666666666,0,0.5746932483210706
S-189,S-189,Estadio La Rosaleda,Málaga,Spain,WC-1982,1982,1966,1941,45000,Single-purpose,Existing,in use,NA,NA,https://en.wikipedia.org/wiki/Estadio_La_Rosaleda,ESP,915.62923367863,NA,378.651,0.9038122132015532,0.19764649521250377,1975,9,41,44,85,Point(-4.426422 36.734092),-4.426422,36.734092,-4.43701714924549,36.7199715150584,1.1397491885444695,10.714439990727769,6.820703065171747,5.939252409660779,0.7606886205503803,0,1,FALSE,postwar,Europe,0.7272727272727273,0.1427008945531852,train,-0.6027270653123424,0.3333333333333333,0,10.714439990727769,0,6.820703065171747,0,5.939252409660779,0,0.7606886205503803,0,41,0,44,0,85,0,0.7272727272727273,0,0.1427008945531852,0,0.9038122132015532,0,0.19764649521250377,0,0.3333333333333333,0,-0.6027270653123424
S-190,S-190,Estadio Carlos Tartiere,Oviedo,Spain,WC-1982,1982,1966,1932,24000,Multi-purpose,Existing,not in use,demolished 2003,replaced by successor stadium,https://en.wikipedia.org/wiki/Estadio_Carlos_Tartiere_(1932),ESP,915.62923367863,NA,164.4,0.7444405224144017,-0.09375003730155249,1975,9,50,44,94,Point(-5.86082 43.35791),-5.86082,43.35791,-5.84680569413645,43.3662987994318,0.912908377880711,10.085850775128716,6.820703065171747,5.108366782589591,0.648624794842091,0,0,FALSE,postwar,Europe,0.7272727272727273,0.1427008945531852,test,-1.7801473789457554,0,0,10.085850775128716,0,6.820703065171747,0,5.108366782589591,0,0.648624794842091,0,50,0,44,0,94,0,0.7272727272727273,0,0.1427008945531852,0,0.7444405224144017,0,-0.09375003730155249,0,0,0,-1.7801473789457554
S-191,S-191,Estadio Benito Villamarín,Seville,Spain,WC-1982,1982,1966,1929,50000,Single-purpose,Existing,in use,NA,NA,https://en.wikipedia.org/wiki/Estadio_Benito_Villamar%C3%ADn,ESP,915.62923367863,NA,575.312,0.9373455700670668,0.4651193820636588,1975,9,53,44,97,Point(-5.981611 37.356403),-5.981611,37.356403,-5.96817181304462,37.3874323714255,2.2699127106957437,10.819798284210286,6.820703065171747,6.356649180714123,1.1847632905760348,0,1,FALSE,postwar,Europe,0.7272727272727273,0.1427008945531852,test,-0.322388895399625,0.5,0,10.819798284210286,0,6.820703065171747,0,6.356649180714123,0,1.1847632905760348,0,53,0,44,0,97,0,0.7272727272727273,0,0.1427008945531852,0,0.9373455700670668,0,0.4651193820636588,0,0.5,0,-0.322388895399625
S-192,S-192,Estadio Ramón Sánchez Pizjuán,Seville,Spain,WC-1982,1982,1966,1958,68000,Single-purpose,Existing,in use,NA,NA,https://en.wikipedia.org/wiki/Ramón_Sánchez_Pizjuán_Stadium,ESP,915.62923367863,NA,575.312,0.9373455700670668,0.4651193820636588,1975,9,24,44,68,Point(-5.970467 37.383878),-5.970467,37.383878,-5.96817181304462,37.3874323714255,0.2763319875324808,11.127277689932466,6.820703065171747,6.356649180714123,0.2439903293990806,0,1,FALSE,postwar,Europe,0.7272727272727273,0.1427008945531852,train,0.6868285162861576,0.7083333333333334,0,11.127277689932466,0,6.820703065171747,0,6.356649180714123,0,0.2439903293990806,0,24,0,44,0,68,0,0.7272727272727273,0,0.1427008945531852,0,0.9373455700670668,0,0.4651193820636588,0,0.7083333333333334,0,0.6868285162861576
S-193,S-193,Estadio Luis Casanova,Valencia,Spain,WC-1982,1982,1966,1923,50000,Single-purpose,Existing,in use,NA,NA,https://en.wikipedia.org/wiki/Mestalla_Stadium,ESP,915.62923367863,NA,936.706,0.9639957642075538,0.9566408147355476,1975,9,59,44,103,Point(-0.358333 39.474722),-0.358333,39.474722,-0.390810848671691,39.470354440435,1.760274713245087,10.819798284210286,6.820703065171747,6.843436467040066,1.015330208560352,0,1,FALSE,postwar,Europe,0.7272727272727273,0.1427008945531852,train,-0.322388895399625,0.5,0,10.819798284210286,0,6.820703065171747,0,6.843436467040066,0,1.015330208560352,0,59,0,44,0,103,0,0.7272727272727273,0,0.1427008945531852,0,0.9639957642075538,0,0.9566408147355476,0,0.5,0,-0.322388895399625
S-194,S-194,Estadio José Zorrilla,Valladolid,Spain,WC-1982,1982,1966,1982,30000,Single-purpose,New,in use,NA,NA,https://en.wikipedia.org/wiki/Estadio_José_Zorrilla,ESP,915.62923367863,NA,264.287,0.8573949876456054,0.0421033563499662,1975,9,0,44,44,Point(-4.761111 41.644444),-4.761111,41.644444,-4.7281629097569,41.6405493838678,1.7243196835686745,10.308985993422082,6.820703065171747,5.580812258812304,1.0022187395396185,1,1,FALSE,postwar,Europe,0.7272727272727273,0.1427008945531852,train,-1.4437415750504945,0.04166666666666666,0,10.308985993422082,0,6.820703065171747,0,5.580812258812304,0,1.0022187395396185,0,0,0,44,0,44,0,0.7272727272727273,0,0.1427008945531852,0,0.8573949876456054,0,0.0421033563499662,0,0.04166666666666666,0,-1.4437415750504945
S-195,S-195,Balaídos,Vigo,Spain,WC-1982,1982,1966,1928,33000,Single-purpose,Existing,in use,NA,NA,https://en.wikipedia.org/wiki/Bala%C3%ADdos,ESP,915.62923367863,NA,206.121,0.8035651253088598,-0.03700652276477578,1975,9,54,44,98,Point(-8.740328 42.211861),-8.740328,42.211861,-8.71906473587526,42.2255339502581,1.4425504217837302,10.404293143019792,6.820703065171747,5.333303163550592,0.8930427482360478,0,1,FALSE,postwar,Europe,0.7272727272727273,0.1427008945531852,train,-1.2755386731028642,0.125,0,10.404293143019792,0,6.820703065171747,0,5.333303163550592,0,0.8930427482360478,0,54,0,44,0,98,0,0.7272727272727273,0,0.1427008945531852,0,0.8035651253088598,0,-0.03700652276477578,0,0.125,0,-1.2755386731028642
S-196,S-196,Estadio La Romareda,Zaragoza,Spain,WC-1982,1982,1966,1957,42000,Single-purpose,Existing,in use,NA,NA,https://en.wikipedia.org/wiki/La_Romareda,ESP,915.62923367863,NA,446.172,0.9196964348746912,0.2894798368159576,1975,9,25,44,69,Point(-0.901822 41.636592),-0.901822,41.636592,-0.89068344974455,41.6504702938128,1.1193982266012397,10.645448706505872,6.820703065171747,6.102943308073891,0.7511321930125845,0,1,FALSE,postwar,Europe,0.7272727272727273,0.1427008945531852,test,-0.7709299672599729,0.25,0,10.645448706505872,0,6.820703065171747,0,6.102943308073891,0,0.7511321930125845,0,25,0,44,0,69,0,0.7272727272727273,0,0.1427008945531852,0,0.9196964348746912,0,0.2894798368159576,0,0.25,0,-0.7709299672599729
S-197,S-197,Ryavallen,Borås,Sweden,WC-1958,1958,1950,1941,15000,Multi-purpose,Existing,in use,NA,NA,https://en.wikipedia.org/wiki/Ryavallen,SWE,NA,NA,50.436,0.00525964267824344,-0.2102350877803221,2025,75,17,68,85,Point(12.934921 57.735724),12.934921,57.735724,12.9509099540544,57.720830349442,1.1874495262776474,9.61587214452889,NA,3.9403383164081927,0.7827362652817836,0,0,FALSE,postwar,Europe,NA,NA,test,-0.8422616453189314,0.16666666666666666,0,9.61587214452889,1,8.956551223174765,0,3.9403383164081927,0,0.7827362652817836,0,17,0,68,0,85,1,0.8181818181818182,1,0.597271311946225,0,0.00525964267824344,0,-0.2102350877803221,0,0.16666666666666666,0,-0.8422616453189314
S-198,S-198,Tunavallen,Eskilstuna,Sweden,WC-1958,1958,1950,1924,22000,Multi-purpose,Existing,in use,NA,NA,https://en.wikipedia.org/wiki/Tunavallen,SWE,NA,NA,52.213,0.02980464184337953,-0.2088546995081377,2025,75,34,68,102,Point(16.495 59.370667),16.495,59.370667,16.5086850984729,59.3716804350637,0.48734186227153514,9.99884318585288,NA,3.974302727398592,0.396990541708265,0,0,FALSE,postwar,Europe,NA,NA,test,-0.3369046581275726,0.5,0,9.99884318585288,1,8.956551223174765,0,3.974302727398592,0,0.396990541708265,0,34,0,68,0,102,1,0.8181818181818182,1,0.597271311946225,0,0.02980464184337953,0,-0.2088546995081377,0,0.5,0,-0.3369046581275726
S-199,S-199,Strömvallen,Gävle,Sweden,WC-1995,1995,1993,1903,7000,Single-purpose,Existing,in use,NA,NA,https://en.wikipedia.org/wiki/Strömvallen,SWE,24389.8738124128,NA,NA,NA,NA,NA,NA,92,31,123,Point(17.1275 60.673055555),17.1275,60.673055555,NA,NA,NA,8.853808274977197,10.101964317235398,NA,NA,0,1,FALSE,postwar,Europe,0.9381443298969072,1.685061104342984,train,-0.7196984752309091,0.5,0,8.853808274977197,0,10.101964317235398,1,6.947718727117041,1,1.4190933953218807,0,92,0,31,0,123,0,0.9381443298969072,0,1.685061104342984,1,0.9608729538038422,1,0.7243927925395678,0,0.5,0,-0.7196984752309091
S-200,S-200,Ullevi,Gothenburg,Sweden,WC-1958,1958,1950,1958,54000,Multi-purpose,New,in use,NA,NA,https://en.wikipedia.org/wiki/Ullevi,SWE,NA,NA,419.854,0.9129897635015884,0.2536854930663138,1975,25,0,68,68,Point(11.987222222 57.705833333),11.987222222,57.705833333,11.9717669053325,57.7021798658236,0.6245980904353328,10.896757843893464,NA,6.042285980186493,0.48526045622797664,1,0,FALSE,postwar,Europe,NA,NA,test,1.9732987118900676,1,0,10.896757843893464,1,8.956551223174765,0,6.042285980186493,0,0.48526045622797664,0,0,0,68,0,68,1,0.8181818181818182,1,0.597271311946225,0,0.9129897635015884,0,0.2536854930663138,0,1,0,1.9732987118900676
S-201,S-201,Örjans Vall,Halmstad,Sweden,WC-1958,1958,1950,1922,15000,Single-purpose,Existing,in use,NA,NA,https://en.wikipedia.org/wiki/Örjans_Vall,SWE,NA,NA,NA,NA,NA,NA,NA,36,68,104,Point(12.866388888 56.684166666),12.866388888,56.684166666,NA,NA,NA,9.61587214452889,NA,NA,NA,0,1,FALSE,postwar,Europe,NA,NA,test,-0.8422616453189314,0.16666666666666666,0,9.61587214452889,1,8.956551223174765,1,6.947718727117041,1,1.4190933953218807,0,36,0,68,0,104,1,0.8181818181818182,1,0.597271311946225,1,0.9608729538038422,1,0.7243927925395678,0,0.16666666666666666,0,-0.8422616453189314
S-202,S-202,Olympia,Helsingborg,Sweden,WC-1958,1958,1950,1898,27000,Single-purpose,Existing,in use,NA,NA,https://en.wikipedia.org/wiki/Olympia_(Helsingborg),SWE,NA,NA,65.959,0.2515001764913519,-0.22763676855235743,1975,25,60,68,128,Point(12.706944444 56.049444444),12.706944444,56.049444444,12.7111556293261,56.0439478878835,0.413547804617921,10.203629181337648,NA,4.204080491780575,0.3461027176135259,0,1,FALSE,postwar,Europe,NA,NA,train,0.02406461843768366,0.6666666666666666,0,10.203629181337648,1,8.956551223174765,0,4.204080491780575,0,0.3461027176135259,0,60,0,68,0,128,1,0.8181818181818182,1,0.597271311946225,0,0.2515001764913519,0,-0.22763676855235743,0,0.6666666666666666,0,0.02406461843768366
S-202,S-202,Olympia,Helsingborg,Sweden,WC-1995,1995,1993,1898,27000,Single-purpose,Existing,in use,NA,NA,https://en.wikipedia.org/wiki/Olympia_(Helsingborg),SWE,24389.8738124128,NA,67.341,0.1962413182622906,-0.2278150910962808,1993,0,97,31,128,Point(12.706944444 56.049444444),12.706944444,56.049444444,12.7111556293261,56.0439478878835,0.413547804617921,10.203629181337648,10.101964317235398,4.224509879298847,0.3461027176135259,0,1,FALSE,postwar,Europe,0.9381443298969072,1.685061104342984,train,0.1942043504591342,0.75,0,10.203629181337648,0,10.101964317235398,0,4.224509879298847,0,0.3461027176135259,0,97,0,31,0,128,0,0.9381443298969072,0,1.685061104342984,0,0.1962413182622906,0,-0.2278150910962808,0,0.75,0,0.1942043504591342
S-203,S-203,Tingvalla IP,Karlstad,Sweden,WC-1995,1995,1993,1919,5000,Multi-purpose,Existing,in use,NA,NA,https://en.wikipedia.org/wiki/Tingvalla_IP,SWE,24389.8738124128,NA,NA,NA,NA,NA,NA,76,31,107,Point(13.4935 59.386694),13.4935,59.386694,NA,NA,NA,8.517393171418904,10.101964317235398,NA,NA,0,0,FALSE,postwar,Europe,0.9381443298969072,1.685061104342984,train,-0.8110887577999134,0.25,0,8.517393171418904,0,10.101964317235398,1,6.947718727117041,1,1.4190933953218807,0,76,0,31,0,107,0,0.9381443298969072,0,1.685061104342984,1,0.9608729538038422,1,0.7243927925395678,0,0.25,0,-0.8110887577999134
S-204,S-204,Malmö Stadion,Malmö,Sweden,WC-1958,1958,1950,1958,30000,Multi-purpose,New,in use,NA,NA,https://en.wikipedia.org/wiki/Malmö_Stadion,SWE,NA,NA,220.628,0.8198023296858454,-0.01727597542926086,1975,25,0,68,68,Point(12.989166666 55.586111111),12.989166666,55.586111111,13.0077406505374,55.5879949157981,0.7376968411034539,10.308985993422082,NA,5.401000300681774,0.5525605818837149,1,0,FALSE,postwar,Europe,NA,NA,train,0.24064618437683744,0.8333333333333334,0,10.308985993422082,1,8.956551223174765,0,5.401000300681774,0,0.5525605818837149,0,0,0,68,0,68,1,0.8181818181818182,1,0.597271311946225,0,0.8198023296858454,0,-0.01727597542926086,0,0.8333333333333334,0,0.24064618437683744
S-205,S-205,Idrottsparken,Norrköping,Sweden,WC-1958,1958,1950,1903,20000,Multi-purpose,Existing,in use,NA,NA,https://en.wikipedia.org/wiki/Nya_Parken,SWE,NA,NA,73.811,0.34468761030709494,-0.216957492500902,1975,25,55,68,123,Point(16.173055555 58.584166666),16.173055555,58.584166666,16.1833218640427,58.5860076196156,0.3914343381150075,9.90353755128617,NA,4.314964932991872,0.3303351130263793,0,0,FALSE,postwar,Europe,NA,NA,train,-0.4812923687536751,0.5,0,9.90353755128617,1,8.956551223174765,0,4.314964932991872,0,0.3303351130263793,0,55,0,68,0,123,1,0.8181818181818182,1,0.597271311946225,0,0.34468761030709494,0,-0.216957492500902,0,0.5,0,-0.4812923687536751
S-206,S-206,Eyravallen,Örebro,Sweden,WC-1958,1958,1950,1923,13000,Single-purpose,Existing,in use,NA,NA,https://en.wikipedia.org/wiki/Behrn_Arena,SWE,NA,NA,67.835,0.2751500176491352,-0.2250852757005324,1975,25,35,68,103,Point(15.22305556 59.26611111),15.22305556,59.26611111,15.2061095469711,59.2768422075679,0.9537895235319198,9.472781556562168,NA,4.2317123365149065,0.6697708321238132,0,1,FALSE,postwar,Europe,NA,NA,train,-0.986649355945034,0.16666666666666666,0,9.472781556562168,1,8.956551223174765,0,4.2317123365149065,0,0.6697708321238132,0,35,0,68,0,103,1,0.8181818181818182,1,0.597271311946225,0,0.2751500176491352,0,-0.2250852757005324,0,0.16666666666666666,0,-0.986649355945034
S-207,S-207,Jernvallen,Sandviken,Sweden,WC-1958,1958,1950,1938,20000,Multi-purpose,Existing,in use,NA,NA,https://en.wikipedia.org/wiki/Jernvallen,SWE,NA,NA,NA,NA,NA,NA,NA,20,68,88,Point(16.773055555 60.608888888),16.773055555,60.608888888,NA,NA,NA,9.90353755128617,NA,NA,NA,0,0,FALSE,postwar,Europe,NA,NA,test,-0.4812923687536751,0.5,0,9.90353755128617,1,8.956551223174765,1,6.947718727117041,1,1.4190933953218807,0,20,0,68,0,88,1,0.8181818181818182,1,0.597271311946225,1,0.9608729538038422,1,0.7243927925395678,0,0.5,0,-0.4812923687536751
S-208,S-208,Råsunda Stadium,Solna,Sweden,WC-1958,1958,1950,1937,52000,Single-purpose,Existing,not in use,demolished 2013,replaced by successor stadium,https://en.wikipedia.org/wiki/Råsunda_Stadium,SWE,NA,NA,783.776,0.953759265795976,0.7486451847624103,1975,25,21,68,89,Point(17.996388888 59.362777777),17.996388888,59.362777777,18.0053035962164,59.3309351708167,2.2249055544061207,10.859018228147889,NA,6.665398326743788,1.170903664363442,0,1,FALSE,postwar,Europe,NA,NA,train,1.828911001263965,1,0,10.859018228147889,1,8.956551223174765,0,6.665398326743788,0,1.170903664363442,0,21,0,68,0,89,1,0.8181818181818182,1,0.597271311946225,0,0.953759265795976,0,0.7486451847624103,0,1,0,1.828911001263965
S-208,S-208,Råsunda Stadium,Solna,Sweden,WC-1995,1995,1993,1937,52000,Single-purpose,Existing,not in use,demolished 2013,replaced by successor stadium,https://en.wikipedia.org/wiki/Råsunda_Stadium,SWE,24389.8738124128,NA,899.689,0.9516546370693176,0.653132597638571,1993,0,58,31,89,Point(17.996388888 59.362777777),17.996388888,59.362777777,18.0053035962164,59.3309351708167,2.2249055544061207,10.859018228147889,10.101964317235398,6.803160025991684,1.170903664363442,0,1,FALSE,postwar,Europe,0.9381443298969072,1.685061104342984,train,1.3365828825716883,1,0,10.859018228147889,0,10.101964317235398,0,6.803160025991684,0,1.170903664363442,0,58,0,31,0,89,0,0.9381443298969072,0,1.685061104342984,0,0.9516546370693176,0,0.653132597638571,0,1,0,1.3365828825716883
S-209,S-209,Rimnersvallen,Uddevalla,Sweden,WC-1958,1958,1950,1923,18000,Multi-purpose,Existing,in use,NA,NA,https://en.wikipedia.org/wiki/Rimnersvallen,SWE,NA,NA,NA,NA,NA,NA,NA,35,68,103,Point(11.95 58.35666667),11.95,58.35666667,NA,NA,NA,9.798182590890704,NA,NA,NA,0,0,FALSE,postwar,Europe,NA,NA,train,-0.6256800793797777,0.3333333333333333,0,9.798182590890704,1,8.956551223174765,1,6.947718727117041,1,1.4190933953218807,0,35,0,68,0,103,1,0.8181818181818182,1,0.597271311946225,1,0.9608729538038422,1,0.7243927925395678,0,0.3333333333333333,0,-0.6256800793797777
S-210,S-210,Arosvallen,Västerås,Sweden,WC-1958,1958,1950,1932,10000,Multi-purpose,Existing,in use,NA,NA,https://en.wikipedia.org/wiki/Arosvallen,SWE,NA,NA,81.066,0.408224496999647,-0.20709017872691973,1975,25,26,68,94,Point(16.54104444 59.62044722),16.54104444,59.62044722,16.5461188760224,59.6155486745212,0.38252487585473466,9.210440366976515,NA,4.4075238015724,0.32391144763745366,0,0,FALSE,postwar,Europe,NA,NA,test,-1.2032309218841877,0,0,9.210440366976515,1,8.956551223174765,0,4.4075238015724,0,0.32391144763745366,0,26,0,68,0,94,1,0.8181818181818182,1,0.597271311946225,0,0.408224496999647,0,-0.20709017872691973,0,0,0,-1.2032309218841877
S-210,S-210,Arosvallen,Västerås,Sweden,WC-1995,1995,1993,1932,10000,Multi-purpose,Existing,in use,NA,NA,https://en.wikipedia.org/wiki/Arosvallen,SWE,24389.8738124128,NA,86.835,0.38785237641291026,-0.20718286245610004,1993,0,63,31,94,Point(16.54104444 59.62044722),16.54104444,59.62044722,16.5461188760224,59.6155486745212,0.38252487585473466,9.210440366976515,10.101964317235398,4.475460054465346,0.32391144763745366,0,0,FALSE,postwar,Europe,0.9381443298969072,1.685061104342984,test,-0.5826130513774026,0.5,0,9.210440366976515,0,10.101964317235398,0,4.475460054465346,0,0.32391144763745366,0,63,0,31,0,94,0,0.9381443298969072,0,1.685061104342984,0,0.38785237641291026,0,-0.20718286245610004,0,0.5,0,-0.5826130513774026
S-211,S-211,St. Jakob Stadium,Basel,Switzerland,WC-1954,1954,1946,1954,55000,Single-purpose,New,in use,rebuilt 2001,NA,https://en.wikipedia.org/wiki/St._Jakob_Stadium,CHE,NA,NA,222.185,0.8208612777973879,-0.01515834516791137,1975,29,0,72,72,Point(7.62 47.541389),7.62,47.541389,7.59042531068906,47.5450845220097,1.404381463317588,10.915106645867503,NA,5.4080010239477705,0.8772926826695333,1,1,FALSE,postwar,Europe,NA,NA,train,-0.033316477615034,0.6666666666666666,0,10.915106645867503,1,8.956551223174765,0,5.4080010239477705,0,0.8772926826695333,0,0,0,72,0,72,1,0.8181818181818182,1,0.597271311946225,0,0.8208612777973879,0,-0.01515834516791137,0,0.6666666666666666,0,-0.033316477615034
S-212,S-212,Wankdorf Stadium,Bern,Switzerland,WC-1954,1954,1946,1954,65000,Single-purpose,New,in use,rebuilt 2005,NA,https://en.wikipedia.org/wiki/Wankdorf_Stadium,CHE,NA,NA,186.898,0.7799152841510766,-0.06315116407108337,1975,29,0,72,72,Point(7.465 46.962778),7.465,46.962778,7.44830655781065,46.9488223088713,1.2462125748103383,11.082157933374816,NA,5.235899262403219,0.8092454977905614,1,1,FALSE,postwar,Europe,NA,NA,train,0.14306487446455762,0.8888888888888888,0,11.082157933374816,1,8.956551223174765,0,5.235899262403219,0,0.8092454977905614,0,0,0,72,0,72,1,0.8181818181818182,1,0.597271311946225,0,0.7799152841510766,0,-0.06315116407108337,0,0.8888888888888888,0,0.14306487446455762
S-213,S-213,Charmilles Stadium,Geneva,Switzerland,WC-1954,1954,1946,1930,36000,Multi-purpose,Existing,not in use,demolished 2012,replaced by successor stadium,https://en.wikipedia.org/wiki/Charmilles_Stadium,CHE,NA,NA,220.138,0.8194493469819979,-0.01794241012936439,1975,29,24,72,96,Point(6.1182 46.2091),6.1182,46.2091,6.13719133822595,46.2013179602902,1.0565527334692495,10.491301994830229,NA,5.398786941028861,0.7210311506981429,0,0,FALSE,postwar,Europe,NA,NA,train,-0.3684410465662581,0.5555555555555556,0,10.491301994830229,1,8.956551223174765,0,5.398786941028861,0,0.7210311506981429,0,24,0,72,0,96,1,0.8181818181818182,1,0.597271311946225,0,0.8194493469819979,0,-0.01794241012936439,0,0.5555555555555556,0,-0.3684410465662581
S-214,S-214,Stade Olympique de la Pontaise,Lausanne,Switzerland,WC-1954,1954,1946,1954,50000,Multi-purpose,New,in use,NA,NA,https://en.wikipedia.org/wiki/Stade_Olympique_de_la_Pontaise,CHE,NA,NA,163.285,0.7421461348393928,-0.09526651626199222,1975,29,0,72,72,Point(6.625 46.534),6.625,46.534,6.61975027358376,46.5265509547973,0.572626270207793,10.819798284210286,NA,5.101602724466444,0.4527470053879291,1,0,FALSE,postwar,Europe,NA,NA,test,-0.1215071536548298,0.5555555555555556,0,10.819798284210286,1,8.956551223174765,0,5.101602724466444,0,0.4527470053879291,0,0,0,72,0,72,1,0.8181818181818182,1,0.597271311946225,0,0.7421461348393928,0,-0.09526651626199222,0,0.5555555555555556,0,-0.1215071536548298
S-215,S-215,Cornaredo Stadium,Lugano,Switzerland,WC-1954,1954,1946,1951,36000,Multi-purpose,New,in use,NA,NA,https://en.wikipedia.org/wiki/Cornaredo_Stadium,CHE,NA,NA,54.777,0.07571478997529121,-0.24284508042288397,1975,29,3,72,75,Point(8.961667 46.023611),8.961667,46.023611,8.95227996742613,46.0126979459527,0.8792799858894755,10.491301994830229,NA,4.021361598035181,0.630888717254899,1,0,FALSE,postwar,Europe,NA,NA,train,-0.3684410465662581,0.5555555555555556,0,10.491301994830229,1,8.956551223174765,0,4.021361598035181,0,0.630888717254899,0,3,0,72,0,75,1,0.8181818181818182,1,0.597271311946225,0,0.07571478997529121,0,-0.24284508042288397,0,0.5555555555555556,0,-0.3684410465662581
S-216,S-216,Hardturm Stadium,Zürich,Switzerland,WC-1954,1954,1946,1929,35000,Single-purpose,Existing,not in use,demolished 2008,replaced by successor stadium,https://en.wikipedia.org/wiki/Hardturm,CHE,NA,NA,246.287,0.8418637486763149,0.01762208165228449,1975,29,25,72,97,Point(8.504722 47.393056),8.504722,47.393056,8.53503966996854,47.38078336105,1.6542558090267296,10.463131911491969,NA,5.5105496054141385,0.9761643174847292,0,1,FALSE,postwar,Europe,NA,NA,test,-0.3860791817742173,0.3333333333333333,0,10.463131911491969,1,8.956551223174765,0,5.5105496054141385,0,0.9761643174847292,0,25,0,72,0,97,1,0.8181818181818182,1,0.597271311946225,0,0.8418637486763149,0,0.01762208165228449,0,0.3333333333333333,0,-0.3860791817742173
S-217,S-217,Foxboro Stadium,Boston,United States,WC-1999,1999,1996,1971,59000,Multi-purpose,Existing,not in use,demolished 2002,replaced by successor stadium,https://en.wikipedia.org/wiki/Foxboro_Stadium,USA,29967.7127181749,NA,1385.131,0.970734126984127,1.1469212497652477,1996,0,28,27,55,Point(-71.267441666 42.0927),-71.267441666,42.0927,-71.0937500397077,42.3502483991464,19.91307349735588,10.985309671896765,10.307909207041714,7.234271691877954,3.040374489600083,0,0,FALSE,postwar,Americas,0.9494949494949496,1.6591454760410649,train,0.5268726248464662,0.6875,0,10.985309671896765,0,10.307909207041714,0,7.234271691877954,0,3.040374489600083,0,28,0,27,0,55,0,0.9494949494949496,0,1.6591454760410649,0,0.970734126984127,0,1.1469212497652477,0,0.6875,0,0.5268726248464662
S-218,S-218,Home Depot Center,Carson,United States,WC-2003,2003,2003,2003,28000,Multi-purpose,Existing,in use,NA,NA,https://en.wikipedia.org/wiki/Dignity_Health_Sports_Park,USA,39490.3023903176,NA,11324.694,0.9975067996373528,10.307857847006368,2003,0,0,23,23,Point(-118.261111111 33.864444444),-118.261111111,33.864444444,-118.116720299597,33.9842364485583,11.719315139360452,10.239995502805316,10.583835733993064,9.334829228826871,2.5431217152172367,0,0,FALSE,recent,Americas,0.9516908212560388,1.8433523101756075,test,-1.7325634761630757,0,0,10.239995502805316,0,10.583835733993064,0,9.334829228826871,0,2.5431217152172367,0,0,0,23,0,23,0,0.9516908212560388,0,1.8433523101756075,0,0.9975067996373528,0,10.307857847006368,0,0,0,-1.7325634761630757
S-219,S-219,Soldier Field,Chicago,United States,WC-1994,1994,1988,1924,65000,Multi-purpose,Existing,in use,rebuilt 2003,NA,https://en.wikipedia.org/wiki/Soldier_Field,USA,21417.0119305191,NA,3448.685,0.9924321115892566,3.5766818727110374,1988,0,70,32,102,Point(-87.616666666 41.8625),-87.616666666,41.8625,-87.7074504792355,41.8726060313807,4.728310558109484,11.082157933374816,9.971987525993026,8.146038201509084,1.7454206457356731,0,0,FALSE,postwar,Americas,0.9314285714285714,1.7682549232283855,train,0.4580706400284976,0.75,0,11.082157933374816,0,9.971987525993026,0,8.146038201509084,0,1.7454206457356731,0,70,0,32,0,102,0,0.9314285714285714,0,1.7682549232283855,0,0.9924321115892566,0,3.5766818727110374,0,0.75,0,0.4580706400284976
S-219,S-219,Soldier Field,Chicago,United States,WC-1999,1999,1996,1924,65000,Multi-purpose,Existing,in use,rebuilt 2003,NA,https://en.wikipedia.org/wiki/Soldier_Field,USA,29967.7127181749,NA,3641.935,0.992311507936508,3.491457972200765,1996,0,75,27,102,Point(-87.616666666 41.8625),-87.616666666,41.8625,-87.7074504792355,41.8726060313807,4.728310558109484,11.082157933374816,10.307909207041714,8.200544954411834,1.7454206457356731,0,0,FALSE,postwar,Americas,0.9494949494949496,1.6591454760410649,train,1.095184669624677,0.875,0,11.082157933374816,0,10.307909207041714,0,8.200544954411834,0,1.7454206457356731,0,75,0,27,0,102,0,0.9494949494949496,0,1.6591454760410649,0,0.992311507936508,0,3.491457972200765,0,0.875,0,1.095184669624677
S-220,S-220,Columbus Crew Stadium,Columbus,United States,WC-2003,2003,2003,1999,23000,Single-purpose,Existing,in use,NA,NA,https://en.wikipedia.org/wiki/Mapfre_Stadium,USA,39490.3023903176,NA,268.597,0.8153898458748867,-0.03074413195353716,2003,0,4,23,27,Point(-82.991111111 40.009444444),-82.991111111,40.009444444,-82.9691092534267,40.0169421778295,1.2757803650219668,10.043292972227004,10.583835733993064,5.596928251379801,0.8223230111779026,0,1,FALSE,recent,Americas,0.9516908212560388,1.8433523101756075,test,-2.06574876004059,0,0,10.043292972227004,0,10.583835733993064,0,5.596928251379801,0,0.8223230111779026,0,4,0,23,0,27,0,0.9516908212560388,0,1.8433523101756075,0,0.8153898458748867,0,-0.03074413195353716,0,0,0,-2.06574876004059
S-221,S-221,Cotton Bowl,Dallas,United States,WC-1994,1994,1988,1930,64000,Multi-purpose,Existing,in use,NA,NA,https://en.wikipedia.org/wiki/Cotton_Bowl_(stadium),USA,21417.0119305191,NA,321.18,0.8605134292921799,0.05770926129732553,1988,0,64,32,96,Point(-96.759722222 32.779722222),-96.759722222,32.779722222,-96.8098966500864,32.9110343791307,9.539514492800896,11.06665398721974,9.971987525993026,5.775110395569819,2.355131478750647,0,0,FALSE,postwar,Americas,0.9314285714285714,1.7682549232283855,train,0.4144448647876883,0.625,0,11.06665398721974,0,9.971987525993026,0,5.775110395569819,0,2.355131478750647,0,64,0,32,0,96,0,0.9314285714285714,0,1.7682549232283855,0,0.8605134292921799,0,0.05770926129732553,0,0.625,0,0.4144448647876883
S-222,S-222,Giants Stadium,East Rutherford,United States,WC-1994,1994,1988,1976,76000,Multi-purpose,Existing,not in use,demolished 2010,replaced by successor stadium,https://en.wikipedia.org/wiki/Giants_Stadium,USA,21417.0119305191,NA,11967.62,0.998516100311619,13.161926002908649,1988,0,18,32,50,Point(-74.074433 40.813726),-74.074433,40.813726,-73.9326853899908,40.7378578900136,9.092258619997873,11.23850177707664,9.971987525993026,9.39004350368527,2.311768656688859,0,0,FALSE,postwar,Americas,0.9314285714285714,1.7682549232283855,train,0.9379541676774,0.875,0,11.23850177707664,0,9.971987525993026,0,9.39004350368527,0,2.311768656688859,0,18,0,32,0,50,0,0.9314285714285714,0,1.7682549232283855,0,0.998516100311619,0,13.161926002908649,0,0.875,0,0.9379541676774
S-217,S-223,Foxboro Stadium,Foxborough,United States,WC-1994,1994,1988,1971,54000,Multi-purpose,Existing,not in use,demolished 2002,replaced by successor stadium,https://en.wikipedia.org/wiki/Foxboro_Stadium,USA,21417.0119305191,NA,1236.769,0.9672058168867784,1.0879018954615136,1988,0,23,32,55,Point(-71.267441666 42.0927),-71.267441666,42.0927,-71.0937500397077,42.3502483991464,19.91307349735588,10.896757843893464,9.971987525993026,7.121065844557972,3.040374489600083,0,0,FALSE,postwar,Americas,0.9314285714285714,1.7682549232283855,test,-0.02181288762040464,0.375,0,10.896757843893464,0,9.971987525993026,0,7.121065844557972,0,3.040374489600083,0,23,0,32,0,55,0,0.9314285714285714,0,1.7682549232283855,0,0.9672058168867784,0,1.0879018954615136,0,0.375,0,-0.02181288762040464
S-224,S-224,Gillette Stadium,Foxborough,United States,WC-2003,2003,2003,2002,68000,Multi-purpose,Existing,in use,NA,NA,https://en.wikipedia.org/wiki/Gillette_Stadium,USA,39490.3023903176,NA,1490.294,0.9698549410698096,1.1116697797450832,2003,0,1,23,24,Point(-71.264344444 42.090944444),-71.264344444,42.090944444,-71.0937500397077,42.3502483991464,19.95184189200602,11.127277689932466,10.583835733993064,7.307399478425298,3.042226560976385,0,0,FALSE,recent,Americas,0.9516908212560388,1.8433523101756075,train,0.9329187948570408,0.8333333333333334,0,11.127277689932466,0,10.583835733993064,0,7.307399478425298,0,3.042226560976385,0,1,0,23,0,24,0,0.9516908212560388,0,1.8433523101756075,0,0.9698549410698096,0,1.1116697797450832,0,0.8333333333333334,0,0.9329187948570408
S-225,S-225,Rose Bowl,Los Angeles,United States,WC-1999,1999,1996,1922,96000,Multi-purpose,Existing,in use,NA,NA,https://en.wikipedia.org/wiki/Rose_Bowl_(stadium),USA,29967.7127181749,NA,10800.24,0.9977678571428572,10.928040388260724,1996,0,77,27,104,Point(-118.1676 34.1614),-118.1676,34.1614,-118.116720299597,33.9842364485583,12.596535101800862,11.472113887062386,10.307909207041714,9.287416221336407,2.6098149883557187,0,0,FALSE,postwar,Americas,0.9494949494949496,1.6591454760410649,test,4.0314635676454325,1,0,11.472113887062386,0,10.307909207041714,0,9.287416221336407,0,2.6098149883557187,0,77,0,27,0,104,0,0.9494949494949496,0,1.6591454760410649,0,0.9977678571428572,0,10.928040388260724,0,1,0,4.0314635676454325
S-222,S-226,Giants Stadium,New York City,United States,WC-1999,1999,1996,1976,78000,Multi-purpose,Existing,not in use,demolished 2010,replaced by successor stadium,https://en.wikipedia.org/wiki/Giants_Stadium,USA,29967.7127181749,NA,12636.447,0.9982638888888888,12.83562950166763,1996,0,23,27,50,Point(-74.074433 40.813726),-74.074433,40.813726,-73.9326853899908,40.7378578900136,9.092258619997873,11.264476926102368,10.307909207041714,9.444419669452474,2.311768656688859,0,0,FALSE,postwar,Americas,0.9494949494949496,1.6591454760410649,test,2.3265274333108,1,0,11.264476926102368,0,10.307909207041714,0,9.444419669452474,0,2.311768656688859,0,23,0,27,0,50,0,0.9494949494949496,0,1.6591454760410649,0,0.9982638888888888,0,12.83562950166763,0,1,0,2.3265274333108
S-227,S-227,Citrus Bowl,Orlando,United States,WC-1994,1994,1988,1936,62000,Multi-purpose,Existing,in use,NA,NA,https://en.wikipedia.org/wiki/Citrus_Bowl_(stadium),USA,21417.0119305191,NA,58.78,0.13537117903930132,-0.22302082047185476,2000,12,58,32,90,Point(-81.402777777 28.539166666),-81.402777777,28.539166666,-81.343761712021,28.5950969394566,5.274560256099554,11.034905792929417,9.971987525993026,4.090671156855792,1.8365034038529855,0,0,FALSE,postwar,Americas,0.9314285714285714,1.7682549232283855,test,0.32719331430606974,0.5,0,11.034905792929417,0,9.971987525993026,0,4.090671156855792,0,1.8365034038529855,0,58,0,32,0,90,0,0.9314285714285714,0,1.7682549232283855,0,0.13537117903930132,0,-0.22302082047185476,0,0.5,0,0.32719331430606974
S-225,S-228,Rose Bowl,Pasadena,United States,WC-1994,1994,1988,1922,94000,Multi-purpose,Existing,in use,NA,NA,https://en.wikipedia.org/wiki/Rose_Bowl_(stadium),USA,21417.0119305191,NA,9854.198,0.997328980560914,10.783968450687563,1988,0,72,32,104,Point(-118.1676 34.1614),-118.1676,34.1614,-118.116720299597,33.9842364485583,12.596535101800862,11.451060699493429,9.971987525993026,9.195754310709194,2.6098149883557187,0,0,FALSE,postwar,Americas,0.9314285714285714,1.7682549232283855,test,1.7232181220119671,1,0,11.451060699493429,0,9.971987525993026,0,9.195754310709194,0,2.6098149883557187,0,72,0,32,0,104,0,0.9314285714285714,0,1.7682549232283855,0,0.997328980560914,0,10.783968450687563,0,1,0,1.7232181220119671
S-229,S-229,Lincoln Financial Field,Philadelphia,United States,WC-2003,2003,2003,2003,70000,Multi-purpose,Existing,in use,NA,NA,https://en.wikipedia.org/wiki/Lincoln_Financial_Field,USA,39490.3023903176,NA,2065.194,0.9790344514959202,1.6492611447361871,2003,0,0,23,23,Point(-75.16776 39.90089),-75.16776,39.90089,-75.1613453952768,39.9821528990068,5.631312357514365,11.156264806643742,10.583835733993064,7.633463546529607,1.891802726919636,0,0,FALSE,recent,Americas,0.9516908212560388,1.8433523101756075,train,1.0661929084080466,1,0,11.156264806643742,0,10.583835733993064,0,7.633463546529607,0,1.891802726919636,0,0,0,23,0,23,0,0.9516908212560388,0,1.8433523101756075,0,0.9790344514959202,0,1.6492611447361871,0,1,0,1.0661929084080466
S-230,S-230,Pontiac Silverdome,Pontiac,United States,WC-1994,1994,1988,1975,78000,Multi-purpose,Existing,not in use,demolished 2017,abandoned before demolition,https://en.wikipedia.org/wiki/Pontiac_Silverdome,USA,21417.0119305191,NA,950.673,0.9559281792550824,0.7659954594254346,1988,0,19,32,51,Point(-83.255 42.645833333),-83.255,42.645833333,-83.1542930265679,42.4156989883852,16.725813707915734,11.264476926102368,9.971987525993026,6.8582214883911,2.875021978722209,0,0,TRUE,postwar,Americas,0.9314285714285714,1.7682549232283855,train,1.0252057181590184,1,0,11.264476926102368,0,9.971987525993026,0,6.8582214883911,0,2.875021978722209,0,19,0,32,0,51,0,0.9314285714285714,0,1.7682549232283855,0,0.9559281792550824,0,0.7659954594254346,0,1,0,1.0252057181590184
S-231,S-231,Civic Stadium,Portland,United States,WC-1999,1999,1996,1926,27000,Multi-purpose,Existing,in use,NA,NA,"https://en.wikipedia.org/wiki/Civic_Stadium_(Portland,_Oregon)",USA,29967.7127181749,NA,554.56,0.922123015873016,0.28406199832383255,1996,0,73,27,100,Point(-122.691666666 45.521388888),-122.691666666,45.521388888,-122.687628073461,45.5156839998783,0.440490246862264,10.203629181337648,10.307909207041714,6.319976614048018,0.3649835048581325,0,0,FALSE,postwar,Americas,0.9494949494949496,1.6591454760410649,test,-2.5041249473039913,0,0,10.203629181337648,0,10.307909207041714,0,6.319976614048018,0,0.3649835048581325,0,73,0,27,0,100,0,0.9494949494949496,0,1.6591454760410649,0,0.922123015873016,0,0.28406199832383255,0,0,0,-2.5041249473039913
S-231,S-232,PGE Park,Portland,United States,WC-2003,2003,2003,1926,28000,Multi-purpose,Existing,in use,NA,NA,https://en.wikipedia.org/wiki/Providence_Park,USA,39490.3023903176,NA,797.957,0.9429963735267451,0.4642625909055528,2003,0,77,23,100,Point(-122.691666666 45.521388888),-122.691666666,45.521388888,-122.687628073461,45.5156839998783,0.440490246862264,10.239995502805316,10.583835733993064,6.683307127046484,0.3649835048581325,0,0,FALSE,recent,Americas,0.9516908212560388,1.8433523101756075,test,-1.7325634761630757,0,0,10.239995502805316,0,10.583835733993064,0,6.683307127046484,0,0.3649835048581325,0,77,0,23,0,100,0,0.9516908212560388,0,1.8433523101756075,0,0.9429963735267451,0,0.4642625909055528,0,0,0,-1.7325634761630757
S-233,S-233,Stanford Stadium,San Fransisco,United States,WC-1999,1999,1996,1921,85000,Multi-purpose,Existing,in use,rebuilt 2006,NA,https://en.wikipedia.org/wiki/Stanford_Stadium,USA,29967.7127181749,NA,2760.657,0.9877232142857144,2.57592049811151,1996,0,78,27,105,Point(-122.161111111 37.434444444),-122.161111111,37.434444444,-122.625238949058,37.7908132131578,35.41739101418966,11.350418300109132,10.307909207041714,7.923586140884677,3.595046435659606,0,0,FALSE,postwar,Americas,0.9494949494949496,1.6591454760410649,test,2.989558152218713,1,0,11.350418300109132,0,10.307909207041714,0,7.923586140884677,0,3.595046435659606,0,78,0,27,0,105,0,0.9494949494949496,0,1.6591454760410649,0,0.9877232142857144,0,2.57592049811151,0,1,0,2.989558152218713
S-234,S-234,Spartan Stadium,San Jose,United States,WC-1999,1999,1996,1933,26000,Multi-purpose,Existing,in use,NA,NA,https://en.wikipedia.org/wiki/Spartan_Stadium_(San_Jose),USA,29967.7127181749,NA,2760.657,0.9877232142857144,2.57592049811151,1996,0,66,27,93,Point(-121.868333333 37.319722222),-121.868333333,37.319722222,-122.625238949058,37.7908132131578,52.768725680187416,10.165890277802454,10.307909207041714,7.923586140884677,3.9846919910835696,0,0,FALSE,postwar,Americas,0.9494949494949496,1.6591454760410649,test,-2.598843621433693,0,0,10.165890277802454,0,10.307909207041714,0,7.923586140884677,0,3.9846919910835696,0,66,0,27,0,93,0,0.9494949494949496,0,1.6591454760410649,0,0.9877232142857144,0,2.57592049811151,0,0,0,-2.598843621433693
S-233,S-235,Stanford Stadium,Stanford,United States,WC-1994,1994,1988,1921,84000,Multi-purpose,Existing,in use,rebuilt 2006,NA,https://en.wikipedia.org/wiki/Stanford_Stadium,USA,21417.0119305191,NA,2571.313,0.9884255824306276,2.589489833682716,1988,0,73,32,105,Point(-122.161111111 37.434444444),-122.161111111,37.434444444,-122.625238949058,37.7908132131578,35.41739101418966,11.338583982516496,9.971987525993026,7.852560773132102,3.595046435659606,0,0,FALSE,postwar,Americas,0.9314285714285714,1.7682549232283855,test,1.2869603696038745,1,0,11.338583982516496,0,9.971987525993026,0,7.852560773132102,0,3.595046435659606,0,73,0,32,0,105,0,0.9314285714285714,0,1.7682549232283855,0,0.9884255824306276,0,2.589489833682716,0,1,0,1.2869603696038745
S-236,S-236,Jack Kent Cooke Stadium,"Washington, D.C.",United States,WC-1999,1999,1996,1997,80000,Multi-purpose,New,in use,NA,NA,https://en.wikipedia.org/wiki/Jack_Kent_Cooke_Stadium,USA,29967.7127181749,NA,1619.831,0.9750744047619048,1.39074515682834,1996,0,2,27,29,Point(-76.864444444 38.907777777),-76.864444444,38.907777777,-77.0743377301391,38.9071419499321,11.297824424631216,11.289794413577894,10.307909207041714,7.390694259668867,2.5094223706877163,1,0,FALSE,postwar,Americas,0.9494949494949496,1.6591454760410649,test,2.515964781570204,1,0,11.289794413577894,0,10.307909207041714,0,7.390694259668867,0,2.5094223706877163,0,2,0,27,0,29,0,0.9494949494949496,0,1.6591454760410649,0,0.9750744047619048,0,1.39074515682834,0,1,0,2.515964781570204
S-237,S-237,RFK Stadium,"Washington, D.C.",United States,WC-1994,1994,1988,1961,53000,Multi-purpose,Existing,not in use,demolished 2023,abandoned before demolition,https://en.wikipedia.org/wiki/Robert_F._Kennedy_Memorial_Stadium,USA,21417.0119305191,NA,1354.572,0.9701736162635406,1.2204502145025282,1988,0,33,32,65,Point(-76.971944444 38.89),-76.971944444,38.89,-77.0743377301391,38.9071419499321,5.638212673193035,10.87806606028079,9.971987525993026,7.211978784459087,1.8928427515301145,0,0,TRUE,postwar,Americas,0.9314285714285714,1.7682549232283855,train,-0.06543866286121394,0.375,0,10.87806606028079,0,9.971987525993026,0,7.211978784459087,0,1.8928427515301145,0,33,0,32,0,65,0,0.9314285714285714,0,1.7682549232283855,0,0.9701736162635406,0,1.2204502145025282,0,0.375,0,-0.06543866286121394
S-237,S-237,RFK Stadium,"Washington, D.C.",United States,WC-2003,2003,2003,1961,53000,Multi-purpose,Existing,not in use,demolished 2023,abandoned before demolition,https://en.wikipedia.org/wiki/Robert_F._Kennedy_Memorial_Stadium,USA,39490.3023903176,NA,2068.634,0.979374433363554,1.6524779029473011,2003,0,42,23,65,Point(-76.971944444 38.89),-76.971944444,38.89,-77.0743377301391,38.9071419499321,5.638212673193035,10.87806606028079,10.583835733993064,7.635127059032199,1.8928427515301145,0,0,TRUE,recent,Americas,0.9516908212560388,1.8433523101756075,train,-0.06663705677550291,0.5,0,10.87806606028079,0,10.583835733993064,0,7.635127059032199,0,1.8928427515301145,0,42,0,23,0,65,0,0.9516908212560388,0,1.8433523101756075,0,0.979374433363554,0,1.6524779029473011,0,0.5,0,-0.06663705677550291
S-238,S-238,Estadio Centenario,Montevideo,Uruguay,WC-1930,1930,1929,1930,90000,Single-purpose,New,in use,NA,NA,https://en.wikipedia.org/wiki/Estadio_Centenario,URY,NA,NA,1353.187,0.9772326156018356,1.523084468478058,1975,46,0,96,96,Point(-56.152778 -34.894444),-56.152778,-34.894444,-56.1702779466172,-34.8666598115031,2.16324301163531,11.407576060361786,NA,7.210956553241769,1.1515977708491394,1,1,FALSE,pre-WWII,Americas,NA,NA,train,0.7071067811865476,1,0,11.407576060361786,1,8.956551223174765,0,7.210956553241769,0,1.1515977708491394,0,0,0,96,0,96,1,0.8181818181818182,1,0.597271311946225,0,0.9772326156018356,0,1.523084468478058,0,1,0,0.7071067811865476
S-239,S-239,Estadio Gran Parque Central,Montevideo,Uruguay,WC-1930,1930,1929,1900,20000,Single-purpose,Existing,in use,NA,NA,https://en.wikipedia.org/wiki/Estadio_Gran_Parque_Central,URY,NA,NA,1353.187,0.9772326156018356,1.523084468478058,1975,46,30,96,126,Point(-56.159 -34.8845),-56.159,-34.8845,-56.1702779466172,-34.8666598115031,1.3901093042129815,9.90353755128617,NA,7.210956553241769,0.8713390988779797,0,1,FALSE,pre-WWII,Americas,NA,NA,train,-0.7071067811865476,0.5,0,9.90353755128617,1,8.956551223174765,0,7.210956553241769,0,0.8713390988779797,0,30,0,96,0,126,1,0.8181818181818182,1,0.597271311946225,0,0.9772326156018356,0,1.523084468478058,0,0.5,0,-0.7071067811865476
S-240,S-240,Estadio Pocitos,Montevideo,Uruguay,WC-1930,1930,1929,1921,10000,Multi-purpose,Existing,not in use,demolished ~1940,urban redevelopment,https://en.wikipedia.org/wiki/Estadio_Pocitos,URY,NA,NA,1353.187,0.9772326156018356,1.523084468478058,1975,46,9,96,105,Point(-56.1562 -34.905053),-56.1562,-34.905053,-56.1702779466172,-34.8666598115031,2.7732217813125133,9.210440366976515,NA,7.210956553241769,1.3279292204135245,0,0,FALSE,pre-WWII,Americas,NA,NA,test,-0.9091372900969896,0,0,9.210440366976515,1,8.956551223174765,0,7.210956553241769,0,1.3279292204135245,0,9,0,96,0,105,1,0.8181818181818182,1,0.597271311946225,0,0.9772326156018356,0,1.523084468478058,0,0,0,-0.9091372900969896
